hypothesis,variant_id,exit,n_signals,setting,n,days,mean,median,win,ci_lo,ci_hi,mean_no_top3,sol_weighted,via_pool_share
H01,"H01|V=10;N=25;T=60|XT60",XT60,2642,KILL,2615,21,-0.22831356722483842,-0.459464414705736,0.17934990439770554,-0.2693459578388898,-0.183027055073231,-0.236103850418835,-0.2283253384366283,0.0076481835564053535
H01,"H01|V=10;N=25;T=60|XT60",XT60,2642,PRIMARY,2234,21,-0.2380354498941542,-0.3810653786511713,0.15443151298119964,-0.2636519296628627,-0.20898712619497126,-0.2454943244078456,-0.24208710498941557,0.0026857654431512983
H01,"H01|V=10;N=25;T=60|XT60",XT60,2642,NOINS,2234,21,-0.23962700620837002,-0.3827267356338605,0.15353625783348254,-0.2652277821229437,-0.21058873644029782,-0.24708802085684417,-0.24365414521303103,0.0026857654431512983
H01,"H01|V=10;N=25;T=60|XT60",XT60,2642,L10,2130,21,-0.17139663303974234,-0.21169045511445594,0.13380281690140844,-0.18654361622582835,-0.1535520263217632,-0.17852698396233765,-0.18745009774435856,0.0014084507042253522
H01,"H01|V=10;N=25;T=60|XT300",XT300,2642,KILL,2615,21,-0.3278607904843118,-0.4789685985771852,0.07724665391969407,-0.36274858183827097,-0.28744843445480206,-0.3360822421847815,-0.32786857965798266,0.01644359464627151
H01,"H01|V=10;N=25;T=60|XT300",XT300,2642,PRIMARY,2234,21,-0.3261270256405227,-0.44928217212949606,0.06445837063563116,-0.3464964197364006,-0.3038044307833568,-0.3367311174682885,-0.33426821913919225,0.009400179051029543
H01,"H01|V=10;N=25;T=60|XT300",XT300,2642,NOINS,2234,21,-0.32730684716650366,-0.4504245865108513,0.06401074306177261,-0.3476897239484285,-0.30494980165167074,-0.33791252543603884,-0.33540242494459477,0.009400179051029543
H01,"H01|V=10;N=25;T=60|XT300",XT300,2642,L10,2130,21,-0.23652286829173758,-0.3042304314763252,0.0647887323943662,-0.253165451849569,-0.22053572523688683,-0.24932068663407297,-0.2657692521189481,0.004694835680751174
H01,"H01|V=10;N=25;T=60|XT1800",XT1800,2642,KILL,2615,21,-0.38448341538121616,-0.486127744888314,0.030210325047801148,-0.4173578555777969,-0.34637378388350537,-0.3927949934662083,-0.38448515984463477,0.01988527724665392
H01,"H01|V=10;N=25;T=60|XT1800",XT1800,2642,PRIMARY,2234,21,-0.3718970343999097,-0.4679963381740052,0.023724261414503133,-0.39200995800906446,-0.35039497264350083,-0.3825629556288089,-0.3830077007180606,0.012533572068039392
H01,"H01|V=10;N=25;T=60|XT1800",XT1800,2642,NOINS,2234,21,-0.3729723128031667,-0.46895964584818295,0.023724261414503133,-0.39308462450541565,-0.3514417396638794,-0.38363967989590164,-0.3840300395645217,0.012533572068039392
H01,"H01|V=10;N=25;T=60|XT1800",XT1800,2642,L10,2130,21,-0.2815341056492759,-0.3552602615557324,0.019248826291079813,-0.30448177528960263,-0.2614619671925289,-0.29452425495318985,-0.31706166672514463,0.007042253521126761
H01,"H01|V=10;N=25;T=60|XB",XB,2642,KILL,2615,21,-0.13996041134968923,-0.3141982886423561,0.2237093690248566,-0.15715362097052152,-0.120800416995618,-0.14171123077753592,-0.13995556523823516,0.001147227533460803
H01,"H01|V=10;N=25;T=60|XB",XB,2642,PRIMARY,2234,21,-0.19353086210135295,-0.3361328982985328,0.18039391226499552,-0.2157625222415596,-0.1697008373771975,-0.19670010117886685,-0.19777369003860115,0.0004476275738585497
H01,"H01|V=10;N=25;T=60|XB",XB,2642,NOINS,2234,21,-0.19580340085392586,-0.33696362321656514,0.17905102954341987,-0.21862536341603883,-0.1711676188251598,-0.19896723680784115,-0.20011547882228176,0.0004476275738585497
H01,"H01|V=10;N=25;T=60|XB",XB,2642,L10,2130,21,-0.16601939125705556,-0.25189513963678517,0.13286384976525822,-0.17949569153156078,-0.14975194211122045,-0.1695472926069394,-0.18202508432154998,0.0009389671361502347
H01,"H01|V=10;N=25;T=60|XR",XR,2642,KILL,2615,21,-0.1300881362887381,-0.2931450873090891,0.17552581261950287,-0.15469426845895462,-0.10428895542166343,-0.1380321597033162,-0.13008526720661226,0.010707456978967494
H01,"H01|V=10;N=25;T=60|XR",XR,2642,PRIMARY,2234,21,-0.24796939016459482,-0.35803137082561254,0.10429722470904208,-0.2655651261913308,-0.23237892152056094,-0.2580208780095594,-0.25332239533420564,0.006714413607878245
H01,"H01|V=10;N=25;T=60|XR",XR,2642,NOINS,2234,21,-0.24974280551273628,-0.359946123070656,0.10429722470904208,-0.2672662408824119,-0.23414469151641423,-0.25979667801338874,-0.2550245522615386,0.006714413607878245
H01,"H01|V=10;N=25;T=60|XR",XR,2642,L10,2130,21,-0.21348355797976998,-0.2611676069240968,0.07605633802816901,-0.2281521061675091,-0.1988244816659322,-0.22458473690389916,-0.2369860367483872,0.004694835680751174
H01,"H01|V=10;N=25;T=60|XG",XG,2642,KILL,2615,21,-0.2337507519590478,-0.3193303915228098,0.023709369024856597,-0.26631793154530825,-0.19727185510389797,-0.24155391677262877,-0.2337432731857356,0.0007648183556405354
H01,"H01|V=10;N=25;T=60|XG",XG,2642,PRIMARY,2234,21,-0.2947090060127779,-0.35878446237069783,0.026410026857654433,-0.3124336335174236,-0.2772499146811826,-0.30490888691619294,-0.2997757482168354,0.0026857654431512983
H01,"H01|V=10;N=25;T=60|XG",XG,2642,NOINS,2234,21,-0.2952545373649843,-0.3598584267294213,0.02730528200537153,-0.3129660754705513,-0.27761249352454864,-0.3054548000021178,-0.3002303605965107,0.0026857654431512983
H01,"H01|V=10;N=25;T=60|XG",XG,2642,L10,2130,21,-0.24624488094367497,-0.294218957171565,0.027699530516431925,-0.2625208282940326,-0.23152372648237282,-0.2582483565479522,-0.2718912281508198,0.0028169014084507044
H01,"H01|V=10;N=25;T=300|XT60",XT60,2890,KILL,2863,21,-0.2100841791364016,-0.45242338192129744,0.19874257771568285,-0.25117497620666535,-0.16623948937855137,-0.21717981953446183,-0.2100920996562799,0.009081383164512749
H01,"H01|V=10;N=25;T=300|XT60",XT60,2890,PRIMARY,2460,21,-0.2204956213505425,-0.36337568755795224,0.17317073170731706,-0.24580279851001502,-0.19332954243287162,-0.2272469968305649,-0.22345325666113985,0.002845528455284553
H01,"H01|V=10;N=25;T=300|XT60",XT60,2890,NOINS,2460,21,-0.22224337524059265,-0.36469665289553155,0.17235772357723578,-0.24754492571527664,-0.1951122960371907,-0.22899688471875343,-0.22518425805034503,0.002845528455284553
H01,"H01|V=10;N=25;T=300|XT60",XT60,2890,L10,2342,21,-0.1612684158585572,-0.19713554530300503,0.1515798462852263,-0.1776698669155309,-0.14329553713846113,-0.16773950254552472,-0.17416365846767504,0.0012809564474807857
H01,"H01|V=10;N=25;T=300|XT300",XT300,2890,KILL,2863,21,-0.305030318073253,-0.4768542361076563,0.09395738735592037,-0.3424374323600964,-0.2610020817911672,-0.312514912627236,-0.3050386180401405,0.018162766329025498
H01,"H01|V=10;N=25;T=300|XT300",XT300,2890,PRIMARY,2460,21,-0.30288817431415815,-0.4472266350835621,0.08333333333333333,-0.3263206719056173,-0.27622051381451357,-0.31248850492619207,-0.3095274382819265,0.00975609756097561
H01,"H01|V=10;N=25;T=300|XT300",XT300,2890,NOINS,2460,21,-0.3041663923616222,-0.4482384895326602,0.08292682926829269,-0.3276004017447452,-0.27747776119429174,-0.3137682836334656,-0.31076388587058007,0.00975609756097561
H01,"H01|V=10;N=25;T=300|XT300",XT300,2890,L10,2342,21,-0.21963629604374954,-0.2989344533799171,0.08155422715627669,-0.23767442530487937,-0.1996835020831884,-0.23302713273874803,-0.24596099696219956,0.005123825789923143
H01,"H01|V=10;N=25;T=300|XT1800",XT1800,2890,KILL,2863,21,-0.3631691017007774,-0.4838424854484851,0.03981837233670975,-0.3988471891247776,-0.32246486966023336,-0.3707617049762615,-0.3631744017766197,0.023052741879147746
H01,"H01|V=10;N=25;T=300|XT1800",XT1800,2890,PRIMARY,2460,21,-0.3500954986639999,-0.4662103548196191,0.034552845528455285,-0.375031463133772,-0.3244946947521337,-0.35975372644359654,-0.359541415408166,0.014634146341463415
H01,"H01|V=10;N=25;T=300|XT1800",XT1800,2890,NOINS,2460,21,-0.35120853746089875,-0.4674989969214869,0.034552845528455285,-0.37616143974038063,-0.3255919251266944,-0.36086812421623554,-0.36060130054368716,0.014634146341463415
H01,"H01|V=10;N=25;T=300|XT1800",XT1800,2890,L10,2342,21,-0.2682836069248091,-0.36263286342552015,0.02860802732707088,-0.29376147852795853,-0.24318299907220223,-0.28173683863162596,-0.30135029543777087,0.008539709649871904
H01,"H01|V=10;N=25;T=300|XB",XB,2890,KILL,2863,21,-0.13298146746205866,-0.3140645042535197,0.2329724065665386,-0.15253437321491567,-0.11004919668732575,-0.1350070192721366,-0.13297489429883397,0.0024449877750611247
H01,"H01|V=10;N=25;T=300|XB",XB,2890,PRIMARY,2460,21,-0.1818219430687652,-0.3346523729423525,0.191869918699187,-0.20487563448115773,-0.15677212363026843,-0.18490420696791982,-0.18507705463294202,0.0008130081300813008
H01,"H01|V=10;N=25;T=300|XB",XB,2890,NOINS,2460,21,-0.18452852758496854,-0.336081455058015,0.1902439024390244,-0.20819321879626246,-0.15868968233715047,-0.1876062262339512,-0.1878708687697353,0.0008130081300813008
H01,"H01|V=10;N=25;T=300|XB",XB,2890,L10,2342,21,-0.16073782107083,-0.2524297588472929,0.14474807856532879,-0.17512412160543178,-0.14461557770726244,-0.1639391898013326,-0.1745140308799801,0.0008539709649871904
H01,"H01|V=10;N=25;T=300|XR",XR,2890,KILL,2863,21,-0.11751098577834754,-0.2925457041938212,0.1826755151938526,-0.14753548503111966,-0.0812874136899379,-0.12478013964877388,-0.11750868311135952,0.013971358714634998
H01,"H01|V=10;N=25;T=300|XR",XR,2890,PRIMARY,2460,21,-0.23247225960066328,-0.3581843934184904,0.11382113821138211,-0.25192186766743324,-0.21187005119329305,-0.2416758563455127,-0.23662151639133633,0.00853658536585366
H01,"H01|V=10;N=25;T=300|XR",XR,2890,NOINS,2460,21,-0.23426039423644374,-0.36022098838466055,0.11382113821138211,-0.25369208060079196,-0.21370812475719414,-0.24346617426761297,-0.23834129405485818,0.00853658536585366
H01,"H01|V=10;N=25;T=300|XR",XR,2890,L10,2342,21,-0.20026423900854928,-0.26353664431166945,0.08326216908625107,-0.21763277784668866,-0.18241606001690036,-0.21303342757294438,-0.2216328994596103,0.0064047822374039285
H01,"H01|V=10;N=25;T=300|XG",XG,2890,KILL,2863,21,-0.21958729397829257,-0.3196502562061589,0.030736989172196996,-0.25489035593849274,-0.17879174996581976,-0.22669896395001662,-0.21957855494620931,0.0027942717429269995
H01,"H01|V=10;N=25;T=300|XG",XG,2890,PRIMARY,2460,21,-0.28050825635322757,-0.3602277212309094,0.032520325203252036,-0.30113923817219673,-0.2588187640176505,-0.28975259174050483,-0.28477297890064457,0.0040650406504065045
H01,"H01|V=10;N=25;T=300|XG",XG,2890,NOINS,2460,21,-0.2811468362248275,-0.3614278857593162,0.03333333333333333,-0.30187976558961643,-0.2590271883767527,-0.29039163184551336,-0.28532652612834114,0.0040650406504065045
H01,"H01|V=10;N=25;T=300|XG",XG,2890,L10,2342,21,-0.2343591503490608,-0.3009626585089326,0.033731853116994025,-0.25376160384014523,-0.21537137594746933,-0.24717138809725997,-0.25845681803343773,0.004269854824935952
H01,"H01|V=10;N=60;T=60|XT60",XT60,7734,KILL,7634,21,-0.22021260129871145,-0.45263728272536313,0.2064448519779932,-0.2401454921240796,-0.19789653838664992,-0.22294507069216002,-0.22022384985806154,0.007335603877390621
H01,"H01|V=10;N=60;T=60|XT60",XT60,7734,PRIMARY,6546,21,-0.23705031305888472,-0.39353411687358586,0.18270699663916895,-0.2529252732781989,-0.2196014913903845,-0.24037305585280255,-0.24185458352006803,0.0030553009471432934
H01,"H01|V=10;N=60;T=60|XT60",XT60,7734,NOINS,6546,21,-0.23859594314064908,-0.39523794065635687,0.18179040635502597,-0.25446281157627887,-0.2211930843274813,-0.24191939461275094,-0.2433807649458716,0.0030553009471432934
H01,"H01|V=10;N=60;T=60|XT60",XT60,7734,L10,6226,21,-0.19162081272963788,-0.24505665056587883,0.15820751686476067,-0.19893524942870633,-0.18378186067575816,-0.1942030925680023,-0.209091047896034,0.0017667844522968198
H01,"H01|V=10;N=60;T=60|XT300",XT300,7734,KILL,7634,21,-0.35162668495801935,-0.48022498471247393,0.07676185485983757,-0.3673162815258947,-0.33478900392966826,-0.3544554572583666,-0.35163545514174316,0.01676709457689285
H01,"H01|V=10;N=60;T=60|XT300",XT300,7734,PRIMARY,6546,21,-0.355117719119443,-0.467563383864534,0.06446684998472349,-0.3667915469725123,-0.34121225301032904,-0.35902676039626796,-0.3641324775582768,0.008860372746715552
H01,"H01|V=10;N=60;T=60|XT300",XT300,7734,NOINS,6546,21,-0.356170145422955,-0.46855315416233523,0.06416131989000917,-0.36784857621996425,-0.3422531550396872,-0.3600796692307865,-0.3651451953069589,0.008860372746715552
H01,"H01|V=10;N=60;T=60|XT300",XT300,7734,L10,6226,21,-0.27853597079430037,-0.3719821707804527,0.06039190491487311,-0.2892132309183645,-0.2683234445428144,-0.28321438686881306,-0.30802407045383984,0.004497269514937359
H01,"H01|V=10;N=60;T=60|XT1800",XT1800,7734,KILL,7634,21,-0.4086166207204103,-0.4897213770459181,0.03143830233167409,-0.42601054096919483,-0.39016130217003064,-0.4114736133210854,-0.40862235264749436,0.02213780455855384
H01,"H01|V=10;N=60;T=60|XT1800",XT1800,7734,PRIMARY,6546,21,-0.4071675082762247,-0.4821532747715362,0.02184540177207455,-0.41887747786342894,-0.3941898339611138,-0.411392289643642,-0.4182753645658813,0.013290559120073327
H01,"H01|V=10;N=60;T=60|XT1800",XT1800,7734,NOINS,6546,21,-0.4081261995901896,-0.48323005951751496,0.02184540177207455,-0.41985446119860675,-0.3951419924609772,-0.41235142050514084,-0.419190376516482,0.013290559120073327
H01,"H01|V=10;N=60;T=60|XT1800",XT1800,7734,L10,6226,21,-0.32827367054811446,-0.4131905543005859,0.016864760681015098,-0.339697332784056,-0.3168210896389136,-0.3329760643020866,-0.36417990270972883,0.007709604882749759
H01,"H01|V=10;N=60;T=60|XB",XB,7734,KILL,7634,21,-0.1312270604998413,-0.31109296552410326,0.22910662824207492,-0.14595937427857672,-0.11651767560338405,-0.13187577936818956,-0.13122945253025667,0.0006549646319098768
H01,"H01|V=10;N=60;T=60|XB",XB,7734,PRIMARY,6546,21,-0.20176788638650636,-0.34348850210768733,0.18331805682859761,-0.21516428406073504,-0.18717861513920359,-0.20320243007825584,-0.20585239279604192,0.0007638252367858234
H01,"H01|V=10;N=60;T=60|XB",XB,7734,NOINS,6546,21,-0.20369080186947927,-0.34396407888532465,0.18194317140238314,-0.21747863034989584,-0.1886356032055915,-0.20512421307129478,-0.20769209735949007,0.0007638252367858234
H01,"H01|V=10;N=60;T=60|XB",XB,7734,L10,6226,21,-0.19360087625210273,-0.29247393329467125,0.13636363636363635,-0.20134444490841288,-0.1856624096896523,-0.19521319370397922,-0.2120479737607661,0.0008030838419530999
H01,"H01|V=10;N=60;T=60|XR",XR,7734,KILL,7634,21,-0.1388832037230063,-0.28196370329834336,0.17408959916164526,-0.15671890236199845,-0.12152358200133787,-0.14162524492648834,-0.1388854904036194,0.010479434110558029
H01,"H01|V=10;N=60;T=60|XR",XR,7734,PRIMARY,6546,21,-0.2617637885073648,-0.3643521188577889,0.10525511762908646,-0.27440957227223306,-0.24825053749466322,-0.26560782286954965,-0.26797362970091326,0.006263366941643752
H01,"H01|V=10;N=60;T=60|XR",XR,7734,NOINS,6546,21,-0.2638443352209511,-0.3671887562601408,0.10449129239230064,-0.2763785970191375,-0.25047280299347746,-0.2676893235141663,-0.2700559012334493,0.006263366941643752
H01,"H01|V=10;N=60;T=60|XR",XR,7734,L10,6226,21,-0.2442208455217202,-0.3034118642273257,0.07677481529071635,-0.25136833721608376,-0.23756907259958138,-0.24823775343347562,-0.2680282541339588,0.004015419209765499
H01,"H01|V=10;N=60;T=60|XG",XG,7734,KILL,7634,21,-0.24390799946499114,-0.31638287348473376,0.023185747969609642,-0.2609666218722701,-0.22599431341367415,-0.24666218246117133,-0.24390960995436137,0.0037987948650772857
H01,"H01|V=10;N=60;T=60|XG",XG,7734,PRIMARY,6546,21,-0.3207543679657499,-0.3709077402887105,0.020928811487931562,-0.3337196259569937,-0.3073635368336726,-0.3247773108060368,-0.3274163907740498,0.005041246562786435
H01,"H01|V=10;N=60;T=60|XG",XG,7734,NOINS,6546,21,-0.32104158324654075,-0.3713658783137228,0.02123434158264589,-0.33413173115754635,-0.3074472740991139,-0.3250646503948822,-0.3276200291016263,0.0047357164680721054
H01,"H01|V=10;N=60;T=60|XG",XG,7734,L10,6226,21,-0.2830047137045955,-0.3232282214946475,0.022646964343077416,-0.2941174077922766,-0.27307705902965074,-0.28746086284842487,-0.3094484636347009,0.0035335689045936395
H01,"H01|V=10;N=60;T=300|XT60",XT60,8635,KILL,8528,21,-0.2018333669582732,-0.43930246256405153,0.22572701688555347,-0.22127019549091484,-0.18073625113844885,-0.20427281988946105,-0.2018436570170798,0.0075046904315197
H01,"H01|V=10;N=60;T=300|XT60",XT60,8635,PRIMARY,7380,21,-0.21912221349380273,-0.37323476641070763,0.20203252032520325,-0.23413224078671788,-0.20280192308941697,-0.2220981089642225,-0.2227760185568312,0.002981029810298103
H01,"H01|V=10;N=60;T=300|XT60",XT60,8635,NOINS,7380,21,-0.22085200650069894,-0.37458300962921764,0.20094850948509485,-0.23583939809633717,-0.2045527603351203,-0.22382860541973038,-0.2244958588470618,0.002981029810298103
H01,"H01|V=10;N=60;T=300|XT60",XT60,8635,L10,7016,21,-0.17878322203461516,-0.22118826894666144,0.1781641961231471,-0.187064911785192,-0.17029544490280119,-0.1810691217440194,-0.1923290108141369,0.0015678449258836945
H01,"H01|V=10;N=60;T=300|XT300",XT300,8635,KILL,8528,21,-0.3264792170655761,-0.47658099597034975,0.0974437148217636,-0.3438996514808947,-0.30499167132911603,-0.3290024920239656,-0.3264885870785705,0.016885553470919325
H01,"H01|V=10;N=60;T=300|XT300",XT300,8635,PRIMARY,7380,21,-0.3310003276315404,-0.4614934718874991,0.08644986449864499,-0.34480391276473515,-0.31458052749806675,-0.33445762801107165,-0.3385146805858714,0.008807588075880758
H01,"H01|V=10;N=60;T=300|XT300",XT300,8635,NOINS,7380,21,-0.3321620849608583,-0.46258959863615334,0.08604336043360433,-0.3459531494505825,-0.31573823552404817,-0.3356198577808734,-0.3396427220793171,0.008807588075880758
H01,"H01|V=10;N=60;T=300|XT300",XT300,8635,L10,7016,21,-0.261781149764254,-0.36571445902246813,0.08167046750285063,-0.2725874770661695,-0.25185358734295327,-0.2663182190775894,-0.2865250503385313,0.004703534777651083
H01,"H01|V=10;N=60;T=300|XT1800",XT1800,8635,KILL,8528,21,-0.39144082443299294,-0.4861251927764788,0.037875234521575984,-0.410146724204917,-0.37148293478251593,-0.39399796936390963,-0.3914479689741696,0.02345215759849906
H01,"H01|V=10;N=60;T=300|XT1800",XT1800,8635,PRIMARY,7380,21,-0.39127427891517375,-0.47830346467362783,0.02926829268292683,-0.4040222458421475,-0.37745921497727225,-0.3950149681925121,-0.40115370571439934,0.014634146341463415
H01,"H01|V=10;N=60;T=300|XT1800",XT1800,8635,NOINS,7380,21,-0.3922626676735574,-0.47934666156828487,0.02926829268292683,-0.4050142393780567,-0.3784366282319991,-0.39600375888282585,-0.40210029127421104,0.014634146341463415
H01,"H01|V=10;N=60;T=300|XT1800",XT1800,8635,L10,7016,21,-0.31883995726321906,-0.41881984835972397,0.024372862029646523,-0.3312564727891081,-0.3076579445950524,-0.32340143502122976,-0.35080698441214936,0.009407069555302166
H01,"H01|V=10;N=60;T=300|XB",XB,8635,KILL,8528,21,-0.1276356859590439,-0.31085727078254816,0.23381801125703564,-0.1419482107213585,-0.11238948579154677,-0.12834812362315412,-0.1276376902978685,0.0012898686679174483
H01,"H01|V=10;N=60;T=300|XB",XB,8635,PRIMARY,7380,21,-0.19510648574664613,-0.34257556403604683,0.1910569105691057,-0.20852622240774887,-0.18010928072896798,-0.19641051537279564,-0.19887573663198435,0.001084010840108401
H01,"H01|V=10;N=60;T=300|XB",XB,8635,NOINS,7380,21,-0.19731282141558498,-0.34307722400123725,0.18943089430894308,-0.21113012858624786,-0.1819356970823222,-0.19861581431589723,-0.20101340938998238,0.001084010840108401
H01,"H01|V=10;N=60;T=300|XB",XB,8635,L10,7016,21,-0.19070085294495914,-0.29888833741297216,0.14637970353477764,-0.19841359294487315,-0.182756437099528,-0.1921303055947678,-0.20715162266378298,0.0009977194982896237
H01,"H01|V=10;N=60;T=300|XR",XR,8635,KILL,8528,21,-0.12831450773548422,-0.2796244515198249,0.17882270168855535,-0.14649305170868038,-0.10864555290856347,-0.13076527727634127,-0.12831652975187205,0.012195121951219513
H01,"H01|V=10;N=60;T=300|XR",XR,8635,PRIMARY,7380,21,-0.2524767489331525,-0.3662008016348782,0.10894308943089431,-0.2650842128085171,-0.23825472554637894,-0.2558824227454138,-0.25795499086933293,0.007723577235772358
H01,"H01|V=10;N=60;T=300|XR",XR,8635,NOINS,7380,21,-0.2545367692283954,-0.36874530101055764,0.10826558265582656,-0.26704747892653985,-0.2403661398333939,-0.2579432807784214,-0.260015599952221,0.007723577235772358
H01,"H01|V=10;N=60;T=300|XR",XR,8635,L10,7016,21,-0.23589568556073215,-0.3116965881105642,0.08238312428734322,-0.2442364201491431,-0.2285788832008655,-0.240169751779437,-0.25701995156912033,0.005843785632839224
H01,"H01|V=10;N=60;T=300|XG",XG,8635,KILL,8528,21,-0.23511315626270393,-0.316396781254664,0.027790806754221388,-0.2526573023858045,-0.21607524053980748,-0.2375754185400333,-0.2351139366506817,0.004573170731707317
H01,"H01|V=10;N=60;T=300|XG",XG,8635,PRIMARY,7380,21,-0.31169886585603906,-0.37160450550424995,0.025338753387533875,-0.3242341726666843,-0.29788468258444384,-0.31526331597094653,-0.31786589155964745,0.005826558265582656
H01,"H01|V=10;N=60;T=300|XG",XG,8635,NOINS,7380,21,-0.3119830349627732,-0.3717034844453925,0.025474254742547425,-0.3246341823044023,-0.29804409559045103,-0.3155475940934163,-0.31806942401114685,0.005555555555555556
H01,"H01|V=10;N=60;T=300|XG",XG,8635,L10,7016,21,-0.27787691857219127,-0.33013764844855464,0.026510832383124287,-0.2888306976023096,-0.2681758827014536,-0.28242073951041397,-0.3020823658189901,0.004561003420752566
H01,"H01|V=20;N=25;T=60|XT60",XT60,270,KILL,268,20,-0.20128460620575675,-0.6357070643251579,0.23134328358208955,-0.31372770034131675,-0.0666607050587674,-0.24933522131793603,-0.20127407274481787,0.048507462686567165
H01,"H01|V=20;N=25;T=60|XT60",XT60,270,PRIMARY,217,19,-0.22612273091651328,-0.4905662297858134,0.2534562211981567,-0.31983681010737935,-0.1192619533292836,-0.2757147344381038,-0.2258413814992829,0.018433179723502304
H01,"H01|V=20;N=25;T=60|XT60",XT60,270,NOINS,217,19,-0.22696375626558282,-0.49102718978014165,0.2534562211981567,-0.3206171394656799,-0.12018835657461116,-0.2765658538395301,-0.22668854466151703,0.018433179723502304
H01,"H01|V=20;N=25;T=60|XT60",XT60,270,L10,207,20,-0.1314319137877588,-0.16122549464997107,0.1932367149758454,-0.21440445743266326,-0.008776056824637534,-0.17495511341405268,-0.12341358582665177,0.00966183574879227
H01,"H01|V=20;N=25;T=60|XT300",XT300,270,KILL,268,20,-0.29724513520218504,-0.6611009203522213,0.13432835820895522,-0.4270799078217037,-0.1335232599044715,-0.3466089403987902,-0.29723058867630414,0.08208955223880597
H01,"H01|V=20;N=25;T=60|XT300",XT300,270,PRIMARY,217,19,-0.334828016026534,-0.5910868856365882,0.11059907834101383,-0.4289618937471391,-0.22929287230631698,-0.3984673303559061,-0.3454895377039934,0.05069124423963134
H01,"H01|V=20;N=25;T=60|XT300",XT300,270,NOINS,217,19,-0.33528258968764,-0.5919255455471802,0.11059907834101383,-0.4294669596148796,-0.22971042948777182,-0.3989282762367316,-0.34590777511348214,0.05069124423963134
H01,"H01|V=20;N=25;T=60|XT300",XT300,270,L10,207,20,-0.24333092471953702,-0.3770092754206501,0.08695652173913043,-0.30438029209690426,-0.16529983972323292,-0.3001036236557047,-0.2705792664007935,0.028985507246376812
H01,"H01|V=20;N=25;T=60|XT1800",XT1800,270,KILL,268,20,-0.3560066172363859,-0.6639232089695253,0.08208955223880597,-0.49567841908993127,-0.19481517930013686,-0.4060356467579068,-0.35595913125614714,0.09328358208955224
H01,"H01|V=20;N=25;T=60|XT1800",XT1800,270,PRIMARY,217,19,-0.4057579718033378,-0.62910039578038,0.059907834101382486,-0.5001556132343742,-0.30515535529746357,-0.47157119116982255,-0.4130972599561053,0.059907834101382486
H01,"H01|V=20;N=25;T=60|XT1800",XT1800,270,NOINS,217,19,-0.4061536994687432,-0.6291379348366262,0.059907834101382486,-0.5005709020923469,-0.30549931979181827,-0.4719724660033266,-0.41345134220802404,0.059907834101382486
H01,"H01|V=20;N=25;T=60|XT1800",XT1800,270,L10,207,20,-0.32037430042754234,-0.4504004143877319,0.03864734299516908,-0.388028688663494,-0.24679930389770863,-0.37827999018294556,-0.3584991486146093,0.033816425120772944
H01,"H01|V=20;N=25;T=60|XB",XB,270,KILL,268,20,-0.0956928301419028,-0.3140588428436396,0.30597014925373134,-0.15218197400909547,-0.037756042447779276,-0.10582838031842588,-0.0957049583387459,0.011194029850746268
H01,"H01|V=20;N=25;T=60|XB",XB,270,PRIMARY,217,19,-0.17134579290141355,-0.3580127161240359,0.2764976958525346,-0.23335576322165522,-0.0964501077835901,-0.19950864026972126,-0.18096351950164416,0.004608294930875576
H01,"H01|V=20;N=25;T=60|XB",XB,270,NOINS,217,19,-0.17249511113751512,-0.3594108123421889,0.2764976958525346,-0.23439687159630113,-0.09760800652872699,-0.20064910468580877,-0.18201696781626042,0.004608294930875576
H01,"H01|V=20;N=25;T=60|XB",XB,270,L10,207,20,-0.12778746938607605,-0.20213780809383794,0.19806763285024154,-0.18640276908146647,-0.04835769703737317,-0.1530528145133182,-0.13792627054160522,0.00966183574879227
H01,"H01|V=20;N=25;T=60|XR",XR,270,KILL,268,20,-0.09978916623557468,-0.2957237450873091,0.23880597014925373,-0.18746824294731357,0.004952081468724319,-0.14661049323037334,-0.09977514521127545,0.04477611940298507
H01,"H01|V=20;N=25;T=60|XR",XR,270,PRIMARY,217,19,-0.29621999078674427,-0.4369377097345511,0.15207373271889402,-0.37498608269910677,-0.22411116584204566,-0.34183165884227057,-0.3067493295841076,0.027649769585253458
H01,"H01|V=20;N=25;T=60|XR",XR,270,NOINS,217,19,-0.2972256773233608,-0.43824278502289565,0.15207373271889402,-0.37572569537644096,-0.22536568398485377,-0.34285144363305886,-0.30769166146902943,0.027649769585253458
H01,"H01|V=20;N=25;T=60|XR",XR,270,L10,207,20,-0.21747510777092413,-0.25108116751695403,0.10628019323671498,-0.2699150887123001,-0.15609269487322455,-0.2532492978172783,-0.2462392771966852,0.01932367149758454
H01,"H01|V=20;N=25;T=60|XG",XG,270,KILL,268,20,-0.1323106299147276,-0.3237458275395142,0.07462686567164178,-0.25353825812350494,0.021582026202307366,-0.1785228153435474,-0.13233823096479672,0.0037313432835820895
H01,"H01|V=20;N=25;T=60|XG",XG,270,PRIMARY,217,19,-0.2966171531631631,-0.42738974786210143,0.08294930875576037,-0.3856148242038389,-0.20999502350092342,-0.35607278485807253,-0.30485198477919195,0.013824884792626729
H01,"H01|V=20;N=25;T=60|XG",XG,270,NOINS,217,19,-0.29726614844591853,-0.4276235228446132,0.08294930875576037,-0.3865454997459888,-0.21065683786819311,-0.35672930326237184,-0.30539166824343683,0.013824884792626729
H01,"H01|V=20;N=25;T=60|XG",XG,270,L10,207,20,-0.25353328992752616,-0.32437210436545455,0.06280193236714976,-0.32398498108557866,-0.17593683233133903,-0.3056292193647768,-0.2761609779066343,0.014492753623188406
H01,"H01|V=20;N=25;T=300|XT60",XT60,329,KILL,327,20,-0.15822118500865462,-0.5533267797622009,0.27522935779816515,-0.24976486639686646,-0.05084812826761143,-0.19712310704919841,-0.1582222987155778,0.0581039755351682
H01,"H01|V=20;N=25;T=300|XT60",XT60,329,PRIMARY,268,20,-0.19733293154424622,-0.4291028164027221,0.2798507462686567,-0.2648403205104157,-0.11685925935158331,-0.23705489137633523,-0.193823072783035,0.018656716417910446
H01,"H01|V=20;N=25;T=300|XT60",XT60,329,NOINS,268,20,-0.1984947785692384,-0.430186467729437,0.2798507462686567,-0.26596152606587425,-0.11798449843177997,-0.23822852176824094,-0.19502263502179168,0.018656716417910446
H01,"H01|V=20;N=25;T=300|XT60",XT60,329,L10,250,20,-0.1290416396418041,-0.15153586534148503,0.216,-0.19879989691579725,-0.029314895811832185,-0.1649588943030434,-0.11934417515749958,0.008
H01,"H01|V=20;N=25;T=300|XT300",XT300,329,KILL,327,20,-0.2411072390481074,-0.6593485796726531,0.1712538226299694,-0.37006562887713607,-0.08317032862009971,-0.2809621609266201,-0.24111211038161556,0.09174311926605505
H01,"H01|V=20;N=25;T=300|XT300",XT300,329,PRIMARY,268,20,-0.29053766325174313,-0.5897014404841456,0.1455223880597015,-0.3839775446734786,-0.18463443652724526,-0.34142801120706856,-0.2933053455300659,0.048507462686567165
H01,"H01|V=20;N=25;T=300|XT300",XT300,329,NOINS,268,20,-0.29122997812013046,-0.5900053005504295,0.1455223880597015,-0.3847889855261009,-0.18532556442497816,-0.3421281633533499,-0.2939924649494282,0.048507462686567165
H01,"H01|V=20;N=25;T=300|XT300",XT300,329,L10,250,20,-0.2257310833818416,-0.390486976316218,0.12,-0.30136739253272204,-0.12551349965073452,-0.27240651277036454,-0.23688428820390406,0.028
H01,"H01|V=20;N=25;T=300|XT1800",XT1800,329,KILL,327,20,-0.29233943660509193,-0.6628878364260484,0.10703363914373089,-0.43093104730465454,-0.13186752286674164,-0.3326687306832071,-0.2923286072424627,0.11314984709480122
H01,"H01|V=20;N=25;T=300|XT1800",XT1800,329,PRIMARY,268,20,-0.345694660986564,-0.6328604705455154,0.08582089552238806,-0.45262565772304486,-0.23582285136295367,-0.398161978012894,-0.3436147486686464,0.0708955223880597
H01,"H01|V=20;N=25;T=300|XT1800",XT1800,329,NOINS,268,20,-0.34614719423638823,-0.6333657958188957,0.08582089552238806,-0.4530816865267908,-0.2362647716953933,-0.3986196339447043,-0.3440354025609882,0.0708955223880597
H01,"H01|V=20;N=25;T=300|XT1800",XT1800,329,L10,250,20,-0.2872187105639199,-0.48107497961729934,0.064,-0.38093604024550065,-0.18598808917250534,-0.3376368728144435,-0.2988135023522279,0.044
H01,"H01|V=20;N=25;T=300|XB",XB,329,KILL,327,20,-0.0646960887736099,-0.3122375205213671,0.3333333333333333,-0.13438037465820066,0.011053985792854257,-0.08458290716808117,-0.06472041592349528,0.027522935779816515
H01,"H01|V=20;N=25;T=300|XB",XB,329,PRIMARY,268,20,-0.1451100898879976,-0.35031103051330964,0.30223880597014924,-0.2089740015230216,-0.07132716151279103,-0.17095767730280043,-0.14997062606582726,0.007462686567164179
H01,"H01|V=20;N=25;T=300|XB",XB,329,NOINS,268,20,-0.14648264011182388,-0.3520128071587185,0.30223880597014924,-0.21039825178612317,-0.0729586163804447,-0.17230771456006222,-0.15128860568082023,0.007462686567164179
H01,"H01|V=20;N=25;T=300|XB",XB,329,L10,250,20,-0.13836162609261693,-0.22660498594083017,0.216,-0.20266056914975256,-0.06416090214498556,-0.1593569818662085,-0.14584893400755797,0.008
H01,"H01|V=20;N=25;T=300|XR",XR,329,KILL,327,20,-0.04593567854020807,-0.29650443261529275,0.25382262996941896,-0.14435395461820183,0.05578528976726818,-0.08373225628877501,-0.045951048683447855,0.07339449541284404
H01,"H01|V=20;N=25;T=300|XR",XR,329,PRIMARY,268,20,-0.22752091869499896,-0.440871018538757,0.16791044776119404,-0.3041989370902745,-0.15534888148666479,-0.27515773609050187,-0.22795234316273902,0.04477611940298507
H01,"H01|V=20;N=25;T=300|XR",XR,329,NOINS,268,20,-0.22854188735655498,-0.44197858647391347,0.16791044776119404,-0.3050402293071496,-0.15648812105599372,-0.2761902627248052,-0.22891986506477774,0.04477611940298507
H01,"H01|V=20;N=25;T=300|XR",XR,329,L10,250,20,-0.1856056774774575,-0.28075000118678484,0.124,-0.25859415955953324,-0.11247737113250814,-0.23007753020627197,-0.18865848448250758,0.032
H01,"H01|V=20;N=25;T=300|XG",XG,329,KILL,327,20,-0.09306525953213839,-0.32773829162728224,0.09174311926605505,-0.21511649086437365,0.050981327927146436,-0.13049887998735288,-0.09311084115364837,0.021406727828746176
H01,"H01|V=20;N=25;T=300|XG",XG,329,PRIMARY,268,20,-0.24614994895334133,-0.440871018538757,0.09328358208955224,-0.336025867805989,-0.16358748277566215,-0.2941359276964495,-0.24616145135455286,0.022388059701492536
H01,"H01|V=20;N=25;T=300|XG",XG,329,NOINS,268,20,-0.24689905243340027,-0.44197858647391347,0.09328358208955224,-0.33660377626942606,-0.164173855021271,-0.29489258838509486,-0.2468326241293291,0.022388059701492536
H01,"H01|V=20;N=25;T=300|XG",XG,329,L10,250,20,-0.22872564399514891,-0.36196579232587833,0.076,-0.31716965852827395,-0.14194114156069101,-0.27560994205428174,-0.2313554526276523,0.02
H01,"H01|V=20;N=60;T=60|XT60",XT60,1671,KILL,1651,21,-0.19533613378490008,-0.539761972041192,0.24591156874621442,-0.2405835681069319,-0.14459774132283243,-0.20311363051125136,-0.19535832641487444,0.030890369473046637
H01,"H01|V=20;N=60;T=60|XT60",XT60,1671,PRIMARY,1346,21,-0.24408863378350423,-0.49590018461416124,0.21916790490341753,-0.29557253212599904,-0.18679213433031355,-0.25889869182592906,-0.2466086547777856,0.015601783060921248
H01,"H01|V=20;N=60;T=60|XT60",XT60,1671,NOINS,1346,21,-0.24482854863433068,-0.4965017738798253,0.21916790490341753,-0.2962754883783985,-0.1875530286507528,-0.25964025943114716,-0.24734339016455137,0.015601783060921248
H01,"H01|V=20;N=60;T=60|XT60",XT60,1671,L10,1280,21,-0.22105233639915944,-0.33055190181340666,0.184375,-0.2506312078879904,-0.18945760990962865,-0.23117524078280927,-0.2368897523190877,0.0078125
H01,"H01|V=20;N=60;T=60|XT300",XT300,1671,KILL,1651,21,-0.3217741782563932,-0.6589549176657877,0.13567534827377348,-0.3760260503585511,-0.2560272270728687,-0.3297895940375054,-0.32179615188582694,0.06480920654149
H01,"H01|V=20;N=60;T=60|XT300",XT300,1671,PRIMARY,1346,21,-0.36805087854337004,-0.6259661435283472,0.11069836552748885,-0.42200998577280646,-0.3013549271643883,-0.3835302926897521,-0.37654600084129725,0.036404160475482915
H01,"H01|V=20;N=60;T=60|XT300",XT300,1671,NOINS,1346,21,-0.36841955320906816,-0.6263644994554622,0.11069836552748885,-0.42240449309275163,-0.3017137935515935,-0.3838997908198788,-0.37688993868368864,0.036404160475482915
H01,"H01|V=20;N=60;T=60|XT300",XT300,1671,L10,1280,21,-0.31905147734859873,-0.5193621972665847,0.09375,-0.35608658621826245,-0.26953167887257384,-0.3312758477660917,-0.34998105149606984,0.01953125
H01,"H01|V=20;N=60;T=60|XT1800",XT1800,1671,KILL,1651,21,-0.3917080397787287,-0.6640186060395005,0.08298001211387038,-0.447438857602633,-0.3238352967311027,-0.3998507623465928,-0.39172598017057564,0.08055723803755299
H01,"H01|V=20;N=60;T=60|XT1800",XT1800,1671,PRIMARY,1346,21,-0.4515239935606524,-0.6488763955232801,0.0549777117384844,-0.5022812382726896,-0.38391278597856215,-0.467795344384048,-0.46212534455659016,0.04903417533432392
H01,"H01|V=20;N=60;T=60|XT1800",XT1800,1671,NOINS,1346,21,-0.4518293081815705,-0.649273939891133,0.0549777117384844,-0.5025694705139184,-0.38419697490854404,-0.46810134090490996,-0.4624032138223442,0.04903417533432392
H01,"H01|V=20;N=60;T=60|XT1800",XT1800,1671,L10,1280,21,-0.39362861993798004,-0.5744293054264717,0.0375,-0.42384692188917755,-0.3598150835363001,-0.4080278081073839,-0.4315507926716679,0.0296875
H01,"H01|V=20;N=60;T=60|XB",XB,1671,KILL,1651,21,-0.08046248601331399,-0.30976689716929506,0.30163537250151423,-0.11520799014319619,-0.043374400326898564,-0.08241743402341441,-0.08048046038722745,0.0030284675953967293
H01,"H01|V=20;N=60;T=60|XB",XB,1671,PRIMARY,1346,21,-0.1817019729014473,-0.34867605675243046,0.24591381872213966,-0.21722623431090882,-0.1462049207731873,-0.18838009606590556,-0.18371962489621343,0.003714710252600297
H01,"H01|V=20;N=60;T=60|XB",XB,1671,NOINS,1346,21,-0.1833130440736943,-0.34955014234834425,0.24442793462109955,-0.21893783475524117,-0.1475738565136207,-0.18999231794748328,-0.18534954672365175,0.003714710252600297
H01,"H01|V=20;N=60;T=60|XB",XB,1671,L10,1280,21,-0.18439844654717735,-0.3089054233472771,0.19609375,-0.21159128838892308,-0.15635459939738186,-0.19185840934835985,-0.20045973171813106,0.00390625
H01,"H01|V=20;N=60;T=60|XR",XR,1671,KILL,1651,21,-0.06675940514926626,-0.269311447191682,0.22895215021199272,-0.10192956660662725,-0.02407503386536044,-0.07430284229679043,-0.06677400729440895,0.03876438522107813
H01,"H01|V=20;N=60;T=60|XR",XR,1671,PRIMARY,1346,21,-0.24316563215768108,-0.38203338318877905,0.14413075780089152,-0.2834704159167745,-0.19522118368577912,-0.25770042742276267,-0.25028528389067645,0.0237741456166419
H01,"H01|V=20;N=60;T=60|XR",XR,1671,NOINS,1346,21,-0.24488035479116121,-0.3842449959096078,0.14413075780089152,-0.2850410861475386,-0.1971375369001903,-0.25941898034961386,-0.25204820186885135,0.0237741456166419
H01,"H01|V=20;N=60;T=60|XR",XR,1671,L10,1280,21,-0.2546732801906746,-0.3434184050046064,0.12265625,-0.2878362244430638,-0.21721193195358152,-0.2656578768861121,-0.27869992341491906,0.01484375
H01,"H01|V=20;N=60;T=60|XG",XG,1671,KILL,1651,21,-0.13642439416362567,-0.31724673399333364,0.07026044821320412,-0.18312832068937765,-0.0837177108817798,-0.14397896729024842,-0.13643816022003064,0.015142337976983646
H01,"H01|V=20;N=60;T=60|XG",XG,1671,PRIMARY,1346,21,-0.291171136462144,-0.4074629339498206,0.05794947994056464,-0.341372402595802,-0.23263902508494705,-0.30629689007756905,-0.29762124299547543,0.022288261515601784
H01,"H01|V=20;N=60;T=60|XG",XG,1671,NOINS,1346,21,-0.29151710284399474,-0.40820760295998937,0.05794947994056464,-0.34215786052742986,-0.2324309515969861,-0.30664362909528714,-0.29793222449320356,0.020802377414561663
H01,"H01|V=20;N=60;T=60|XG",XG,1671,L10,1280,21,-0.3076380854644353,-0.37200166960688735,0.04921875,-0.34362479892998915,-0.2732949339687847,-0.3187471100501003,-0.3300207616904899,0.0140625
H01,"H01|V=20;N=60;T=300|XT60",XT60,1894,KILL,1870,21,-0.17064217988121297,-0.4887230287050396,0.2748663101604278,-0.21199943765426696,-0.12451683008851983,-0.17746769286638472,-0.17066516976559604,0.03155080213903743
H01,"H01|V=20;N=60;T=300|XT60",XT60,1894,PRIMARY,1544,21,-0.217536876710279,-0.45793313684095915,0.24740932642487046,-0.2650746268993379,-0.16438754146135334,-0.23039232945509158,-0.21785954587796863,0.014896373056994818
H01,"H01|V=20;N=60;T=300|XT60",XT60,1894,NOINS,1544,21,-0.21848733300608264,-0.45863473734943794,0.24676165803108807,-0.26597224047700246,-0.16543498863057493,-0.23134463602570582,-0.21881967669461136,0.014896373056994818
H01,"H01|V=20;N=60;T=300|XT60",XT60,1894,L10,1458,21,-0.20637024707489265,-0.29516517162718453,0.20987654320987653,-0.23266709270135938,-0.17978139480194832,-0.21522447568654066,-0.21647624364512155,0.006858710562414266
H01,"H01|V=20;N=60;T=300|XT300",XT300,1894,KILL,1870,21,-0.29715011829683696,-0.6581044873389383,0.1572192513368984,-0.34895695641029856,-0.23516825824040563,-0.3041857546264533,-0.2971736111841789,0.06524064171122995
H01,"H01|V=20;N=60;T=300|XT300",XT300,1894,PRIMARY,1544,21,-0.34469556623848585,-0.6235489378514192,0.13406735751295337,-0.3936356276772016,-0.2837300929468016,-0.3581405936633247,-0.35016848349219304,0.03626943005181347
H01,"H01|V=20;N=60;T=300|XT300",XT300,1894,NOINS,1544,21,-0.34515934938624615,-0.6239130253484706,0.13406735751295337,-0.39408212032569057,-0.2841869524234472,-0.3586052796262522,-0.35061638543177603,0.03626943005181347
H01,"H01|V=20;N=60;T=300|XT300",XT300,1894,L10,1458,21,-0.30856552364936923,-0.5199259141163166,0.11659807956104253,-0.3425637474936166,-0.26401729945893204,-0.3192727835545518,-0.33275578363046543,0.019204389574759947
H01,"H01|V=20;N=60;T=300|XT1800",XT1800,1894,KILL,1870,21,-0.36116214931429913,-0.6635496094721656,0.09679144385026738,-0.4140641374931234,-0.29895581717687847,-0.3683006437548168,-0.36118460089662674,0.08663101604278074
H01,"H01|V=20;N=60;T=300|XT1800",XT1800,1894,PRIMARY,1544,21,-0.4161895715749985,-0.6505501700769273,0.07189119170984457,-0.46485807321512795,-0.35224575879202186,-0.43030146053662316,-0.42306370978187846,0.056347150259067356
H01,"H01|V=20;N=60;T=300|XT1800",XT1800,1894,NOINS,1544,21,-0.4165168690974118,-0.651109193035659,0.07189119170984457,-0.46519391874324956,-0.35257955497976784,-0.430629395139069,-0.4233666435916691,0.056347150259067356
H01,"H01|V=20;N=60;T=300|XT1800",XT1800,1894,L10,1458,21,-0.37036698951546093,-0.5830685373976161,0.05486968449931413,-0.40193175003989284,-0.33900563516122484,-0.3829566653924789,-0.39703299850694646,0.037037037037037035
H01,"H01|V=20;N=60;T=300|XB",XB,1894,KILL,1870,21,-0.07246252615407171,-0.3094829411472066,0.31336898395721924,-0.10814388146387371,-0.03250086731633299,-0.07592617289855515,-0.07248016252563218,0.006951871657754011
H01,"H01|V=20;N=60;T=300|XB",XB,1894,PRIMARY,1544,21,-0.17252628718100377,-0.34874041611407774,0.2616580310880829,-0.20606589318110316,-0.1361807150900419,-0.17882370657570149,-0.17394923894732825,0.0051813471502590676
H01,"H01|V=20;N=60;T=300|XB",XB,1894,NOINS,1544,21,-0.1740932040382948,-0.3497123834480159,0.2603626943005181,-0.2077040643924452,-0.1374001389423695,-0.1803881016338125,-0.17552736989800657,0.0051813471502590676
H01,"H01|V=20;N=60;T=300|XB",XB,1894,L10,1458,21,-0.18239167753732524,-0.3125075415623698,0.21262002743484226,-0.20764165414240798,-0.15618784158897117,-0.19003821346371327,-0.19522339934901403,0.0054869684499314125
H01,"H01|V=20;N=60;T=300|XR",XR,1894,KILL,1870,21,-0.04696437195908836,-0.26552646137008107,0.2374331550802139,-0.08677204769266728,0.000882546065928095,-0.053592307167013124,-0.0469816478499241,0.047058823529411764
H01,"H01|V=20;N=60;T=300|XR",XR,1894,PRIMARY,1544,21,-0.2264109857361782,-0.3887461281580044,0.15220207253886012,-0.2632064205804045,-0.18309749377822396,-0.23904561656144735,-0.23156341607209105,0.03173575129533679
H01,"H01|V=20;N=60;T=300|XR",XR,1894,NOINS,1544,21,-0.22801590603436486,-0.3904004282831899,0.15220207253886012,-0.2646946877532593,-0.18489191120005763,-0.24065366124444335,-0.23320184636513516,0.03173575129533679
H01,"H01|V=20;N=60;T=300|XR",XR,1894,L10,1458,21,-0.24603234188532996,-0.3577628046309081,0.12825788751714678,-0.2767765000732253,-0.2140303172726442,-0.25565530213629756,-0.2639778443139921,0.02194787379972565
H01,"H01|V=20;N=60;T=300|XG",XG,1894,KILL,1870,21,-0.11866738626096701,-0.3178083189956717,0.08074866310160428,-0.16658209887255723,-0.06576772112221854,-0.12534942039762156,-0.11868452668041447,0.01818181818181818
H01,"H01|V=20;N=60;T=300|XG",XG,1894,PRIMARY,1544,21,-0.2688647117506772,-0.4120417149901793,0.06994818652849741,-0.3152297132046879,-0.21489735784483582,-0.28200356173859575,-0.27307960987128804,0.025259067357512953
H01,"H01|V=20;N=60;T=300|XG",XG,1894,NOINS,1544,21,-0.269276613959691,-0.4131293766265357,0.06994818652849741,-0.3160251551259617,-0.2151206620443519,-0.2824162656721069,-0.273463927748181,0.023963730569948185
H01,"H01|V=20;N=60;T=300|XG",XG,1894,L10,1458,21,-0.29421276091062964,-0.3861939262485592,0.06172839506172839,-0.3270612361111533,-0.2648745342976696,-0.3039442671519988,-0.309745520729132,0.017146776406035666
H01,"H01|V=35;N=25;T=60|XT60",XT60,32,KILL,32,13,-0.04923187473407419,-0.34855926570817375,0.34375,-0.34252038130839796,0.16728547377156028,-0.2517132879800937,-0.04935112661936476,0.25
H01,"H01|V=35;N=25;T=60|XT60",XT60,32,PRIMARY,25,12,0.09061759064515593,-0.08866569263633706,0.44,-0.23678114983752746,0.33120520749464266,-0.20133870777378726,0.13924563661669817,0.16
H01,"H01|V=35;N=25;T=60|XT60",XT60,32,NOINS,25,12,0.08988358488791237,-0.08990069146594892,0.44,-0.23701752720295427,0.3303349116486298,-0.20217280479939764,0.1384339725104794,0.16
H01,"H01|V=35;N=25;T=60|XT60",XT60,32,L10,23,12,-0.03325531948659143,-0.20147335832418156,0.30434782608695654,-0.2690925731322616,0.3069486269588923,-0.26635700999101336,0.01244066336048591,0.08695652173913043
H01,"H01|V=35;N=25;T=60|XT300",XT300,32,KILL,32,13,-0.026380168920753608,-0.7866047211581513,0.28125,-0.3687802282072545,0.213489714204059,-0.22649761259987797,-0.026505150415381148,0.34375
H01,"H01|V=35;N=25;T=60|XT300",XT300,32,PRIMARY,25,12,0.06555027942923261,-0.4684621770947011,0.36,-0.332022685477175,0.351734355452548,-0.22982428870097263,0.10616803903662465,0.28
H01,"H01|V=35;N=25;T=60|XT300",XT300,32,NOINS,25,12,0.06536397014369903,-0.46889344830378127,0.36,-0.33220383957566857,0.3515162314480538,-0.23003600337236715,0.10604369901572602,0.28
H01,"H01|V=35;N=25;T=60|XT300",XT300,32,L10,23,12,-0.025435519210017285,-0.27567483660787034,0.2608695652173913,-0.302063154243436,0.32673923961176127,-0.3024199621824874,0.017910930368816882,0.17391304347826086
H01,"H01|V=35;N=25;T=60|XT1800",XT1800,32,KILL,32,13,-0.034641247473368234,-0.800678605955763,0.28125,-0.4313498371644924,0.2230107967080403,-0.23734349413871944,-0.03476454782128897,0.375
H01,"H01|V=35;N=25;T=60|XT1800",XT1800,32,PRIMARY,25,12,0.034902737805896186,-0.6454952197863467,0.28,-0.4203664334334264,0.3303882530858622,-0.2827152620829526,0.11347314560750442,0.32
H01,"H01|V=35;N=25;T=60|XT1800",XT1800,32,NOINS,25,12,0.03473136513476481,-0.6455110482199431,0.28,-0.42053691174119007,0.3300893298330693,-0.28291000330062416,0.11336594096909182,0.32
H01,"H01|V=35;N=25;T=60|XT1800",XT1800,32,L10,23,12,-0.08307928146906804,-0.5050145618215515,0.21739130434782608,-0.4069709698079206,0.24979161513165515,-0.36958706136595487,0.005047062308211397,0.21739130434782608
H01,"H01|V=35;N=25;T=60|XB",XB,32,KILL,32,13,-0.01027667303327739,-0.16468219032541875,0.40625,-0.21460239452269456,0.17970692558999235,-0.0743804548213266,-0.010358972310513923,0.09375
H01,"H01|V=35;N=25;T=60|XB",XB,32,PRIMARY,25,12,0.07083602176547758,-0.08866569263633706,0.44,-0.15726003446237727,0.24863665203865393,-0.11067293070647478,0.09494731892241355,0.04
H01,"H01|V=35;N=25;T=60|XB",XB,32,NOINS,25,12,0.06965260098151875,-0.08990069146594892,0.44,-0.15816522097990868,0.24721622367991786,-0.1118026357089561,0.09370099776616614,0.04
H01,"H01|V=35;N=25;T=60|XB",XB,32,L10,23,12,-0.02411928017950011,-0.2294715384576311,0.30434782608695654,-0.2810799577843374,0.33169822229687057,-0.2712666587629811,-0.009751232761307828,0.13043478260869565
H01,"H01|V=35;N=25;T=60|XR",XR,32,KILL,32,13,0.01869851849948213,-0.16490983035669865,0.21875,-0.2168864531649036,0.21178614339329027,-0.16534159588653347,0.018609328784475857,0.25
H01,"H01|V=35;N=25;T=60|XR",XR,32,PRIMARY,25,12,-0.05652317251916939,-0.37213944999210474,0.32,-0.4283486094819307,0.18526925711313116,-0.3455076721673822,-0.053102811495867035,0.2
H01,"H01|V=35;N=25;T=60|XR",XR,32,NOINS,25,12,-0.056912510672797796,-0.37297338627769566,0.32,-0.42862012662484905,0.18477109554021653,-0.34595010148897715,-0.05342720460722735,0.2
H01,"H01|V=35;N=25;T=60|XR",XR,32,L10,23,12,-0.001734827009330065,-0.21247626258002814,0.30434782608695654,-0.2637299448939602,0.32017440777968503,-0.27516416615169714,0.031032777662495355,0.17391304347826086
H01,"H01|V=35;N=25;T=60|XG",XG,32,KILL,32,13,0.023188888523603624,-0.32434467721699345,0.21875,-0.30436048499992624,0.26695942838312636,-0.15463828743669542,0.02309785058712901,0.03125
H01,"H01|V=35;N=25;T=60|XG",XG,32,PRIMARY,25,12,0.02921565508092688,-0.37213944999210474,0.28,-0.4478933777723257,0.3190826019116597,-0.27946065824726374,0.07759438242024673,0.08
H01,"H01|V=35;N=25;T=60|XG",XG,32,NOINS,25,12,0.028571988607117838,-0.37297338627769566,0.28,-0.4482706394053895,0.3181847469446993,-0.28018830095379293,0.07693994848264586,0.08
H01,"H01|V=35;N=25;T=60|XG",XG,32,L10,23,12,-0.024099135237573965,-0.2679586748918742,0.2608695652173913,-0.30969176403873405,0.3013803660581373,-0.29607207668278124,0.05098550970181929,0.13043478260869565
H01,"H01|V=35;N=25;T=300|XT60",XT60,47,KILL,47,15,-0.0036352365529601968,-0.03192740659668673,0.3404255319148936,-0.2875253409055789,0.198291999241765,-0.1353271961002614,-0.003707959883634178,0.2978723404255319
H01,"H01|V=35;N=25;T=300|XT60",XT60,47,PRIMARY,33,13,0.02379874006330198,-0.08866569263633706,0.3939393939393939,-0.2418372209334733,0.23691293303372854,-0.19698443050210834,0.054928150896467666,0.15151515151515152
H01,"H01|V=35;N=25;T=300|XT60",XT60,47,NOINS,33,13,0.022879751717229176,-0.08990069146594892,0.3939393939393939,-0.24284443570835848,0.23597732524868129,-0.19799531737053322,0.0539079679364583,0.15151515151515152
H01,"H01|V=35;N=25;T=300|XT60",XT60,47,L10,31,13,-0.08829912183147981,-0.20147335832418156,0.2903225806451613,-0.2855935984281838,0.1672698376427192,-0.2606978795858763,-0.07190534706865931,0.06451612903225806
H01,"H01|V=35;N=25;T=300|XT300",XT300,47,KILL,47,15,0.03582724758373954,-0.7326026864335108,0.2978723404255319,-0.2877497164442929,0.26894201262202233,-0.09317408804515007,0.035806589548029476,0.3829787234042553
H01,"H01|V=35;N=25;T=300|XT300",XT300,47,PRIMARY,33,13,-0.008261530970022976,-0.4684621770947011,0.3333333333333333,-0.33005660772762696,0.23484950950018899,-0.23225072863876578,0.0155103544878383,0.24242424242424243
H01,"H01|V=35;N=25;T=300|XT300",XT300,47,NOINS,33,13,-0.008616518370207773,-0.46889344830378127,0.3333333333333333,-0.3303120442314204,0.23434704663046513,-0.2326412144667137,0.015178078864653183,0.24242424242424243
H01,"H01|V=35;N=25;T=300|XT300",XT300,47,L10,31,13,-0.08802677371744917,-0.27567483660787034,0.25806451612903225,-0.30046713010526493,0.17243824999776505,-0.29257901025215266,-0.07292075896564214,0.12903225806451613
H01,"H01|V=35;N=25;T=300|XT1800",XT1800,47,KILL,47,15,0.010815472368233646,-0.8002614596288742,0.2765957446808511,-0.3199938976176519,0.23087098369959155,-0.12017936684123401,0.010819446087680738,0.425531914893617
H01,"H01|V=35;N=25;T=300|XT1800",XT1800,47,PRIMARY,33,13,-0.05399071428418796,-0.657414051880317,0.24242424242424243,-0.4565522035507189,0.2332430598868422,-0.29579992607835215,-0.011658856402856872,0.30303030303030304
H01,"H01|V=35;N=25;T=300|XT1800",XT1800,47,NOINS,33,13,-0.05416645614732925,-0.6574142682714924,0.24242424242424243,-0.4567388098737488,0.23312632865012922,-0.29599324179482395,-0.011772237028095685,0.30303030303030304
H01,"H01|V=35;N=25;T=300|XT1800",XT1800,47,L10,31,13,-0.15281566619741446,-0.5098818173989426,0.1935483870967742,-0.42772772904131245,0.12559412623224317,-0.3649358359160852,-0.11671805699373344,0.1935483870967742
H01,"H01|V=35;N=25;T=300|XB",XB,47,KILL,47,15,0.04761662622574678,-0.014465330083080444,0.40425531914893614,-0.13648064489843645,0.1985618615337066,-0.05070143482583914,0.047577221252742205,0.19148936170212766
H01,"H01|V=35;N=25;T=300|XB",XB,47,PRIMARY,33,13,-0.001785057010959579,-0.28650314312200226,0.3939393939393939,-0.20773209254123534,0.16210366553197894,-0.14215373003470158,0.010230969198167546,0.06060606060606061
H01,"H01|V=35;N=25;T=300|XB",XB,47,NOINS,33,13,-0.002987670772949147,-0.28722909000957997,0.3939393939393939,-0.20833729919621508,0.1605919600983664,-0.14331887152141085,0.008959210407315017,0.06060606060606061
H01,"H01|V=35;N=25;T=300|XB",XB,47,L10,31,13,-0.06914293620091035,-0.2294715384576311,0.2903225806451613,-0.2898324715419244,0.1836664117797131,-0.250500741191405,-0.06940973774400391,0.0967741935483871
H01,"H01|V=35;N=25;T=300|XR",XR,47,KILL,47,15,0.07109615020711382,-0.06594929605492264,0.23404255319148937,-0.20115756439746257,0.26762911267801986,-0.05444406562798767,0.0711189714598958,0.3404255319148936
H01,"H01|V=35;N=25;T=300|XR",XR,47,PRIMARY,33,13,-0.1178274977862494,-0.38411725619971365,0.2727272727272727,-0.4548905331451421,0.11013033006215125,-0.34603653105515336,-0.12704462884975828,0.21212121212121213
H01,"H01|V=35;N=25;T=300|XR",XR,47,NOINS,33,13,-0.11817855408896427,-0.38480820957934947,0.2727272727272727,-0.4551632291801812,0.10973972477479697,-0.3464226929881395,-0.1273290503708233,0.21212121212121213
H01,"H01|V=35;N=25;T=300|XR",XR,47,L10,31,13,-0.08735952591358559,-0.2585358232165773,0.25806451612903225,-0.3251607617095388,0.1649647905491279,-0.2918402716121608,-0.0915270050355469,0.16129032258064516
H01,"H01|V=35;N=25;T=300|XG",XG,47,KILL,47,15,0.06009731942303032,-0.32326052004763794,0.23404255319148937,-0.2457686334709631,0.27229850548227746,-0.06288956154041457,0.06011311359001684,0.1276595744680851
H01,"H01|V=35;N=25;T=300|XG",XG,47,PRIMARY,33,13,-0.04051269391542325,-0.37213944999210474,0.24242424242424243,-0.4564803678409737,0.23066868687797246,-0.27384815858906475,-0.014138790930338738,0.09090909090909091
H01,"H01|V=35;N=25;T=300|XG",XG,47,NOINS,33,13,-0.041233894581156824,-0.37297338627769566,0.24242424242424243,-0.45698976438919736,0.2297454744968935,-0.2746386952446522,-0.014884550397568183,0.09090909090909091
H01,"H01|V=35;N=25;T=300|XG",XG,47,L10,31,13,-0.088425819002184,-0.2774809861656172,0.22580645161290322,-0.3350026277651848,0.16652012597319396,-0.28958435043782593,-0.053101812663699524,0.0967741935483871
H01,"H01|V=35;N=60;T=60|XT60",XT60,241,KILL,239,20,0.01861700597310041,-0.2200569026416596,0.4393305439330544,-0.05671863456929455,0.10458114346888622,-0.00633237661280803,0.018599212371466146,0.1506276150627615
H01,"H01|V=35;N=60;T=60|XT60",XT60,241,PRIMARY,169,20,-0.03086084169899802,-0.2968233773605388,0.3905325443786982,-0.13234674837479218,0.08157879594278628,-0.08294016429186266,-0.010691592989664449,0.1242603550295858
H01,"H01|V=35;N=60;T=60|XT60",XT60,241,NOINS,169,20,-0.0313841522501584,-0.2974064954422724,0.3905325443786982,-0.13275650020085852,0.08090218749084946,-0.08346269432475166,-0.011229850504307097,0.1242603550295858
H01,"H01|V=35;N=60;T=60|XT60",XT60,241,L10,142,20,-0.16414353586610045,-0.29684714879942864,0.2323943661971831,-0.26722951364608827,-0.008572583975800472,-0.23192877554516728,-0.15473620732891358,0.056338028169014086
H01,"H01|V=35;N=60;T=60|XT300",XT300,241,KILL,239,20,-0.04993665639872124,-0.7932715287796627,0.3263598326359833,-0.1495243089847079,0.07100983578523681,-0.07590430966304454,-0.0499919167660238,0.2719665271966527
H01,"H01|V=35;N=60;T=60|XT300",XT300,241,PRIMARY,169,20,-0.08940331227983732,-0.724350187168965,0.3076923076923077,-0.20282408481841335,0.05639004155680381,-0.15141131334427438,-0.07599202720414315,0.22485207100591717
H01,"H01|V=35;N=60;T=60|XT300",XT300,241,NOINS,169,20,-0.08955224778619793,-0.7247161744898127,0.3076923076923077,-0.20298956540743543,0.056216249511197774,-0.15156294035157122,-0.07612023965686068,0.22485207100591717
H01,"H01|V=35;N=60;T=60|XT300",XT300,241,L10,142,20,-0.196067419622298,-0.52697140508346,0.19014084507042253,-0.34811458526106726,0.023145090479393615,-0.27052138519368957,-0.19124983385286212,0.1056338028169014
H01,"H01|V=35;N=60;T=60|XT1800",XT1800,241,KILL,239,20,-0.11298741074166808,-0.8004534102780956,0.28451882845188287,-0.21852378632487146,0.012457362014726992,-0.13989159145743388,-0.11306225020847828,0.29707112970711297
H01,"H01|V=35;N=60;T=60|XT1800",XT1800,241,PRIMARY,169,20,-0.15834391814435775,-0.771734698328813,0.2485207100591716,-0.29157365460882645,-0.008043604892292899,-0.22159783377261133,-0.1397425559945585,0.25443786982248523
H01,"H01|V=35;N=60;T=60|XT1800",XT1800,241,NOINS,169,20,-0.15843791766854357,-0.7718841626320667,0.2485207100591716,-0.2916836831639046,-0.008140975711836113,-0.2216935319787783,-0.139811595282869,0.25443786982248523
H01,"H01|V=35;N=60;T=60|XT1800",XT1800,241,L10,142,20,-0.2926159840126273,-0.6611678468064105,0.1267605633802817,-0.443718848399754,-0.07384909298992987,-0.36915373154927794,-0.3083826541275408,0.1267605633802817
H01,"H01|V=35;N=60;T=60|XB",XB,241,KILL,239,20,0.0878537985906286,0.5000024774886822,0.5146443514644351,0.026300396123370078,0.16134891071194266,0.07879159113160397,0.08783429166396986,0.02092050209205021
H01,"H01|V=35;N=60;T=60|XB",XB,241,PRIMARY,169,20,-0.0013403605522123905,-0.22115716496054336,0.41420118343195267,-0.06512620779001449,0.08198992214874762,-0.02922692212907575,0.01021208214775431,0.029585798816568046
H01,"H01|V=35;N=60;T=60|XB",XB,241,NOINS,169,20,-0.002284072433402307,-0.22248702523515618,0.41420118343195267,-0.06629243231786579,0.08059300496008626,-0.03016760018071445,0.009427427392905337,0.029585798816568046
H01,"H01|V=35;N=60;T=60|XB",XB,241,L10,142,20,-0.11331339170163499,-0.21160164984801422,0.2676056338028169,-0.20537358438566183,0.021673356179824254,-0.15616792864419837,-0.09597563464198632,0.035211267605633804
H01,"H01|V=35;N=60;T=60|XR",XR,241,KILL,239,20,0.09216414803445876,-0.132311835232078,0.3807531380753138,0.025924657708178193,0.16113476402417562,0.06847376232528209,0.09211933694022777,0.17154811715481172
H01,"H01|V=35;N=60;T=60|XR",XR,241,PRIMARY,169,20,-0.06313398962017785,-0.27566140532298317,0.28994082840236685,-0.15584043251940977,0.03749681989324461,-0.1196292676193596,-0.048729591533369906,0.14792899408284024
H01,"H01|V=35;N=60;T=60|XR",XR,241,NOINS,169,20,-0.06401053513412919,-0.27634986473680234,0.28994082840236685,-0.156583741248809,0.036492041207038535,-0.12052162707706991,-0.04964625533834286,0.14792899408284024
H01,"H01|V=35;N=60;T=60|XR",XR,241,L10,142,20,-0.1569886003816018,-0.30168745525758517,0.19718309859154928,-0.274155401445696,-0.004169448176658218,-0.22461941699265817,-0.15429182880143869,0.09154929577464789
H01,"H01|V=35;N=60;T=60|XG",XG,241,KILL,239,20,0.046353974679009216,-0.3167745584796776,0.2301255230125523,-0.045655395325665704,0.13502195804446931,0.023114546978987346,0.04630941297886789,0.06694560669456066
H01,"H01|V=35;N=60;T=60|XG",XG,241,PRIMARY,169,20,-0.07477046592205182,-0.3669888183450832,0.21301775147928995,-0.17643665484222554,0.02000447992989723,-0.13650918586227836,-0.06603455575742087,0.11834319526627218
H01,"H01|V=35;N=60;T=60|XG",XG,241,NOINS,169,20,-0.07536245087499084,-0.36754020365518536,0.21301775147928995,-0.17705091034604195,0.019372128462826706,-0.13711186923386318,-0.06663418467778216,0.11242603550295859
H01,"H01|V=35;N=60;T=60|XG",XG,241,L10,142,20,-0.18557491609569052,-0.38681843937952587,0.14084507042253522,-0.3003437373854555,-0.022851534660354663,-0.25980242475643606,-0.1867326266713852,0.08450704225352113
H01,"H01|V=35;N=60;T=300|XT60",XT60,311,KILL,307,20,0.014333714953602937,-0.05620863638624944,0.4495114006514658,-0.05321403980468409,0.08028374507944873,-0.0050771540047290994,0.014320567288101323,0.13680781758957655
H01,"H01|V=35;N=60;T=300|XT60",XT60,311,PRIMARY,230,20,-0.029698260673501817,-0.13817678654628776,0.41304347826086957,-0.10351389619865038,0.052701689069637084,-0.06776733471464294,-0.012889360295601676,0.09565217391304348
H01,"H01|V=35;N=60;T=300|XT60",XT60,311,NOINS,230,20,-0.030575486350247805,-0.13982544094995775,0.41304347826086957,-0.1044097631417002,0.051711332894386376,-0.0686486669083217,-0.013798624902244198,0.09565217391304348
H01,"H01|V=35;N=60;T=300|XT60",XT60,311,L10,198,20,-0.158259883359763,-0.17211736133778738,0.2828282828282828,-0.23590122049930595,-0.05197586315021308,-0.2064880749385899,-0.14931970321479796,0.045454545454545456
H01,"H01|V=35;N=60;T=300|XT300",XT300,311,KILL,307,20,-0.059852746249244734,-0.789736590219392,0.34201954397394135,-0.151317943416144,0.02824985258117067,-0.08019786523341872,-0.05989043105548845,0.247557003257329
H01,"H01|V=35;N=60;T=300|XT300",XT300,311,PRIMARY,230,20,-0.10872453100007042,-0.7115581734619947,0.33043478260869563,-0.19807454389128504,-0.007297849425571158,-0.1543249355501022,-0.09700591694685835,0.18695652173913044
H01,"H01|V=35;N=60;T=300|XT300",XT300,311,NOINS,230,20,-0.10902167623311948,-0.7117829969336636,0.33043478260869563,-0.19847005187152567,-0.007615845803617673,-0.15462600773617122,-0.09729285621640654,0.18695652173913044
H01,"H01|V=35;N=60;T=300|XT300",XT300,311,L10,198,20,-0.20118013053076322,-0.515398305398642,0.24242424242424243,-0.3116761946112019,-0.0593699088720544,-0.25433110154178284,-0.19845045838925843,0.09090909090909091
H01,"H01|V=35;N=60;T=300|XT1800",XT1800,311,KILL,307,20,-0.12015439492014345,-0.8000766375545851,0.28338762214983715,-0.2142819026489774,-0.033512735992705496,-0.1411866471904008,-0.12019684436353928,0.2931596091205212
H01,"H01|V=35;N=60;T=300|XT1800",XT1800,311,PRIMARY,230,20,-0.17550221059035737,-0.7782168880791971,0.24782608695652175,-0.28937687071928175,-0.0665985886750166,-0.22198513954026095,-0.16055905427339395,0.24347826086956523
H01,"H01|V=35;N=60;T=300|XT1800",XT1800,311,NOINS,230,20,-0.17562087563732268,-0.7782236876226181,0.24782608695652175,-0.28950167625440704,-0.06672569687727571,-0.2221053727712667,-0.16065486137490956,0.24347826086956523
H01,"H01|V=35;N=60;T=300|XT1800",XT1800,311,L10,198,20,-0.29034573425962695,-0.7143780844197865,0.16161616161616163,-0.4073847183274652,-0.1519603717192351,-0.3448684837895525,-0.3016721391488396,0.1414141414141414
H01,"H01|V=35;N=60;T=300|XB",XB,311,KILL,307,20,0.0606828618931719,-0.014465330083080444,0.48534201954397393,0.003765775047276878,0.11387267034502761,0.04563443137203121,0.06067581913244542,0.04234527687296417
H01,"H01|V=35;N=60;T=300|XB",XB,311,PRIMARY,230,20,-0.050646460001766515,-0.264933155632352,0.4,-0.11095718601077294,0.010256176305596613,-0.07169089841633941,-0.041813626452099385,0.034782608695652174
H01,"H01|V=35;N=60;T=300|XB",XB,311,NOINS,230,20,-0.05161790196473098,-0.2655376025116652,0.4,-0.11174365459589766,0.008848376787829076,-0.07266048828476537,-0.04267709326382693,0.034782608695652174
H01,"H01|V=35;N=60;T=300|XB",XB,311,L10,198,20,-0.14378805606911774,-0.2709269984555548,0.2878787878787879,-0.2042519506777423,-0.06910123316040795,-0.17480449005947024,-0.14131300939745017,0.03535353535353535
H01,"H01|V=35;N=60;T=300|XR",XR,311,KILL,307,20,0.08075013557446696,-0.14447729963683398,0.36482084690553745,0.012211934290342919,0.14126916259510516,0.061909746942575394,0.08073329922441637,0.18892508143322476
H01,"H01|V=35;N=60;T=300|XR",XR,311,PRIMARY,230,20,-0.09929841457433357,-0.33026589386447125,0.27391304347826084,-0.19087210152333509,-0.004052623719628505,-0.14171386193722688,-0.08798629585299962,0.1565217391304348
H01,"H01|V=35;N=60;T=300|XR",XR,311,NOINS,230,20,-0.10005238372789864,-0.3314275043867202,0.27391304347826084,-0.19142714561869656,-0.005131271556782941,-0.14247779536434754,-0.08876130322160108,0.1565217391304348
H01,"H01|V=35;N=60;T=300|XR",XR,311,L10,198,20,-0.18543293715159326,-0.355880881376998,0.20202020202020202,-0.2743057805365052,-0.08284281545407628,-0.23407917571183284,-0.19242908124846617,0.10606060606060606
H01,"H01|V=35;N=60;T=300|XG",XG,311,KILL,307,20,0.03900891413895568,-0.3193283816725536,0.23778501628664495,-0.05263155120822351,0.11281095942795454,0.020003410345828275,0.03898240556647156,0.0781758957654723
H01,"H01|V=35;N=60;T=300|XG",XG,311,PRIMARY,230,20,-0.09447317015692204,-0.37132937694763424,0.2217391304347826,-0.18779994965298288,-0.012062840822161575,-0.13988169712953075,-0.08595032616184343,0.11739130434782609
H01,"H01|V=35;N=60;T=300|XG",XG,311,NOINS,230,20,-0.09506760017830315,-0.37202406281120326,0.2217391304347826,-0.18836580739186115,-0.012668510318621084,-0.14048398297778655,-0.08655197977832675,0.11304347826086956
H01,"H01|V=35;N=60;T=300|XG",XG,311,L10,198,20,-0.19925084018075337,-0.38997641458717336,0.16161616161616163,-0.28714595428919204,-0.09921935940162029,-0.2523721298017727,-0.20510788942768965,0.08080808080808081
H02,"H02|W=60;U=15|XT60",XT60,9740,KILL,9642,21,-0.12199720928432337,-0.07864495298741356,0.19342460070524786,-0.1279895118220651,-0.11628313351207988,-0.12357142154844136,-0.12199981855131979,0.009023024268823895
H02,"H02|W=60;U=15|XT60",XT60,9740,PRIMARY,9522,21,-0.11400470997459984,-0.067172863493332,0.19439193446754882,-0.12117316438842712,-0.10729935329426943,-0.11509616889878341,-0.11441211884280636,0.008191556395715185
H02,"H02|W=60;U=15|XT60",XT60,9740,NOINS,9522,21,-0.11755206589095443,-0.07226938714349931,0.19082125603864733,-0.12466986173536662,-0.11086401277375135,-0.11864415769261398,-0.11797365886185895,0.008086536441923966
H02,"H02|W=60;U=15|XT60",XT60,9740,L10,9045,21,-0.11048241378325477,-0.055423389292154006,0.17291321171918186,-0.11930824437307029,-0.10160921641629787,-0.11176098596762478,-0.11115130168291003,0.0070757324488667775
H02,"H02|W=60;U=15|XT300",XT300,9740,KILL,9642,21,-0.22542071252840326,-0.2288657031988458,0.09479361128396598,-0.23876412884358775,-0.211160302079404,-0.22781374565090642,-0.22542259365535422,0.020431445758141466
H02,"H02|W=60;U=15|XT300",XT300,9740,PRIMARY,9522,21,-0.21374056730968408,-0.20531247002053477,0.09630329762654904,-0.2276079378109008,-0.19892824060196657,-0.21602393941017226,-0.21467028173600214,0.01900861163621088
H02,"H02|W=60;U=15|XT300",XT300,9740,NOINS,9522,21,-0.21656652597508844,-0.208278157971996,0.09577819785759294,-0.23027725997421136,-0.2019634109335546,-0.2188507886907844,-0.217499110562239,0.01900861163621088
H02,"H02|W=60;U=15|XT300",XT300,9740,L10,9045,21,-0.1917701041849599,-0.14327920238548983,0.0896627971254837,-0.20657189105245252,-0.17654579074223434,-0.19420951518173804,-0.1942389971763681,0.015809839690436707
H02,"H02|W=60;U=15|XT1800",XT1800,9740,KILL,9642,21,-0.2914943149548747,-0.332352231232277,0.03816635552789878,-0.3074864253264907,-0.27376588683696523,-0.2942466072661699,-0.2914968370922134,0.026654221115951046
H02,"H02|W=60;U=15|XT1800",XT1800,9740,PRIMARY,9522,21,-0.2787507931866123,-0.31052510805474587,0.03896240285654274,-0.29488390382070245,-0.2609724163164939,-0.28147756695693543,-0.28022497628055587,0.025099768956101658
H02,"H02|W=60;U=15|XT1800",XT1800,9740,NOINS,9522,21,-0.2813957479983762,-0.312956242274625,0.0382272631800042,-0.2973930557538137,-0.2637973654241889,-0.2841233553370019,-0.28287211763331666,0.025099768956101658
H02,"H02|W=60;U=15|XT1800",XT1800,9740,L10,9045,21,-0.2540426514295294,-0.22921418849626726,0.03582089552238806,-0.27095105141320847,-0.23566010079590177,-0.25701182879135587,-0.2568909185230986,0.020674405749032614
H02,"H02|W=60;U=15|XB",XB,9740,KILL,9642,21,-0.1218954906199159,-0.2449027909059251,0.13503422526446796,-0.1289363132487314,-0.11461650325284042,-0.12247005018948517,-0.12189792968610623,0.007052478738850861
H02,"H02|W=60;U=15|XB",XB,9740,PRIMARY,9522,21,-0.13554222334338054,-0.19210722433310323,0.13852131905061962,-0.14612785833650957,-0.12538556025119962,-0.13629856132021004,-0.13596290731454908,0.008401596303297627
H02,"H02|W=60;U=15|XB",XB,9740,NOINS,9522,21,-0.13880618557459712,-0.19687759821402623,0.13642091997479522,-0.14938578005844247,-0.1286434955363583,-0.13956125068037473,-0.13921977280940362,0.008191556395715185
H02,"H02|W=60;U=15|XB",XB,9740,L10,9045,21,-0.13702034149639897,-0.13198810469548478,0.12249861802100608,-0.14788244031802172,-0.12611990926201527,-0.1379147574463812,-0.1385706436280136,0.008734107241569929
H02,"H02|W=60;U=15|XR",XR,9740,KILL,9642,21,-0.12800611950991303,-0.16514853987363814,0.11180253059531217,-0.13853149411646404,-0.11767424122388931,-0.13047208376269784,-0.1280093152015883,0.01773490976975731
H02,"H02|W=60;U=15|XR",XR,9740,PRIMARY,9522,21,-0.1727623968864306,-0.18404210320296277,0.08653644192396555,-0.18178447237961315,-0.16233174003139847,-0.17517177783653007,-0.17325026394138368,0.017118252467968914
H02,"H02|W=60;U=15|XR",XR,9740,NOINS,9522,21,-0.1755357638060829,-0.1874559212826532,0.08496114261709725,-0.18429317216766392,-0.16534822221483478,-0.17794601879776295,-0.17603141975393152,0.017118252467968914
H02,"H02|W=60;U=15|XR",XR,9740,L10,9045,21,-0.17245732862328184,-0.14352978075971184,0.07761194029850746,-0.1825454873377719,-0.1612076850807826,-0.1749498156022213,-0.17466665655741795,0.014483139856274184
H02,"H02|W=60;U=15|XG",XG,9740,KILL,9642,21,-0.1868261850409219,-0.3018126312123775,0.026654221115951046,-0.19654361372748494,-0.17645804821652214,-0.18942743422397484,-0.18683188460215946,0.005807923667288944
H02,"H02|W=60;U=15|XG",XG,9740,PRIMARY,9522,21,-0.21307723751115082,-0.27496977845352877,0.029720646922915355,-0.22351365487707148,-0.2017674516388412,-0.21578543629538768,-0.21398599905809115,0.011552194917034237
H02,"H02|W=60;U=15|XG",XG,9740,NOINS,9522,21,-0.21538111029010457,-0.2758964483651155,0.028985507246376812,-0.22569998166103386,-0.20414827628720658,-0.21809003486967576,-0.21629529774405334,0.010922075194286915
H02,"H02|W=60;U=15|XG",XG,9740,L10,9045,21,-0.2067856295466756,-0.20432045958807532,0.03095632946379215,-0.2193843152031669,-0.19379737851270373,-0.20983015596016885,-0.2085546336228272,0.012603648424543947
H02,"H02|W=60;U=30|XT60",XT60,6456,KILL,6390,21,-0.13053719650307258,-0.11227095169394558,0.21799687010954616,-0.13967860769737447,-0.12149132823352503,-0.1327551539388949,-0.13054061581444623,0.013458528951486698
H02,"H02|W=60;U=30|XT60",XT60,6456,PRIMARY,6290,21,-0.12317960798919975,-0.10020183673172686,0.2181240063593005,-0.1326043661977306,-0.11351502391146538,-0.1247834786920583,-0.12395415875168518,0.012241653418124006
H02,"H02|W=60;U=30|XT60",XT60,6456,NOINS,6290,21,-0.1262346648275412,-0.10387656981460983,0.21414944356120827,-0.13567130790136633,-0.1165416775622225,-0.1278391840752287,-0.12702487027176193,0.012082670906200318
H02,"H02|W=60;U=30|XT60",XT60,6456,L10,5897,21,-0.11982722002244789,-0.08311805604115678,0.19552314736306597,-0.13218478633611044,-0.10795521411960851,-0.12179343721107978,-0.12122609618101499,0.010852976089537053
H02,"H02|W=60;U=30|XT300",XT300,6456,KILL,6390,21,-0.24500870825526283,-0.29674537087707076,0.11017214397496088,-0.2598638299179233,-0.23104407346225278,-0.24862937684065778,-0.24501135774748903,0.03051643192488263
H02,"H02|W=60;U=30|XT300",XT300,6456,PRIMARY,6290,21,-0.23360994547214323,-0.2758339947938396,0.11112877583465819,-0.24930142283241993,-0.21892271299983318,-0.23707662706257193,-0.2348968905871708,0.028457869634340223
H02,"H02|W=60;U=30|XT300",XT300,6456,NOINS,6290,21,-0.2358768030917365,-0.2780633229672063,0.11065182829888712,-0.25145966346996584,-0.22133209213096205,-0.23934456635275234,-0.2371640930589255,0.028457869634340223
H02,"H02|W=60;U=30|XT300",XT300,6456,L10,5897,21,-0.2095284354380378,-0.2140824646068649,0.10462947261319315,-0.22704491389542653,-0.19359404494697732,-0.21327978074285742,-0.21277021105771243,0.024080040698660335
H02,"H02|W=60;U=30|XT1800",XT1800,6456,KILL,6390,21,-0.3232306410530527,-0.4062038654793294,0.048669796557120504,-0.3410610812050185,-0.30512252383170974,-0.32719734204027695,-0.3232343579907909,0.03865414710485133
H02,"H02|W=60;U=30|XT1800",XT1800,6456,PRIMARY,6290,21,-0.311081630516882,-0.38341901880604096,0.04944356120826709,-0.3285788312918559,-0.2934987753421992,-0.31479562049061954,-0.31306425655993164,0.036406995230524646
H02,"H02|W=60;U=30|XT1800",XT1800,6456,NOINS,6290,21,-0.3131734854992307,-0.3847983041906642,0.04880763116057234,-0.3305862292298655,-0.295690155793516,-0.31688847363838185,-0.31515562470462466,0.036406995230524646
H02,"H02|W=60;U=30|XT1800",XT1800,6456,L10,5897,21,-0.28575591759447155,-0.3217955885974578,0.04510768187213837,-0.3043646609422394,-0.2669093115523024,-0.28967147475015415,-0.2892323939952621,0.030693573003221977
H02,"H02|W=60;U=30|XB",XB,6456,KILL,6390,21,-0.12642232656513575,-0.3009285707178747,0.1571205007824726,-0.13562772712915022,-0.11710143351068703,-0.12720230887226072,-0.12642388718590045,0.010328638497652582
H02,"H02|W=60;U=30|XB",XB,6456,PRIMARY,6290,21,-0.1395302383151822,-0.24384884775312204,0.16263910969793322,-0.15227037835586604,-0.12710416173263148,-0.14063041202478535,-0.1401985846993906,0.012400635930047695
H02,"H02|W=60;U=30|XB",XB,6456,NOINS,6290,21,-0.1424729063313361,-0.2457329159097027,0.1602543720190779,-0.15517120942624926,-0.1298562148984908,-0.14357268548043237,-0.14314068506345046,0.012082670906200318
H02,"H02|W=60;U=30|XB",XB,6456,L10,5897,21,-0.14291333849750046,-0.18175084146912146,0.14481939969476004,-0.15653976776432713,-0.13003164915212695,-0.14428846371140366,-0.14469904730019342,0.013057486857724267
H02,"H02|W=60;U=30|XR",XR,6456,KILL,6390,21,-0.1278113118486318,-0.20195899706482265,0.13020344287949923,-0.14163398355145673,-0.11392151325946473,-0.13153275305884288,-0.1278155725843503,0.025978090766823163
H02,"H02|W=60;U=30|XR",XR,6456,PRIMARY,6290,21,-0.17804904645092742,-0.22206565451230664,0.10365659777424484,-0.18887733522260836,-0.16599686241823167,-0.18169955658496167,-0.1786143459138197,0.025119236883942766
H02,"H02|W=60;U=30|XR",XR,6456,NOINS,6290,21,-0.18009179806714187,-0.22393476202058804,0.10190779014308426,-0.1906025582337816,-0.16830056928334106,-0.18374328293568432,-0.18067036368440187,0.025119236883942766
H02,"H02|W=60;U=30|XR",XR,6456,L10,5897,21,-0.1805562095350097,-0.18752237903546595,0.09377649652365609,-0.1926194732049138,-0.1680503059374401,-0.18438406225070353,-0.18295555367359198,0.021705952179074107
H02,"H02|W=60;U=30|XG",XG,6456,KILL,6390,21,-0.1986744692657788,-0.30399511964578874,0.03442879499217527,-0.21088268329897042,-0.1861116168265174,-0.20240888310872102,-0.19868255936053877,0.008137715179968702
H02,"H02|W=60;U=30|XG",XG,6456,PRIMARY,6290,21,-0.2268659304589996,-0.30059252731698494,0.038314785373608905,-0.23810369618966812,-0.2159185752676898,-0.23065807175327718,-0.22801750202185858,0.016693163751987282
H02,"H02|W=60;U=30|XG",XG,6456,NOINS,6290,21,-0.22850192346530823,-0.3007944840208767,0.03751987281399046,-0.23974280924148617,-0.21755356707604778,-0.23229456184737793,-0.22965538425975404,0.015739268680445152
H02,"H02|W=60;U=30|XG",XG,6456,L10,5897,21,-0.2227164904118874,-0.24813944931384624,0.04052908258436493,-0.23620556003439389,-0.2101473058219319,-0.22694137650382482,-0.22453673103472455,0.018483974902492793
H02,"H02|W=60;U=60|XT60",XT60,2526,KILL,2494,21,-0.1564925293923899,-0.16300810904930102,0.24017642341619888,-0.17357365430174027,-0.13845736345614232,-0.15990145612691198,-0.1565030943907992,0.02445870088211708
H02,"H02|W=60;U=60|XT60",XT60,2526,PRIMARY,2441,21,-0.1491492745478486,-0.15705910429628375,0.2380172060630889,-0.16869182074019334,-0.12826828909891233,-0.15271319916762513,-0.14996390643996924,0.021712412945514133
H02,"H02|W=60;U=60|XT60",XT60,2526,NOINS,2441,21,-0.1514013285649504,-0.16035927933179805,0.2351495288816059,-0.17092458208459796,-0.1305235046523911,-0.15496552448573392,-0.15224410492254212,0.021302744776730848
H02,"H02|W=60;U=60|XT60",XT60,2526,L10,2241,21,-0.1453608091037809,-0.1436881789039677,0.21731369924141009,-0.16652103909260083,-0.12218236571704956,-0.1499011833326344,-0.1470536953419663,0.01963409192324855
H02,"H02|W=60;U=60|XT300",XT300,2526,KILL,2494,21,-0.2851062404822869,-0.3995203783430891,0.13111467522052928,-0.31042284334523074,-0.25862420137631786,-0.2909542100336723,-0.28511259222969576,0.05533279871692061
H02,"H02|W=60;U=60|XT300",XT300,2526,PRIMARY,2441,21,-0.27403214079321236,-0.3813065133053977,0.13355182302335109,-0.3016262289428883,-0.24503715184421415,-0.2806483681339045,-0.2756079640836772,0.050798852929127405
H02,"H02|W=60;U=60|XT300",XT300,2526,NOINS,2441,21,-0.27543405646429653,-0.3815331977380338,0.1331421548545678,-0.3030502797979491,-0.24641006426218331,-0.2820520088550482,-0.2770069282022767,0.050798852929127405
H02,"H02|W=60;U=60|XT300",XT300,2526,L10,2241,21,-0.2514785120632732,-0.3308896033039722,0.12449799196787148,-0.280377247948978,-0.2232785759381264,-0.2583964316584431,-0.2552488331539789,0.04462293618920125
H02,"H02|W=60;U=60|XT1800",XT1800,2526,KILL,2494,21,-0.3686807467295946,-0.517832132729715,0.07497995188452286,-0.3984291317760763,-0.3354547268723896,-0.376359851619032,-0.368680869916832,0.0681635926222935
H02,"H02|W=60;U=60|XT1800",XT1800,2526,PRIMARY,2441,21,-0.3578804051016952,-0.5081907142584231,0.0737402703809914,-0.3885550518166542,-0.32418325294867234,-0.3659321040176414,-0.36040104100390186,0.06349856616140925
H02,"H02|W=60;U=60|XT1800",XT1800,2526,NOINS,2441,21,-0.35915437758061547,-0.508930093401928,0.0737402703809914,-0.38986534682894336,-0.3253819846382335,-0.36720764409925893,-0.3616717801623566,0.06349856616140925
H02,"H02|W=60;U=60|XT1800",XT1800,2526,L10,2241,21,-0.33337829746562014,-0.45524961666991337,0.0678268630075859,-0.3634722153015885,-0.3008787249254002,-0.34170205527373276,-0.3370160691022221,0.05533244087460955
H02,"H02|W=60;U=60|XB",XB,2526,KILL,2494,21,-0.13904323619592038,-0.3041190779366403,0.17882919005613473,-0.1537188812728927,-0.12340009311257544,-0.14030938455682124,-0.13905107870504024,0.019647153167602245
H02,"H02|W=60;U=60|XB",XB,2526,PRIMARY,2441,21,-0.15069955314763966,-0.2844366864348348,0.18844735764031134,-0.17014257788645895,-0.12936114632845513,-0.15297766371687363,-0.15107808510776982,0.02212208111429742
H02,"H02|W=60;U=60|XB",XB,2526,NOINS,2441,21,-0.15281930603897345,-0.28583718316723244,0.18721835313396148,-0.17233182363415397,-0.1310650257587976,-0.15508786340522804,-0.15327323218104844,0.021712412945514133
H02,"H02|W=60;U=60|XB",XB,2526,L10,2241,21,-0.1660333345274316,-0.24999306254752515,0.1637661758143686,-0.18556343181159013,-0.14799449726328107,-0.16937148848653502,-0.16767597304021267,0.02320392681838465
H02,"H02|W=60;U=60|XR",XR,2526,KILL,2494,21,-0.1365530527385699,-0.24665102233719716,0.1467522052927025,-0.1533870011113945,-0.1150980929168358,-0.14346960447225254,-0.13656375415135838,0.04570970328789094
H02,"H02|W=60;U=60|XR",XR,2526,PRIMARY,2441,21,-0.186818561258771,-0.26327329931327265,0.12003277345350266,-0.20659138828576026,-0.16365011300033724,-0.194163190760468,-0.1868295998249809,0.04383449405981155
H02,"H02|W=60;U=60|XR",XR,2526,NOINS,2441,21,-0.1874652364239916,-0.2646453087768555,0.1188037689471528,-0.208224030085264,-0.1636171057481849,-0.19481066163342886,-0.18753364246958887,0.04383449405981155
H02,"H02|W=60;U=60|XR",XR,2526,L10,2241,21,-0.1959960676064968,-0.24508623893525663,0.11200356983489514,-0.21681611527283384,-0.17288253823198976,-0.2034050167935099,-0.19802764678955234,0.0392681838464971
H02,"H02|W=60;U=60|XG",XG,2526,KILL,2494,21,-0.19970478271116918,-0.30637106611611364,0.0541299117882919,-0.21920904997140087,-0.17814537461295232,-0.2079891465795329,-0.19971486887279527,0.011627906976744186
H02,"H02|W=60;U=60|XG",XG,2526,PRIMARY,2441,21,-0.2304535429343255,-0.30824638498860824,0.05735354362965998,-0.25160101760721304,-0.20887928255133725,-0.23873374780722292,-0.23149054574589945,0.02498975829578042
H02,"H02|W=60;U=60|XG",XG,2526,NOINS,2441,21,-0.23138722431185654,-0.30815159294748784,0.05735354362965998,-0.25240967120119423,-0.20996956977106643,-0.2396678468523488,-0.23244799439443595,0.023351085620647277
H02,"H02|W=60;U=60|XG",XG,2526,L10,2241,21,-0.23529220484733687,-0.29146765235044764,0.060240963855421686,-0.2571645130548422,-0.21334012822494008,-0.24404719081340764,-0.2358946126750256,0.03034359660865685
H02,"H02|W=180;U=15|XT60",XT60,11519,KILL,11368,21,-0.058767968331274484,-0.03543742599870653,0.13467628430682618,-0.06315769556531842,-0.05386577387305403,-0.06055951652102869,-0.05876783774712397,0.0031667839549612948
H02,"H02|W=180;U=15|XT60",XT60,11519,PRIMARY,11343,21,-0.05118060996353924,-0.027297713658146965,0.14184959887155074,-0.055811611924472634,-0.04590259939102349,-0.05309742157945156,-0.05106814914222512,0.0029092832583972493
H02,"H02|W=180;U=15|XT60",XT60,11519,NOINS,11343,21,-0.056201933735813,-0.03344997752360022,0.13673631314467072,-0.06076349480972812,-0.050999023582370406,-0.0581195006330061,-0.056092942244732616,0.002821123159657939
H02,"H02|W=180;U=15|XT60",XT60,11519,L10,11182,21,-0.052461242732800284,-0.027297713658146965,0.13333929529601143,-0.05629307977920032,-0.04899473463666615,-0.053320607571223436,-0.05204859813936905,0.0028617420854945446
H02,"H02|W=180;U=15|XT300",XT300,11519,KILL,11368,21,-0.11612312286345196,-0.045878060792995376,0.08990147783251232,-0.12583936559743533,-0.10622924240955474,-0.1181728116730843,-0.11612230781822677,0.009764250527797325
H02,"H02|W=180;U=15|XT300",XT300,11519,PRIMARY,11343,21,-0.10777835812156907,-0.03705633085260476,0.09221546328131887,-0.11746992822605157,-0.09771158860637434,-0.10977590155776827,-0.10768970633300724,0.009433130565106232
H02,"H02|W=180;U=15|XT300",XT300,11519,NOINS,11343,21,-0.1122490514285263,-0.043086619049997506,0.0899233007140968,-0.12183746964210426,-0.10230616582398715,-0.11424774944805541,-0.11216272003641173,0.009344970466366922
H02,"H02|W=180;U=15|XT300",XT300,11519,L10,11182,21,-0.10501615089889643,-0.03560571899505519,0.08781971024861385,-0.11381596684772514,-0.0966021240655596,-0.10609711367540679,-0.10452777102463415,0.008316937935968521
H02,"H02|W=180;U=15|XT1800",XT1800,11519,KILL,11368,21,-0.1710514252038303,-0.07008169742798866,0.038001407459535536,-0.18453706326222957,-0.1573660929159127,-0.17387123870700524,-0.17104739670953215,0.01600985221674877
H02,"H02|W=180;U=15|XT1800",XT1800,11519,PRIMARY,11343,21,-0.16192486592407648,-0.06135271964437341,0.040377325222604246,-0.17532271279469727,-0.1480410648930374,-0.1649181191757101,-0.16218151786669485,0.015516177378118664
H02,"H02|W=180;U=15|XT1800",XT1800,11519,NOINS,11343,21,-0.16607476817211173,-0.0671579941061885,0.03870228334655735,-0.17936289899899302,-0.15232093079878822,-0.16906911927034496,-0.16633326136359167,0.015516177378118664
H02,"H02|W=180;U=15|XT1800",XT1800,11519,L10,11182,21,-0.1555528979903528,-0.056933853198400865,0.03899123591486317,-0.16763749325751304,-0.14424369308944712,-0.1582286670277171,-0.15569662032047216,0.013950992666785907
H02,"H02|W=180;U=15|XB",XB,11519,KILL,11368,21,-0.08731036124877734,-0.05756876514249132,0.08805418719211823,-0.09263762285360548,-0.08180394386779534,-0.08778546497751692,-0.08730803202671003,0.005277973258268825
H02,"H02|W=180;U=15|XB",XB,11519,PRIMARY,11343,21,-0.09231578611874405,-0.04819110933519804,0.09124570219518646,-0.09930801021371655,-0.08535796062032537,-0.09288963278134002,-0.0923251797277622,0.0052014458256193245
H02,"H02|W=180;U=15|XB",XB,11519,NOINS,11343,21,-0.09683726055140744,-0.05426768892662704,0.08912985982544301,-0.1038075971814017,-0.08992955406644995,-0.09740971793358175,-0.09685595991890514,0.0052014458256193245
H02,"H02|W=180;U=15|XB",XB,11519,L10,11182,21,-0.09489248165461495,-0.04571695178666095,0.08665712752638169,-0.10183294830761867,-0.08833872688531946,-0.0956445978305873,-0.09495858742310789,0.0051869075299588625
H02,"H02|W=180;U=15|XR",XR,11519,KILL,11368,21,-0.08666858738061985,-0.05774472966205063,0.0766185784658691,-0.09562829582385828,-0.07709539764852293,-0.08930428977609638,-0.08666846842235908,0.011523574947220267
H02,"H02|W=180;U=15|XR",XR,11519,PRIMARY,11343,21,-0.1104303103365654,-0.05404663103741072,0.06135942872256017,-0.11960132274975688,-0.100734761421593,-0.11325764527556718,-0.11047307739726615,0.011196332539892445
H02,"H02|W=180;U=15|XR",XR,11519,NOINS,11343,21,-0.11490588568903726,-0.05983874931322112,0.05968438684651327,-0.12402213115243202,-0.10529340297452054,-0.11773440463503146,-0.11495167636056605,0.011108172441153134
H02,"H02|W=180;U=15|XR",XR,11519,L10,11182,21,-0.11204512787862546,-0.050387774191895204,0.05857628331246646,-0.119795152281944,-0.10446036826040256,-0.11432810858073811,-0.11203911883560505,0.010016097299230907
H02,"H02|W=180;U=15|XG",XG,11519,KILL,11368,21,-0.11954474888172051,-0.07410292673299954,0.029556650246305417,-0.1283052672872506,-0.1108972617170681,-0.12227740966491177,-0.1195428613674531,0.00483814215341309
H02,"H02|W=180;U=15|XG",XG,11519,PRIMARY,11343,21,-0.13238904204385843,-0.06473139203835972,0.0316494754474125,-0.14277809364785907,-0.12182281244891106,-0.13535417177758818,-0.1326398979063824,0.006876487701666226
H02,"H02|W=180;U=15|XG",XG,11519,NOINS,11343,21,-0.13640224662801778,-0.070420818140952,0.0299744335713656,-0.14665012566490335,-0.12601202190787253,-0.13936832189045775,-0.13665226926197468,0.006700167504187605
H02,"H02|W=180;U=15|XG",XG,11519,L10,11182,21,-0.13234338519916786,-0.060643446539430323,0.031479162940439995,-0.14198302341695404,-0.12350443971251071,-0.13506112652421706,-0.132574435139588,0.008048649615453407
H02,"H02|W=180;U=30|XT60",XT60,8105,KILL,8000,21,-0.06348720857246136,-0.03705973600635173,0.1555,-0.06877492717443742,-0.057395931899742264,-0.0660350518758609,-0.06348818023552963,0.0045
H02,"H02|W=180;U=30|XT60",XT60,8105,PRIMARY,7976,21,-0.05552473963532197,-0.027572004395384847,0.16436810431293883,-0.06129682837860663,-0.048794459369797136,-0.058252655866784686,-0.05536901989363631,0.004012036108324975
H02,"H02|W=180;U=30|XT60",XT60,8105,NOINS,7976,21,-0.06026736715897502,-0.0336857999100944,0.1591023069207623,-0.06597293664419476,-0.053620718732831155,-0.06299625276219047,-0.060115807191508365,0.0038866599799398196
H02,"H02|W=180;U=30|XT60",XT60,8105,L10,7840,21,-0.05732478192084321,-0.02759716797362769,0.15497448979591838,-0.06207625152469124,-0.05323966798075223,-0.05855247493427781,-0.056818056273827584,0.003954081632653061
H02,"H02|W=180;U=30|XT300",XT300,8105,KILL,8000,21,-0.13349433801114924,-0.061450111934729615,0.099,-0.14558975241761077,-0.12147078458114315,-0.13641378617508432,-0.13349296444275627,0.0135
H02,"H02|W=180;U=30|XT300",XT300,8105,PRIMARY,7976,21,-0.12530542777524806,-0.05286934219069976,0.10255767301905717,-0.13752017533934138,-0.11284863011597512,-0.1281531292396226,-0.12513870161954965,0.013039117352056168
H02,"H02|W=180;U=30|XT300",XT300,8105,NOINS,7976,21,-0.12941821890133043,-0.05853431397033115,0.09954864593781344,-0.14153374627620027,-0.11709830505270762,-0.132267427862059,-0.12925418518247295,0.012913741223671013
H02,"H02|W=180;U=30|XT300",XT300,8105,L10,7840,21,-0.1227316186213373,-0.048899062276092836,0.09770408163265307,-0.13321367219609526,-0.11282648239688521,-0.12426285944072164,-0.12217968556000336,0.011479591836734694
H02,"H02|W=180;U=30|XT1800",XT1800,8105,KILL,8000,21,-0.1991540166597833,-0.09486769812447142,0.042125,-0.21462190940397213,-0.18361677824657777,-0.20253058442153363,-0.19915323575912783,0.02075
H02,"H02|W=180;U=30|XT1800",XT1800,8105,PRIMARY,7976,21,-0.18999287418103775,-0.08464696568602967,0.04450852557673019,-0.20577751016854082,-0.17421689864087744,-0.19345255143402565,-0.19017565555641677,0.020060180541624874
H02,"H02|W=180;U=30|XT1800",XT1800,8105,NOINS,7976,21,-0.1937672814650855,-0.09006859797212927,0.04275325977933801,-0.209402967135791,-0.17811285072893285,-0.1972283653398144,-0.19395204398893243,0.020060180541624874
H02,"H02|W=180;U=30|XT1800",XT1800,8105,L10,7840,21,-0.18336299848065563,-0.07577156772737129,0.04247448979591837,-0.19736564849904673,-0.17040920778135465,-0.18608982008260608,-0.1834634743948143,0.017857142857142856
H02,"H02|W=180;U=30|XB",XB,8105,KILL,8000,21,-0.09582767606735647,-0.07480511417342421,0.098875,-0.10285469071116919,-0.0888327361049868,-0.09644650278343773,-0.09582468741929619,0.00725
H02,"H02|W=180;U=30|XB",XB,8105,PRIMARY,7976,21,-0.1033780272923817,-0.06534450826632036,0.10230692076228685,-0.1123776912858498,-0.09470160922229455,-0.104198371940239,-0.10341417451566685,0.007021063189568706
H02,"H02|W=180;U=30|XB",XB,8105,NOINS,7976,21,-0.10736996024305297,-0.07114696069127416,0.10030090270812438,-0.11633648106045316,-0.09867698013417986,-0.10818812966647438,-0.10741435878351464,0.007021063189568706
H02,"H02|W=180;U=30|XB",XB,8105,L10,7840,21,-0.10513455956042593,-0.061965611108336247,0.0985969387755102,-0.11343417301734987,-0.09754706209351983,-0.10602379722361963,-0.10528550356072269,0.0068877551020408165
H02,"H02|W=180;U=30|XR",XR,8105,KILL,8000,21,-0.09422558569375013,-0.0739868215511666,0.085875,-0.10524891544802618,-0.08230219351271113,-0.09756279053279096,-0.09422533411539723,0.015
H02,"H02|W=180;U=30|XR",XR,8105,PRIMARY,7976,21,-0.12240018308228039,-0.07096584675419951,0.06858074222668004,-0.1328470630026889,-0.11090558013382561,-0.12583442723940813,-0.12228342980493107,0.014543630892678034
H02,"H02|W=180;U=30|XR",XR,8105,NOINS,7976,21,-0.12657474601195726,-0.07620714062983469,0.06682547642928786,-0.13689322034141466,-0.11522233661435657,-0.13001054735735462,-0.12646102244801294,0.014418254764292879
H02,"H02|W=180;U=30|XR",XR,8105,L10,7840,21,-0.1248367419676379,-0.06564728035562659,0.06619897959183674,-0.13420915084144963,-0.11594433068529832,-0.1273099525782345,-0.12474037626218912,0.01288265306122449
H02,"H02|W=180;U=30|XG",XG,8105,KILL,8000,21,-0.13153383193074375,-0.10203365006716084,0.0325,-0.14236179072499155,-0.12127272109634099,-0.13522076628393664,-0.1315361387631308,0.0065
H02,"H02|W=180;U=30|XG",XG,8105,PRIMARY,7976,21,-0.14773920190466291,-0.09154310973477847,0.03460381143430291,-0.15952782577704935,-0.1361224334787426,-0.15141969720331305,-0.14786682908846063,0.00915245737211635
H02,"H02|W=180;U=30|XG",XG,8105,NOINS,7976,21,-0.15135440245612947,-0.09670057412306235,0.03259779338014042,-0.1630051530852535,-0.13987683308540227,-0.15503625803566815,-0.15148143879080647,0.008901705115346038
H02,"H02|W=180;U=30|XG",XG,8105,L10,7840,21,-0.14858813802773913,-0.08151361991536982,0.03494897959183674,-0.15999786878287658,-0.13837753609852824,-0.1516568367666252,-0.14865773868728577,0.010459183673469388
H02,"H02|W=180;U=60|XT60",XT60,3746,KILL,3703,21,-0.06649585960773306,-0.04061292473011293,0.20307858493113692,-0.07515382001411942,-0.05735986018169148,-0.07200508362135595,-0.06649653680347364,0.00945179584120983
H02,"H02|W=180;U=60|XT60",XT60,3746,PRIMARY,3684,21,-0.058941707839120935,-0.03197700856454999,0.21172638436482086,-0.06787936205606726,-0.04887101768238689,-0.06485312512193869,-0.05892792470199333,0.008686210640608035
H02,"H02|W=180;U=60|XT60",XT60,3746,NOINS,3684,21,-0.06307786417638629,-0.03793123220618351,0.20494028230184583,-0.07195289624341711,-0.05305234006937033,-0.06899088683476258,-0.06306692030048251,0.008414766558089034
H02,"H02|W=180;U=60|XT60",XT60,3746,L10,3579,21,-0.06757491065327755,-0.03315691523899905,0.19726180497345627,-0.07659641748808886,-0.059017213824219386,-0.0701786668058975,-0.06718470646706783,0.00866163732886281
H02,"H02|W=180;U=60|XT300",XT300,3746,KILL,3703,21,-0.15921230066430117,-0.10068563753047112,0.1255738590332163,-0.17686841229571576,-0.14253950163009027,-0.16554310630079624,-0.1592099826349981,0.027005130974885227
H02,"H02|W=180;U=60|XT300",XT300,3746,PRIMARY,3684,21,-0.15287630682265546,-0.09065462860485149,0.1281216069489685,-0.17004093715088603,-0.13609591727536907,-0.159066862761966,-0.1529790812568213,0.026330076004343107
H02,"H02|W=180;U=60|XT300",XT300,3746,NOINS,3684,21,-0.15628058619833998,-0.09518468108486089,0.1251357220412595,-0.17346460764838764,-0.13954117696823415,-0.1624738299217269,-0.1563844173697621,0.026058631921824105
H02,"H02|W=180;U=60|XT300",XT300,3746,L10,3579,21,-0.1539375432455392,-0.08544658763997585,0.12014529198100028,-0.169480570340154,-0.1409927913562224,-0.15731952089525825,-0.15310223843005222,0.023190835428890753
H02,"H02|W=180;U=60|XT1800",XT1800,3746,KILL,3703,21,-0.23588865511982984,-0.18542087458335407,0.06022144207399406,-0.2567285823018434,-0.21614968294321515,-0.24321638925662173,-0.23588840932228058,0.03807723467458817
H02,"H02|W=180;U=60|XT1800",XT1800,3746,PRIMARY,3684,21,-0.2270957304240358,-0.17212372098504214,0.06378935939196526,-0.24845316277336366,-0.20672732351038903,-0.23461958679643385,-0.22758291478990839,0.03691639522258415
H02,"H02|W=180;U=60|XT1800",XT1800,3746,NOINS,3684,21,-0.2301015758036655,-0.17580083595517332,0.061074918566775244,-0.25139954221522914,-0.2098731795621464,-0.23762785252635923,-0.23058900290190726,0.03691639522258415
H02,"H02|W=180;U=60|XT1800",XT1800,3746,L10,3579,21,-0.22249165158295853,-0.153363568253334,0.059793238334730374,-0.2422341015520281,-0.20573489614483798,-0.22850045663155857,-0.22270634844344628,0.03269069572506287
H02,"H02|W=180;U=60|XB",XB,3746,KILL,3703,21,-0.10837367126563646,-0.13509840306452414,0.12719416689170943,-0.11923893183489664,-0.09839386721261165,-0.10957242707853274,-0.10836644061839731,0.01431271941668917
H02,"H02|W=180;U=60|XB",XB,3746,PRIMARY,3684,21,-0.11935152148770181,-0.11845172069327206,0.13137893593919653,-0.1319801670588912,-0.10740075809253775,-0.12103173473818199,-0.11957581429202194,0.013572204125950055
H02,"H02|W=180;U=60|XB",XB,3746,NOINS,3684,21,-0.12277077513317337,-0.12417244623931517,0.12839305103148752,-0.13566504193959475,-0.1105060531794938,-0.12444499120424404,-0.12299804556918675,0.013572204125950055
H02,"H02|W=180;U=60|XB",XB,3746,L10,3579,21,-0.12086742323876679,-0.10302067828779782,0.12908633696563285,-0.13344814002635855,-0.10867743797259252,-0.12279002863582396,-0.12113308586939726,0.013690975132718636
H02,"H02|W=180;U=60|XR",XR,3746,KILL,3703,21,-0.09590428810091521,-0.11544012735684792,0.11045098568728058,-0.11430043737459891,-0.07835996452214675,-0.10311852139958569,-0.09590179516078123,0.027545233594382934
H02,"H02|W=180;U=60|XR",XR,3746,PRIMARY,3684,21,-0.13253514084566162,-0.12325292442934918,0.09256243213897937,-0.14919523807492047,-0.11680272893015152,-0.13998193072288537,-0.13251301533701265,0.02687296416938111
H02,"H02|W=180;U=60|XR",XR,3746,NOINS,3684,21,-0.13617660982074098,-0.1280264495330522,0.08984799131378936,-0.15278617525627955,-0.12043059529576162,-0.14362633807890085,-0.13615675226373938,0.026601520086862108
H02,"H02|W=180;U=60|XR",XR,3746,L10,3579,21,-0.13978982947237475,-0.11113707313078865,0.08913104219055602,-0.1543797333409893,-0.12575002458542822,-0.14522255061827896,-0.13983268024842258,0.023749650740430287
H02,"H02|W=180;U=60|XG",XG,3746,KILL,3703,21,-0.14071792521355658,-0.21484913188398588,0.04887928706454226,-0.15710238633023144,-0.12537913734949432,-0.14869413232230724,-0.14072197656147173,0.012152308938698352
H02,"H02|W=180;U=60|XG",XG,3746,PRIMARY,3684,21,-0.16273061560814142,-0.1885198487257515,0.051031487513572206,-0.1799984767216295,-0.1467326341855594,-0.17071474037240134,-0.16311687829641258,0.01710097719869707
H02,"H02|W=180;U=60|XG",XG,3746,NOINS,3684,21,-0.1654378485951396,-0.19114355950851153,0.048317046688382194,-0.1826723873449379,-0.14952775009339545,-0.17342417972094273,-0.16581872769669767,0.016558089033659067
H02,"H02|W=180;U=60|XG",XG,3746,L10,3579,21,-0.16805880615872393,-0.15806888664032742,0.05141100866163733,-0.18565835527204264,-0.1505678640629562,-0.17480036209302127,-0.1683527200028387,0.02039675887119307
H03,"H03|D=30;F=3|XT60",XT60,8472,KILL,8394,21,-0.09138654889624868,-0.11228267747873241,0.3371455801763164,-0.10654728284790464,-0.0750976010013851,-0.09473026795624198,-0.09139159624821747,0.011198475101262807
H03,"H03|D=30;F=3|XT60",XT60,8472,PRIMARY,7977,21,-0.1099143602314177,-0.11128014305040665,0.31628431741256113,-0.12266017757312105,-0.09699823402816332,-0.11229524121365837,-0.1096142579556807,0.009903472483389745
H03,"H03|D=30;F=3|XT60",XT60,8472,NOINS,7977,21,-0.11270193592067515,-0.11448821903880096,0.311144540554093,-0.12542524309925596,-0.09980655024880221,-0.11508386135131991,-0.11241373117811611,0.009778112072207596
H03,"H03|D=30;F=3|XT60",XT60,8472,L10,7532,21,-0.11678095241933945,-0.09664547214951602,0.2837227827934148,-0.13030548075163853,-0.10157356406264376,-0.1194851053133311,-0.117385496798438,0.006505576208178439
H03,"H03|D=30;F=3|XT300",XT300,8472,KILL,8394,21,-0.22672770420899543,-0.3523026500202856,0.19228020014295927,-0.2456128999802083,-0.20677585474229893,-0.23027115594592334,-0.2267351640257704,0.02561353347629259
H03,"H03|D=30;F=3|XT300",XT300,8472,PRIMARY,7977,21,-0.2398504483452164,-0.35408726836821336,0.18290083991475492,-0.2558836472202323,-0.2237714133744827,-0.24323229072733915,-0.2405859929219231,0.0234423968910618
H03,"H03|D=30;F=3|XT300",XT300,8472,NOINS,7977,21,-0.2415219080397626,-0.355999328734173,0.18164723580293343,-0.25756217224770384,-0.22546774652452636,-0.2449038519220132,-0.24225573494949165,0.023317036479879653
H03,"H03|D=30;F=3|XT300",XT300,8472,L10,7532,21,-0.2274627555670395,-0.3167674810038278,0.17193308550185873,-0.2444903839763463,-0.20957415734312704,-0.23199944284037202,-0.23133805841678592,0.01779075942644716
H03,"H03|D=30;F=3|XT1800",XT1800,8472,KILL,8394,21,-0.3399705179987388,-0.46212009352768524,0.07612580414581845,-0.3602699305732551,-0.31746993411750873,-0.34372453992906465,-0.3399737288297286,0.03895639742673338
H03,"H03|D=30;F=3|XT1800",XT1800,8472,PRIMARY,7977,21,-0.3515418840125017,-0.4640755731748997,0.07195687601855334,-0.36898215437245824,-0.332941660472963,-0.3552329824851301,-0.35252976827048743,0.03622915883164097
H03,"H03|D=30;F=3|XT1800",XT1800,8472,NOINS,7977,21,-0.35291903523333873,-0.46504030824431597,0.0710793531402783,-0.3702504205516006,-0.33432791725427685,-0.3566106517990981,-0.3539124164726329,0.03610379842045882
H03,"H03|D=30;F=3|XT1800",XT1800,8472,L10,7532,21,-0.33692955399425695,-0.43666322999800994,0.06532129580456718,-0.3556970009353738,-0.31758799807264837,-0.3415402247701823,-0.3438078011959223,0.028810408921933085
H03,"H03|D=30;F=3|XB",XB,8472,KILL,8394,21,-0.11584429636319356,-0.30505025123128204,0.2394567548248749,-0.12693379926485168,-0.10388246077282247,-0.1165322587210579,-0.11584874626931894,0.009411484393614486
H03,"H03|D=30;F=3|XB",XB,8472,PRIMARY,7977,21,-0.16616232377178028,-0.3134551521002103,0.21850319669048515,-0.1772967500035609,-0.15496399848658465,-0.1670472642639382,-0.16706289790199208,0.011282437006393382
H03,"H03|D=30;F=3|XB",XB,8472,NOINS,7977,21,-0.16867486017432656,-0.3141561456827702,0.21561990723329572,-0.17975272286508287,-0.1574632811510588,-0.16955933659937764,-0.16959571254618852,0.010906355772846935
H03,"H03|D=30;F=3|XB",XB,8472,L10,7532,21,-0.17800262098354275,-0.3037138222316475,0.19530005310674456,-0.19076994318550802,-0.16446519999631146,-0.17987631642529653,-0.18109776643176081,0.010355815188528943
H03,"H03|D=30;F=3|XR",XR,8472,KILL,8394,21,-0.10782227095862454,-0.25337137953335653,0.19537765070288302,-0.12781526212578664,-0.08516987776367335,-0.11136491237614313,-0.10782434314036538,0.027043126042411245
H03,"H03|D=30;F=3|XR",XR,8472,PRIMARY,7977,21,-0.21402837198971955,-0.31407734795513664,0.13363419832017048,-0.22853838994649245,-0.1986113037901314,-0.21748611797114314,-0.21504580100635068,0.025322803058794034
H03,"H03|D=30;F=3|XR",XR,8472,NOINS,7977,21,-0.21614257664267392,-0.31654373238504,0.1318791525636204,-0.23060955921735357,-0.20078870125471968,-0.2196010715717579,-0.2171693685819671,0.025197442647611885
H03,"H03|D=30;F=3|XR",XR,8472,L10,7532,21,-0.22354280238685265,-0.3081044154770341,0.12214551248008497,-0.238865880937588,-0.2058290022509359,-0.22766742719324282,-0.22829202274922286,0.020711630377057887
H03,"H03|D=30;F=3|XG",XG,8472,KILL,8394,21,-0.203251854696307,-0.3095208248345853,0.05611150822015726,-0.2185437890385975,-0.1872581244987245,-0.20678252748489634,-0.20325890587475284,0.010841076959733143
H03,"H03|D=30;F=3|XG",XG,8472,PRIMARY,7977,21,-0.2714689452734247,-0.3348185595340004,0.05302745393004889,-0.2845452553847577,-0.25774416094035063,-0.2751379711691611,-0.2726337039811694,0.01704901592077222
H03,"H03|D=30;F=3|XG",XG,8472,NOINS,7977,21,-0.2724146878327231,-0.33526502086507015,0.05265137269650245,-0.28549881504775093,-0.2586821450653774,-0.2760812530010128,-0.2735768618827755,0.016547574276043624
H03,"H03|D=30;F=3|XG",XG,8472,L10,7532,21,-0.27721325274948555,-0.3326067291925475,0.05045140732873075,-0.29125922322620823,-0.26171981866238997,-0.28145152524565237,-0.2817817840808156,0.017657992565055763
H03,"H03|D=30;F=8|XT60",XT60,3279,KILL,3250,21,-0.09850176055886084,-0.1316840704442565,0.3535384615384615,-0.12345977598042254,-0.07208325653224074,-0.10458450305828426,-0.09851467637182942,0.03230769230769231
H03,"H03|D=30;F=8|XT60",XT60,3279,PRIMARY,3015,21,-0.12357824408829128,-0.12992137255881325,0.3419568822553897,-0.14064027412471147,-0.10517978180705947,-0.1292784952478047,-0.12329153438444924,0.026865671641791045
H03,"H03|D=30;F=8|XT60",XT60,3279,NOINS,3015,21,-0.12530009649721635,-0.13152488886668998,0.338971807628524,-0.14232355643142802,-0.10691210876818101,-0.13100181032114075,-0.12501646180207932,0.026533996683250415
H03,"H03|D=30;F=8|XT60",XT60,3279,L10,2786,21,-0.14112665120627457,-0.13061075120037427,0.31299353912419237,-0.15910266588931452,-0.12009963446118983,-0.14529033790238027,-0.1435460660173543,0.01866475233309404
H03,"H03|D=30;F=8|XT300",XT300,3279,KILL,3250,21,-0.2653487661858338,-0.5019761902392916,0.20615384615384616,-0.2909423772463824,-0.23765345896739426,-0.2720657136155919,-0.2653612396144529,0.06923076923076923
H03,"H03|D=30;F=8|XT300",XT300,3279,PRIMARY,3015,21,-0.2830222999403668,-0.5097091103313556,0.20132669983416251,-0.31128097088078904,-0.2549834727698402,-0.29035044059868226,-0.28425852993419143,0.06368159203980099
H03,"H03|D=30;F=8|XT300",XT300,3279,NOINS,3015,21,-0.2837352922599898,-0.5100219844873572,0.20132669983416251,-0.311988146039888,-0.2556977209281053,-0.29106414304774103,-0.28495894433168545,0.06334991708126037
H03,"H03|D=30;F=8|XT300",XT300,3279,L10,2786,21,-0.28461321825275876,-0.4692570116057688,0.1773151471643934,-0.31501512665698056,-0.2547151178203309,-0.2930864858425831,-0.2942583482717573,0.049174443646805455
H03,"H03|D=30;F=8|XT1800",XT1800,3279,KILL,3250,21,-0.3700249662946212,-0.6186789811452167,0.12153846153846154,-0.393903243547239,-0.3455015586123983,-0.37711277897765894,-0.37003679727976135,0.1003076923076923
H03,"H03|D=30;F=8|XT1800",XT1800,3279,PRIMARY,3015,21,-0.38329688984991256,-0.6209424912319611,0.11807628524046435,-0.41197875423888125,-0.3547283557611086,-0.39072490559777795,-0.38537977036347865,0.09485903814262023
H03,"H03|D=30;F=8|XT1800",XT1800,3279,NOINS,3015,21,-0.38413942603381607,-0.6214364357584296,0.11774461028192372,-0.4126622288479905,-0.3556995468204672,-0.3915682809388719,-0.3862294568785931,0.0945273631840796
H03,"H03|D=30;F=8|XT1800",XT1800,3279,L10,2786,21,-0.3838899870000069,-0.5955623868558007,0.0990667623833453,-0.4094789147873192,-0.35798727312656947,-0.3928912719545859,-0.39544717971377585,0.07753050969131371
H03,"H03|D=30;F=8|XB",XB,3279,KILL,3250,21,-0.08658310328760797,-0.30832514153613577,0.2923076923076923,-0.10405850355386265,-0.06820523714508572,-0.08816873827437291,-0.08659676001553095,0.02923076923076923
H03,"H03|D=30;F=8|XB",XB,3279,PRIMARY,3015,21,-0.16284630709019562,-0.32732143155503135,0.2640132669983416,-0.17930517057800005,-0.1450685453950222,-0.1650783714277719,-0.162658571738372,0.033499170812603646
H03,"H03|D=30;F=8|XB",XB,3279,NOINS,3015,21,-0.16481825049449048,-0.32789834808944496,0.2620232172470978,-0.18199025209131783,-0.14649945520538166,-0.16705001289820678,-0.16469526638431864,0.03250414593698176
H03,"H03|D=30;F=8|XB",XB,3279,L10,2786,21,-0.18862320247876146,-0.3219427442624636,0.23151471643933955,-0.21260439203586065,-0.1647247273662055,-0.19104914930200062,-0.19202399550776675,0.02907394113424264
H03,"H03|D=30;F=8|XR",XR,3279,KILL,3250,21,-0.059690895416676805,-0.2542246741423556,0.236,-0.08380773532703548,-0.035440554103975994,-0.06631506626835536,-0.059706734185562174,0.07076923076923076
H03,"H03|D=30;F=8|XR",XR,3279,PRIMARY,3015,21,-0.19490044348358287,-0.34368262406634936,0.17280265339966833,-0.21573694976977126,-0.17265184742274062,-0.2018850679799196,-0.1957065200638407,0.06633499170812604
H03,"H03|D=30;F=8|XR",XR,3279,NOINS,3015,21,-0.19625570336026268,-0.34519088475349424,0.17213930348258707,-0.21724914678616702,-0.17394797237520945,-0.20324167769804846,-0.19707507798788684,0.0660033167495854
H03,"H03|D=30;F=8|XR",XR,3279,L10,2786,21,-0.218764641055247,-0.34068979998284243,0.1618808327351041,-0.24461344442542018,-0.19117287566442637,-0.2275879252775832,-0.22413131605761014,0.05563531945441493
H03,"H03|D=30;F=8|XG",XG,3279,KILL,3250,21,-0.15584173505437962,-0.3140231530769613,0.096,-0.17279879778343507,-0.1384664896913298,-0.16254212593612336,-0.15585881871734533,0.02676923076923077
H03,"H03|D=30;F=8|XG",XG,3279,PRIMARY,3015,21,-0.24713965045104094,-0.36542773183814736,0.09485903814262023,-0.2677838302492526,-0.22564573408829994,-0.253932453753802,-0.2476422762522784,0.043449419568822555
H03,"H03|D=30;F=8|XG",XG,3279,NOINS,3015,21,-0.24716554385961814,-0.365449573471597,0.09485903814262023,-0.2678423637558174,-0.22585832898156868,-0.25395803614793777,-0.24763502869691065,0.042786069651741296
H03,"H03|D=30;F=8|XG",XG,3279,L10,2786,21,-0.281480453021808,-0.3764649138499495,0.08255563531945441,-0.3034616814102897,-0.25998444973761226,-0.2903710061175913,-0.2865851626637411,0.04594400574300072
H03,"H03|D=120;F=3|XT60",XT60,10049,KILL,9935,21,-0.10449181875843595,-0.09663111287995622,0.3128334172118772,-0.11836289688343887,-0.08856802728571231,-0.1071899711033213,-0.10449694189767375,0.008857574232511324
H03,"H03|D=120;F=3|XT60",XT60,10049,PRIMARY,9572,21,-0.11014055325686384,-0.08431272653688768,0.3004596740493105,-0.12101570914917775,-0.09806280720653505,-0.11205414829462486,-0.11003271314264446,0.007208524864187213
H03,"H03|D=120;F=3|XT60",XT60,10049,NOINS,9572,21,-0.11329379915794259,-0.08841129639193365,0.2937735060593397,-0.12413014533340062,-0.10124087452088525,-0.11520741465534967,-0.11319588496720769,0.007208524864187213
H03,"H03|D=120;F=3|XT60",XT60,10049,L10,9147,21,-0.11318761829897249,-0.08001245351537498,0.27145512189789,-0.12367279316382218,-0.10149965589042076,-0.11577275203741859,-0.11477117645864028,0.005794249480704056
H03,"H03|D=120;F=3|XT300",XT300,10049,KILL,9935,21,-0.22274167725012373,-0.3200724541067609,0.18822345244086564,-0.23988388242910175,-0.20336120905287977,-0.22567078676320912,-0.22275024318958078,0.020030196275792653
H03,"H03|D=120;F=3|XT300",XT300,10049,PRIMARY,9572,21,-0.22394409901530504,-0.3097435063114743,0.18355620559966568,-0.23807954663764813,-0.20821715233904017,-0.2268247412369117,-0.2252520786812035,0.017551190973673213
H03,"H03|D=120;F=3|XT300",XT300,10049,NOINS,9572,21,-0.22604665928461376,-0.31174063728106693,0.18104889260342666,-0.24014751931001777,-0.21036578742443512,-0.22892747871511904,-0.2273476061807747,0.01744671959882992
H03,"H03|D=120;F=3|XT300",XT300,10049,L10,9147,21,-0.2078308694173024,-0.2768671198883712,0.17262490434022085,-0.22266395252618207,-0.19171616428396843,-0.21155985266560512,-0.2127906367094923,0.014212310047009949
H03,"H03|D=120;F=3|XT1800",XT1800,10049,KILL,9935,21,-0.32508368060771015,-0.40936237003134174,0.07539003522898842,-0.34128896962589356,-0.30784772929625015,-0.3283044866747681,-0.32508711821121167,0.03090085556114746
H03,"H03|D=120;F=3|XT1800",XT1800,10049,PRIMARY,9572,21,-0.3241008148464192,-0.40157797457788147,0.07177183451734225,-0.3385659193379561,-0.3092214797830174,-0.3271723064418669,-0.32586337005668004,0.028311742582532388
H03,"H03|D=120;F=3|XT1800",XT1800,10049,NOINS,9572,21,-0.3258290607530879,-0.40319200275611766,0.07093606351859591,-0.34027924158916867,-0.3110228261233456,-0.32890109415722996,-0.3275885444316632,0.028207271207689094
H03,"H03|D=120;F=3|XT1800",XT1800,10049,L10,9147,21,-0.30384084854051224,-0.37240825174585324,0.06767246091614737,-0.31921321777977324,-0.2889117941685034,-0.3076252946368386,-0.3122493970315985,0.023504974308516453
H03,"H03|D=120;F=3|XB",XB,10049,KILL,9935,21,-0.13176881874268745,-0.30405471369583603,0.21298439859084045,-0.14120585071002703,-0.12217146244662085,-0.13242206742081772,-0.1317729240017051,0.007247106190236537
H03,"H03|D=120;F=3|XB",XB,10049,PRIMARY,9572,21,-0.1698037015471693,-0.3071240331323715,0.19933138320100294,-0.17880405570256483,-0.161217852576821,-0.17062593266705922,-0.17076628768305532,0.008671124111993314
H03,"H03|D=120;F=3|XB",XB,10049,NOINS,9572,21,-0.17283301971655127,-0.30830100063173815,0.19630171333054744,-0.18190684980229488,-0.164163823943287,-0.17365555703451413,-0.1738063973757232,0.008357709987463435
H03,"H03|D=120;F=3|XB",XB,10049,L10,9147,21,-0.17522479601059726,-0.29554849661694615,0.1788564556685252,-0.1837323315633234,-0.16633907948562981,-0.1769317172941724,-0.17897642675001252,0.008527386028205968
H03,"H03|D=120;F=3|XR",XR,10049,KILL,9935,21,-0.1302925256222257,-0.25837951345704196,0.17513839959738298,-0.14543499986245165,-0.11190174713580256,-0.13329090573165425,-0.13029571524382363,0.022345244086562657
H03,"H03|D=120;F=3|XR",XR,10049,PRIMARY,9572,21,-0.2115561945263298,-0.3009875541284686,0.1243209360635186,-0.22164064924746155,-0.19971199007843504,-0.2144959285906401,-0.2127962009465337,0.020476389469285417
H03,"H03|D=120;F=3|XR",XR,10049,NOINS,9572,21,-0.21390868643725947,-0.3035840488523104,0.12254492269118261,-0.22399200392755853,-0.20208559157028858,-0.2168491580288498,-0.2151445500062746,0.020371918094442124
H03,"H03|D=120;F=3|XR",XR,10049,L10,9147,21,-0.21351555509123019,-0.2890602968555607,0.11708756969498196,-0.22477501974456005,-0.2007698507736051,-0.21690691269693096,-0.21856405978494112,0.01792937575161255
H03,"H03|D=120;F=3|XG",XG,10049,KILL,9935,21,-0.21245315357131916,-0.30788967713049104,0.05415198792148968,-0.22423544195128775,-0.19890980653771237,-0.2154249538530332,-0.21245960748372913,0.00926019124308002
H03,"H03|D=120;F=3|XG",XG,10049,PRIMARY,9572,21,-0.2642153934770837,-0.3238064035821867,0.05223568742164647,-0.27405250097663675,-0.25369368498368594,-0.26732250238485106,-0.2659534979634789,0.014103635603844547
H03,"H03|D=120;F=3|XG",XG,10049,NOINS,9572,21,-0.26533637355001194,-0.3246167575013602,0.05150438779774342,-0.2752398762021334,-0.25473471320793234,-0.268441926265408,-0.26705242633423626,0.013894692854157962
H03,"H03|D=120;F=3|XG",XG,10049,L10,9147,21,-0.26101089621525686,-0.3172865905597868,0.0517109434787362,-0.2729613516530938,-0.24820050554747125,-0.26449529544470124,-0.26802365121334026,0.01508691374221056
H03,"H03|D=120;F=8|XT60",XT60,5629,KILL,5568,21,-0.13269352769806542,-0.14379108004576888,0.3232758620689655,-0.15033606125442317,-0.1132502790313451,-0.13580081470730018,-0.13270089353119052,0.016882183908045977
H03,"H03|D=120;F=8|XT60",XT60,5629,PRIMARY,5362,21,-0.14594456861908073,-0.1395421491317302,0.3144349123461395,-0.1612392679067861,-0.13085841853745273,-0.1483249450050424,-0.14569894667209626,0.013241327862737785
H03,"H03|D=120;F=8|XT60",XT60,5629,NOINS,5362,21,-0.1481535211846917,-0.14200056903896785,0.3103319656844461,-0.16338984623988287,-0.1331067768732898,-0.1505344335466866,-0.1479155873095843,0.013054830287206266
H03,"H03|D=120;F=8|XT60",XT60,5629,L10,5039,21,-0.14768364600000913,-0.12126032623786538,0.2921214526691804,-0.159980516878633,-0.13473799719513965,-0.1507692672832911,-0.15087984478531136,0.010121055765032744
H03,"H03|D=120;F=8|XT300",XT300,5629,KILL,5568,21,-0.2844732490825286,-0.4694420874583354,0.1869612068965517,-0.30772974921523527,-0.26080345586320647,-0.28852782567683094,-0.28448458959466383,0.036637931034482756
H03,"H03|D=120;F=8|XT300",XT300,5629,PRIMARY,5362,21,-0.29080012614720807,-0.4633960619971557,0.1814621409921671,-0.31286625247462774,-0.26816147749002195,-0.2949892067484068,-0.2931277778132625,0.031704587840358074
H03,"H03|D=120;F=8|XT300",XT300,5629,NOINS,5362,21,-0.2919237541281398,-0.46423990497531825,0.18090264826557254,-0.3139699216675757,-0.26930818537126994,-0.2961121856008291,-0.29424118271775973,0.031518090264826555
H03,"H03|D=120;F=8|XT300",XT300,5629,L10,5039,21,-0.2772403446752052,-0.4281669637982415,0.1682873586028974,-0.29602459622921445,-0.25739717408293916,-0.2827531156233889,-0.28698081234633,0.025004961301845603
H03,"H03|D=120;F=8|XT1800",XT1800,5629,KILL,5568,21,-0.4038834723872304,-0.5582972190438287,0.08081896551724138,-0.4246771129218854,-0.3826031213906,-0.40820815691039775,-0.40388996656840587,0.05477729885057471
H03,"H03|D=120;F=8|XT1800",XT1800,5629,PRIMARY,5362,21,-0.4094260527033644,-0.5538398215994937,0.07590451324132787,-0.42929523798346625,-0.3893895209484575,-0.4138621709312631,-0.41179391053500525,0.04942185751585229
H03,"H03|D=120;F=8|XT1800",XT1800,5629,NOINS,5362,21,-0.4103999203904571,-0.5545535388724432,0.07571801566579635,-0.4301394609284455,-0.3904692463894259,-0.41483658378043103,-0.4127660824453402,0.04923535994032078
H03,"H03|D=120;F=8|XT1800",XT1800,5629,L10,5039,21,-0.39300250542942317,-0.5296501356094693,0.06707680095256996,-0.4111800272341473,-0.37550996663773345,-0.39858423715645186,-0.4071033241578242,0.04068267513395515
H03,"H03|D=120;F=8|XB",XB,5629,KILL,5568,21,-0.12916799455053926,-0.3088977613054077,0.23527298850574713,-0.14221608585244316,-0.11615703560323251,-0.1301590180058575,-0.1291756824146977,0.013649425287356323
H03,"H03|D=120;F=8|XB",XB,5629,PRIMARY,5362,21,-0.1939409906137237,-0.3356014061082357,0.22230511003356956,-0.2070592637817492,-0.1813732778681838,-0.1955546312046627,-0.19453263075477623,0.015852293920179037
H03,"H03|D=120;F=8|XB",XB,5629,NOINS,5362,21,-0.19733886068259104,-0.3363696999101205,0.21894815367400225,-0.21059851974176136,-0.1844341208449036,-0.19895180685572011,-0.19798820424840688,0.015292801193584483
H03,"H03|D=120;F=8|XB",XB,5629,L10,5039,21,-0.21291741811518108,-0.3374189600000372,0.19646755308592975,-0.22560049460603435,-0.1997832520892249,-0.21440186322543975,-0.2184482833749164,0.014487001389164516
H03,"H03|D=120;F=8|XR",XR,5629,KILL,5568,21,-0.122450533492677,-0.2863951693945575,0.18767959770114942,-0.14093640433860047,-0.10168633044431379,-0.12649041090170937,-0.12245943237418813,0.03987068965517242
H03,"H03|D=120;F=8|XR",XR,5629,PRIMARY,5362,21,-0.24089449657266618,-0.36227205199503226,0.13744871316672883,-0.2547734529428584,-0.2243744513934303,-0.24507944007498855,-0.2420753451075081,0.03580753450205147
H03,"H03|D=120;F=8|XR",XR,5629,NOINS,5362,21,-0.24251908388205778,-0.36461817108762984,0.13670272286460275,-0.25645410671234264,-0.22604658423561064,-0.24670493683061331,-0.24368350275985384,0.03562103692651995
H03,"H03|D=120;F=8|XR",XR,5629,L10,5039,21,-0.2522452001870648,-0.3636652379640046,0.13058146457630482,-0.2666244230473295,-0.23540733073646478,-0.25765157433120456,-0.26073408648064755,0.03135542766421909
H03,"H03|D=120;F=8|XG",XG,5629,KILL,5568,21,-0.20907088346759423,-0.31332025769862193,0.06196120689655173,-0.2214564204586251,-0.19647402063303254,-0.21308987108672708,-0.2090781452327547,0.01598419540229885
H03,"H03|D=120;F=8|XG",XG,5629,PRIMARY,5362,21,-0.29498563365051733,-0.3681844810785768,0.0587467362924282,-0.3086514475222099,-0.2798736490152045,-0.29929382209668537,-0.2961777867790598,0.02424468481909735
H03,"H03|D=120;F=8|XG",XG,5629,NOINS,5362,21,-0.295362426846671,-0.3681652879635664,0.05856023871689668,-0.30909693352757994,-0.2801677578384586,-0.29967082571508963,-0.2965593857094703,0.023871689668034317
H03,"H03|D=120;F=8|XG",XG,5629,L10,5039,21,-0.30685311772996166,-0.385225106614539,0.055169676523119666,-0.3200784016806668,-0.29130587992547474,-0.31238323664182194,-0.3162880929698893,0.02560031752331812
H04,"H04|A=300;r=0.6|XT60",XT60,275,KILL,273,21,-0.07179188665291227,-0.032320770110939756,0.38461538461538464,-0.11503471240491081,-0.032141159731186274,-0.08271501723989808,-0.07180993109675149,0.01098901098901099
H04,"H04|A=300;r=0.6|XT60",XT60,275,PRIMARY,272,21,-0.06422015346485564,-0.02289339193846461,0.4117647058823529,-0.10451435143976515,-0.02569728769715395,-0.07420364589186512,-0.064487709280285,0.007352941176470588
H04,"H04|A=300;r=0.6|XT60",XT60,275,NOINS,272,21,-0.06703900455400337,-0.02631002447430198,0.40808823529411764,-0.1071626892281222,-0.02872993148809207,-0.07703856190707216,-0.06731337762350695,0.007352941176470588
H04,"H04|A=300;r=0.6|XT60",XT60,275,L10,268,19,-0.0815568428617376,-0.026763288547025622,0.3917910447761194,-0.1235826386766457,-0.04041639801337546,-0.09115536014294325,-0.08142012184125569,0.007462686567164179
H04,"H04|A=300;r=0.6|XT300",XT300,275,KILL,273,21,-0.17802990142427816,-0.1954505546987712,0.31868131868131866,-0.2505187827255066,-0.10417343354639369,-0.21377958661509947,-0.1780767058705218,0.03296703296703297
H04,"H04|A=300;r=0.6|XT300",XT300,275,PRIMARY,272,21,-0.1703659063325537,-0.1936747940596466,0.31985294117647056,-0.2412727492304745,-0.09561646695512416,-0.20631895455191485,-0.172074365270936,0.029411764705882353
H04,"H04|A=300;r=0.6|XT300",XT300,275,NOINS,272,21,-0.1718501091495261,-0.19460863447832755,0.3161764705882353,-0.24263281266672604,-0.09719527274641813,-0.20780999335640982,-0.17355646802393437,0.029411764705882353
H04,"H04|A=300;r=0.6|XT300",XT300,275,L10,268,19,-0.1756019033406527,-0.2029916448988494,0.30970149253731344,-0.2499478584739994,-0.0939702427923154,-0.2120167041399155,-0.17699482476619893,0.029850746268656716
H04,"H04|A=300;r=0.6|XT1800",XT1800,275,KILL,273,21,-0.40438912760659895,-0.6375390080095518,0.12087912087912088,-0.499654776018868,-0.29747984006144496,-0.4514552937936618,-0.4044320364671094,0.07692307692307693
H04,"H04|A=300;r=0.6|XT1800",XT1800,275,PRIMARY,272,21,-0.39928209364820466,-0.6304156736570582,0.11764705882352941,-0.4970882722461348,-0.28767099982374805,-0.44536209498374557,-0.40146707591435216,0.07352941176470588
H04,"H04|A=300;r=0.6|XT1800",XT1800,275,NOINS,272,21,-0.39984056890271535,-0.6308887004481644,0.11764705882352941,-0.4976053413351328,-0.2882329959671024,-0.4459267984437126,-0.4020202359479586,0.07352941176470588
H04,"H04|A=300;r=0.6|XT1800",XT1800,275,L10,268,19,-0.40650296551447596,-0.6257361489727353,0.11194029850746269,-0.4919753877232301,-0.3096656297593232,-0.4525575269035292,-0.4102888668592942,0.07462686567164178
H04,"H04|A=300;r=0.6|XB",XB,275,KILL,273,21,-0.11882395348321612,-0.30831228297099644,0.2673992673992674,-0.16429187837327777,-0.06811202726597256,-0.13445274310799957,-0.11885745763209006,0.029304029304029304
H04,"H04|A=300;r=0.6|XB",XB,275,PRIMARY,272,21,-0.21763978992105512,-0.35396978672393986,0.26838235294117646,-0.2717083799330889,-0.15575501586283708,-0.23458747020712054,-0.21885740933161302,0.029411764705882353
H04,"H04|A=300;r=0.6|XB",XB,275,NOINS,272,21,-0.22222447345847257,-0.35579585435292943,0.2647058823529412,-0.2796102046511053,-0.15805337826934582,-0.2392232840442115,-0.22346045018158495,0.029411764705882353
H04,"H04|A=300;r=0.6|XB",XB,275,L10,268,19,-0.23244310147007743,-0.38684334457183256,0.2574626865671642,-0.28546470170846727,-0.17181245497621053,-0.2494085502024176,-0.23301235545987897,0.029850746268656716
H04,"H04|A=300;r=0.6|XR",XR,275,KILL,273,21,-0.07945769401484269,-0.257820605940003,0.23809523809523808,-0.15504632732036558,0.008914901166675171,-0.12291351093977486,-0.07949877214451227,0.0695970695970696
H04,"H04|A=300;r=0.6|XR",XR,275,PRIMARY,272,21,-0.2645767008554953,-0.4347311337304072,0.14338235294117646,-0.353212623124048,-0.16309940497923464,-0.3091544115650953,-0.26533691634914325,0.0661764705882353
H04,"H04|A=300;r=0.6|XR",XR,275,NOINS,272,21,-0.2670968826435442,-0.440286269417112,0.14338235294117646,-0.3547523260897853,-0.16571850386934645,-0.3117026993266327,-0.26790499397572126,0.0661764705882353
H04,"H04|A=300;r=0.6|XR",XR,275,L10,268,19,-0.29276028652829356,-0.45020439023112013,0.12686567164179105,-0.3809499422515948,-0.19510190106842512,-0.3375271949476918,-0.2951235705242646,0.06716417910447761
H04,"H04|A=300;r=0.6|XG",XG,275,KILL,273,21,-0.15830885367037026,-0.31411034276901645,0.11721611721611722,-0.23722802637358675,-0.06545549304665427,-0.201206893053501,-0.15834708228327887,0.03663003663003663
H04,"H04|A=300;r=0.6|XG",XG,275,PRIMARY,272,21,-0.3056628943463828,-0.47492525238628347,0.11397058823529412,-0.40042287679648914,-0.18967030686615205,-0.34934376230962416,-0.30666153904463367,0.04044117647058824
H04,"H04|A=300;r=0.6|XG",XG,275,NOINS,272,21,-0.30648395856500743,-0.47568144169806015,0.11397058823529412,-0.4010123425006472,-0.19048992058605252,-0.35016350312910777,-0.3074802279991103,0.04044117647058824
H04,"H04|A=300;r=0.6|XG",XG,275,L10,268,19,-0.32952552412725716,-0.5147185179986966,0.11567164179104478,-0.412981532024454,-0.2309496208730886,-0.37403476869810204,-0.3322173468183444,0.04477611940298507
H04,"H04|A=300;r=0.8|XT60",XT60,86,KILL,85,18,-0.09770637570716936,-0.03043130192527735,0.38823529411764707,-0.16049744461590257,-0.04060003062220874,-0.1134266665155805,-0.0977319606048976,0
H04,"H04|A=300;r=0.8|XT60",XT60,86,PRIMARY,85,18,-0.07830315695971395,-0.015550057881379533,0.43529411764705883,-0.13650167490858817,-0.02469756936055523,-0.09545321197296915,-0.07836716735333016,0
H04,"H04|A=300;r=0.8|XT60",XT60,86,NOINS,85,18,-0.08111546247256371,-0.01856786015216502,0.43529411764705883,-0.13909855619493172,-0.027653101836083462,-0.0982435886712219,-0.08119214059979556,0
H04,"H04|A=300;r=0.8|XT60",XT60,86,L10,85,18,-0.0916938911027024,-0.02344572233083647,0.38823529411764707,-0.14478538193476545,-0.0411053518971643,-0.10953628584511407,-0.09315072520073739,0
H04,"H04|A=300;r=0.8|XT300",XT300,86,KILL,85,18,-0.14556653804566858,-0.1086620566140988,0.3411764705882353,-0.2641557265362385,-0.013461345985629777,-0.2178273995631561,-0.14562597434661326,0.047058823529411764
H04,"H04|A=300;r=0.8|XT300",XT300,86,PRIMARY,85,18,-0.11881139674029356,-0.11511962093432875,0.36470588235294116,-0.24238078349209782,0.01876543997196969,-0.1941022096637362,-0.12252169042855499,0.047058823529411764
H04,"H04|A=300;r=0.8|XT300",XT300,86,NOINS,85,18,-0.1203722814935455,-0.11650902845944557,0.35294117647058826,-0.24389229439937435,0.017170122529979664,-0.19570807138858287,-0.12408043681551002,0.047058823529411764
H04,"H04|A=300;r=0.8|XT300",XT300,86,L10,85,18,-0.13045662210507544,-0.14631450748363686,0.35294117647058826,-0.253471977465788,0.008228761393724882,-0.19951957500582465,-0.1323409452207034,0.047058823529411764
H04,"H04|A=300;r=0.8|XT1800",XT1800,86,KILL,85,18,-0.3548942212250107,-0.613410089050296,0.15294117647058825,-0.4987737455792006,-0.19680214892115974,-0.4692920019582419,-0.35496107153555245,0.08235294117647059
H04,"H04|A=300;r=0.8|XT1800",XT1800,86,PRIMARY,85,18,-0.3407982690431473,-0.6068583187652964,0.15294117647058825,-0.48674574978516644,-0.18114361038268087,-0.45537795003270504,-0.34539533779993425,0.08235294117647059
H04,"H04|A=300;r=0.8|XT1800",XT1800,86,NOINS,85,18,-0.34144103619126265,-0.6073143099745267,0.15294117647058825,-0.48735606454174624,-0.18174076125586067,-0.4560442328084461,-0.346030013765354,0.08235294117647059
H04,"H04|A=300;r=0.8|XT1800",XT1800,86,L10,85,18,-0.3471229666154004,-0.6092388791768643,0.15294117647058825,-0.478039010542352,-0.198005874808444,-0.46077132378485874,-0.3540518119107644,0.08235294117647059
H04,"H04|A=300;r=0.8|XB",XB,86,KILL,85,18,-0.10408225116128075,-0.3091208298094622,0.3176470588235294,-0.1971796566423836,-0.01208914638680104,-0.13730333468447573,-0.10412998195697758,0.023529411764705882
H04,"H04|A=300;r=0.8|XB",XB,86,PRIMARY,85,18,-0.18456132224112898,-0.33983239089219386,0.3058823529411765,-0.29488285051076235,-0.07230547556109619,-0.22793281235807233,-0.18732820969394523,0.023529411764705882
H04,"H04|A=300;r=0.8|XB",XB,86,NOINS,85,18,-0.18485656349804722,-0.340909492824979,0.3058823529411765,-0.2954219938075857,-0.07280236356158676,-0.22812572659227587,-0.18764918832736194,0.023529411764705882
H04,"H04|A=300;r=0.8|XB",XB,86,L10,85,18,-0.20087586688712378,-0.36191587199645525,0.29411764705882354,-0.3031392520748997,-0.09602661945941132,-0.24549383849508788,-0.20406763573904238,0.023529411764705882
H04,"H04|A=300;r=0.8|XR",XR,86,KILL,85,18,-0.04879861796356233,-0.2388330928809512,0.27058823529411763,-0.17490783632327098,0.09195140033742535,-0.15199777906527717,-0.048867351490246,0.08235294117647059
H04,"H04|A=300;r=0.8|XR",XR,86,PRIMARY,85,18,-0.21629523567433098,-0.41780518455621596,0.17647058823529413,-0.3296047404344402,-0.07419835011462633,-0.32631992763820017,-0.21986344291476198,0.08235294117647059
H04,"H04|A=300;r=0.8|XR",XR,86,NOINS,85,18,-0.22089990436360674,-0.4269722691174267,0.17647058823529413,-0.331822504656036,-0.07941110997755546,-0.3310930595724613,-0.224637875392833,0.08235294117647059
H04,"H04|A=300;r=0.8|XR",XR,86,L10,85,18,-0.2354143077304478,-0.4379861944957794,0.16470588235294117,-0.3451537713847114,-0.09843661220661815,-0.3449757627455785,-0.24037383977065846,0.08235294117647059
H04,"H04|A=300;r=0.8|XG",XG,86,KILL,85,18,-0.15646838291591275,-0.3176016019103527,0.15294117647058825,-0.2564254884300826,-0.03141461922795414,-0.2549042918774728,-0.1565080696306212,0.03529411764705882
H04,"H04|A=300;r=0.8|XG",XG,86,PRIMARY,85,18,-0.2800104792363656,-0.4386521951950452,0.15294117647058825,-0.38716879645897184,-0.1272808013561119,-0.3844248459893078,-0.28319524446338185,0.047058823529411764
H04,"H04|A=300;r=0.8|XG",XG,86,NOINS,85,18,-0.28069202461758624,-0.439454263023825,0.15294117647058825,-0.38786292937257516,-0.12806502478247583,-0.3850639780144498,-0.2838706185395616,0.047058823529411764
H04,"H04|A=300;r=0.8|XG",XG,86,L10,85,18,-0.295982519710869,-0.5057380820637288,0.15294117647058825,-0.4042023759960319,-0.14538691311727234,-0.39900452439748135,-0.30244287967949285,0.047058823529411764
H04,"H04|A=900;r=0.6|XT60",XT60,95,KILL,94,18,-0.04934247530838596,-0.03461657628973683,0.2553191489361702,-0.08896476172170034,-0.01318014247357703,-0.06415240564836767,-0.04934596629878163,0.010638297872340425
H04,"H04|A=900;r=0.6|XT60",XT60,95,PRIMARY,94,18,-0.045189218782263195,-0.026763288547025622,0.2553191489361702,-0.08199906997111286,-0.012705493452218601,-0.06005041462224369,-0.04597286507039491,0.010638297872340425
H04,"H04|A=900;r=0.6|XT60",XT60,95,NOINS,94,18,-0.0484048136248829,-0.03043311522900954,0.2553191489361702,-0.08525193896764253,-0.015988386826831548,-0.06330051582113991,-0.049185961105869015,0.010638297872340425
H04,"H04|A=900;r=0.6|XT60",XT60,95,L10,93,18,-0.0689846264424566,-0.026763288547025622,0.23655913978494625,-0.10005862084172396,-0.039764076366074486,-0.08400239180306363,-0.06895752746862362,0
H04,"H04|A=900;r=0.6|XT300",XT300,95,KILL,94,18,-0.14649946095615693,-0.04952118302572012,0.2765957446808511,-0.19647204706417987,-0.09742094019467704,-0.17415450233457985,-0.14650373850072648,0.02127659574468085
H04,"H04|A=900;r=0.6|XT300",XT300,95,PRIMARY,94,18,-0.14065316585683746,-0.041375286246880486,0.2872340425531915,-0.18941403367851647,-0.09329709157430129,-0.168020447958356,-0.1413069683096429,0.02127659574468085
H04,"H04|A=900;r=0.6|XT300",XT300,95,NOINS,94,18,-0.1430933079789888,-0.04432991848512334,0.2765957446808511,-0.19185531682267468,-0.09576662024654749,-0.17049150172014402,-0.1437439732837596,0.02127659574468085
H04,"H04|A=900;r=0.6|XT300",XT300,95,L10,93,18,-0.15219188538636014,-0.03915493731581839,0.26881720430107525,-0.19462642362136712,-0.11376737854564395,-0.1763386846139139,-0.15179555146801993,0.010752688172043012
H04,"H04|A=900;r=0.6|XT1800",XT1800,95,KILL,94,18,-0.21513310775318273,-0.478445092283966,0.2553191489361702,-0.33723327318552676,-0.0873898776312839,-0.3073456043141435,-0.2151338164624409,0.05319148936170213
H04,"H04|A=900;r=0.6|XT1800",XT1800,95,PRIMARY,94,18,-0.20938369539423038,-0.4723652564806953,0.2553191489361702,-0.33204679495184775,-0.08036675090954705,-0.301941994083352,-0.21030342340762034,0.05319148936170213
H04,"H04|A=900;r=0.6|XT1800",XT1800,95,NOINS,94,18,-0.2108069930152011,-0.4739018280805155,0.24468085106382978,-0.33326938771446674,-0.08179507939853468,-0.3033987676384636,-0.21172571045761165,0.05319148936170213
H04,"H04|A=900;r=0.6|XT1800",XT1800,95,L10,93,18,-0.22016075210969002,-0.4668485163771089,0.25806451612903225,-0.33895300417389007,-0.09349915500038657,-0.31336015855206517,-0.21874338656090983,0.043010752688172046
H04,"H04|A=900;r=0.6|XB",XB,95,KILL,94,18,-0.10556668131859608,-0.3025989552758569,0.2872340425531915,-0.15337550828363064,-0.05858684638068997,-0.13637843798236451,-0.10556446260176454,0.02127659574468085
H04,"H04|A=900;r=0.6|XB",XB,95,PRIMARY,94,18,-0.17971961533267525,-0.31167386797062985,0.2872340425531915,-0.23838558104295898,-0.12100564564757307,-0.21165851962367888,-0.18019136032303934,0.02127659574468085
H04,"H04|A=900;r=0.6|XB",XB,95,NOINS,94,18,-0.18592547133877954,-0.31066530465265485,0.2765957446808511,-0.24380802867475276,-0.12602866836141174,-0.21800852741836904,-0.18638324509818427,0.02127659574468085
H04,"H04|A=900;r=0.6|XB",XB,95,L10,93,18,-0.19726016498311047,-0.32655165076669496,0.27956989247311825,-0.25338156741186557,-0.14266096989283583,-0.2308825865965548,-0.19548315706445263,0.021505376344086023
H04,"H04|A=900;r=0.6|XR",XR,95,KILL,94,18,-0.05573791494250394,-0.23332465548977663,0.2872340425531915,-0.1498864609926686,0.0673887543157775,-0.1426956249272884,-0.05575358637643645,0.05319148936170213
H04,"H04|A=900;r=0.6|XR",XR,95,PRIMARY,94,18,-0.1444241221353805,-0.3129016332850507,0.2553191489361702,-0.24496145912501865,-0.034826377210449774,-0.2348408964313533,-0.14517853796791252,0.05319148936170213
H04,"H04|A=900;r=0.6|XR",XR,95,NOINS,94,18,-0.14645577156570533,-0.31739737275860347,0.24468085106382978,-0.24671051105397507,-0.03740698798145578,-0.2369260773499732,-0.14720885446754717,0.05319148936170213
H04,"H04|A=900;r=0.6|XR",XR,95,L10,93,18,-0.16601059644979288,-0.34918288617092097,0.24731182795698925,-0.2608111919822107,-0.06046662699724524,-0.2574049977035051,-0.1636613574247822,0.043010752688172046
H04,"H04|A=900;r=0.6|XG",XG,95,KILL,94,18,-0.0750120691630485,-0.30610769115964376,0.24468085106382978,-0.19662591825104486,0.05763132414426877,-0.16560829318051817,-0.07502878837103723,0.02127659574468085
H04,"H04|A=900;r=0.6|XG",XG,95,PRIMARY,94,18,-0.16000001365247535,-0.32043487370527246,0.2553191489361702,-0.3084082910704448,-0.006086633935672064,-0.25710283383414645,-0.16048621641118632,0.0425531914893617
H04,"H04|A=900;r=0.6|XG",XG,95,NOINS,94,18,-0.1614007102147694,-0.3223766412733148,0.2553191489361702,-0.3097603343799376,-0.007605526403373258,-0.25850249304479217,-0.16188880358740232,0.0425531914893617
H04,"H04|A=900;r=0.6|XG",XG,95,L10,93,18,-0.18106281676244923,-0.3544731018143482,0.25806451612903225,-0.3224855295924574,-0.03285097016760693,-0.279536864634415,-0.1792815687441683,0.043010752688172046
H04,"H04|A=900;r=0.8|XT60",XT60,26,KILL,26,15,-0.00689854932413053,-0.03198110044276404,0.34615384615384615,-0.1001448857881776,0.058336229805036735,-0.05714387655183291,-0.006899131203400953,0.038461538461538464
H04,"H04|A=900;r=0.8|XT60",XT60,26,PRIMARY,26,15,-0.0025118638943888113,-0.026763288547025622,0.34615384615384615,-0.09326839453564571,0.05671919863108005,-0.055738924192781064,-0.004357791471538673,0.038461538461538464
H04,"H04|A=900;r=0.8|XT60",XT60,26,NOINS,26,15,-0.0057390288700342245,-0.029955042205684033,0.34615384615384615,-0.09613328832491737,0.05343205310358547,-0.059045422926610185,-0.0075802518440527406,0.038461538461538464
H04,"H04|A=900;r=0.8|XT60",XT60,26,L10,25,15,-0.038210465666381616,-0.024118685803569632,0.32,-0.14973842741168558,0.044890929290440404,-0.08571935016448481,-0.04050341837728931,0
H04,"H04|A=900;r=0.8|XT300",XT300,26,KILL,26,15,-0.10990948650428267,-0.034643375951445204,0.38461538461538464,-0.28005705537206194,0.01834924552261078,-0.18994379274616927,-0.10989779538797384,0.038461538461538464
H04,"H04|A=900;r=0.8|XT300",XT300,26,PRIMARY,26,15,-0.10427392655855112,-0.02679019529494031,0.4230769230769231,-0.2730969044469542,0.02349733720163125,-0.18279775349164487,-0.10722255337738963,0.038461538461538464
H04,"H04|A=900;r=0.8|XT300",XT300,26,NOINS,26,15,-0.10673724100845329,-0.03083285550172319,0.4230769230769231,-0.2751710268613049,0.020668000860816087,-0.18522055820625075,-0.10967640849856826,0.038461538461538464
H04,"H04|A=900;r=0.8|XT300",XT300,26,L10,25,15,-0.14164711286768308,-0.034090421935535194,0.36,-0.3065842133393872,-0.008664142981552277,-0.20382239395109475,-0.14188512968091252,0
H04,"H04|A=900;r=0.8|XT1800",XT1800,26,KILL,26,15,0.11421549475561434,-0.00110686533008308,0.5,-0.2991935938855646,0.5754010299015457,-0.18973753293228393,0.1142282706145478,0.07692307692307693
H04,"H04|A=900;r=0.8|XT1800",XT1800,26,PRIMARY,26,15,0.11880352371088407,-0.00040205784560574985,0.5,-0.29404029245456187,0.5828028184783611,-0.18659752080516906,0.11383433630420065,0.07692307692307693
H04,"H04|A=900;r=0.8|XT1800",XT1800,26,NOINS,26,15,0.11707211261989438,-0.0029804470734976054,0.46153846153846156,-0.29565743962883995,0.5808179127992519,-0.18829088747757175,0.112108232518097,0.07692307692307693
H04,"H04|A=900;r=0.8|XT1800",XT1800,26,L10,25,15,0.08189172412993997,-0.0028881328371023218,0.48,-0.3296860324454019,0.541034054978617,-0.2344108082975948,0.08497249113879968,0.04
H04,"H04|A=900;r=0.8|XB",XB,26,KILL,26,15,0.048366983965871725,0.053882369036366354,0.5384615384615384,-0.15170838503903117,0.21667970738243744,-0.028267538145089734,0.04838618496700639,0
H04,"H04|A=900;r=0.8|XB",XB,26,PRIMARY,26,15,0.00995486649868382,0.05755459036206683,0.5384615384615384,-0.21474877231609335,0.19394949712959644,-0.07700554084206389,0.007582889142142944,0.038461538461538464
H04,"H04|A=900;r=0.8|XB",XB,26,NOINS,26,15,0.008047151013296292,0.05357724350677639,0.5,-0.2164146220096108,0.1918720144017692,-0.07872022187275682,0.005675156744423412,0.038461538461538464
H04,"H04|A=900;r=0.8|XB",XB,26,L10,25,15,-0.03940183302231539,0.0020840171458908225,0.52,-0.26573350888078145,0.1592051563053798,-0.11680169806870651,-0.037907728685242906,0
H04,"H04|A=900;r=0.8|XR",XR,26,KILL,26,15,0.2368229084702018,0.053882369036366354,0.5384615384615384,-0.14563080404185005,0.6751659564408071,-0.051137847863619836,0.2368237209595984,0.07692307692307693
H04,"H04|A=900;r=0.8|XR",XR,26,PRIMARY,26,15,0.16815666868137402,-0.00040205784560574985,0.5,-0.21412733926067598,0.6090920835607249,-0.13080700909939785,0.1637211631879651,0.07692307692307693
H04,"H04|A=900;r=0.8|XR",XR,26,NOINS,26,15,0.16618298284152733,-0.0029804470734976054,0.46153846153846156,-0.21588421628533538,0.6073370694478463,-0.13277425157485637,0.16174988254084555,0.07692307692307693
H04,"H04|A=900;r=0.8|XR",XR,26,L10,25,15,0.12289483886609834,-0.0028881328371023218,0.48,-0.266983713655003,0.5628471795853505,-0.18781635973377842,0.12449217616616308,0.04
H04,"H04|A=900;r=0.8|XG",XG,26,KILL,26,15,0.15902793512649954,-0.1646297049898015,0.46153846153846156,-0.2072043203532585,0.5859562630810187,-0.09986251338691356,0.1590578690089673,0
H04,"H04|A=900;r=0.8|XG",XG,26,PRIMARY,26,15,0.1042773570763039,-0.16446857976197285,0.46153846153846156,-0.314533993249394,0.5665573868812931,-0.18041004212544792,0.10108331983762073,0.07692307692307693
H04,"H04|A=900;r=0.8|XG",XG,26,NOINS,26,15,0.1025499812384197,-0.1654195395363404,0.46153846153846156,-0.31579127063783824,0.5645671735721904,-0.18216572222267824,0.09935289208713852,0.07692307692307693
H04,"H04|A=900;r=0.8|XG",XG,26,L10,25,15,0.05324273805250794,-0.35211718992848534,0.44,-0.36550002041507734,0.5240825919352018,-0.23672561321614663,0.05468851388828508,0.04
H05,"H05|P=0.7;Tfast=120|XG",XG,1325,KILL,1312,21,0.04034596846476354,-0.018832058106561862,0.4458841463414634,-0.014446224200839925,0.12313030364124423,0.03908550385444997,0.07162961036883869,0.3521341463414634
H05,"H05|P=0.7;Tfast=120|XG",XG,1325,PRIMARY,700,21,-0.05407857665552029,-0.18528784908105042,0.4442857142857143,-0.1184488476669663,0.01677812162749837,-0.06418858935687002,-0.04462683698577664,0.27
H05,"H05|P=0.7;Tfast=120|XG",XG,1325,NOINS,700,21,-0.05389039192958318,-0.18603537487606692,0.4442857142857143,-0.1171779711857744,0.01564906444264823,-0.06399959465363407,-0.04442277260857222,0.2542857142857143
H05,"H05|P=0.7;Tfast=120|XG",XG,1325,L10,590,21,-0.07231775839298485,-0.16829589262382763,0.4033898305084746,-0.14735133749161025,0.013492116863097703,-0.0939741905839414,-0.05696668151914671,0.29322033898305083
H05,"H05|P=0.7;Tfast=120|XT300",XT300,1325,KILL,1312,21,0.0121030448221002,0.022747196656882743,0.5030487804878049,-0.04782142190050528,0.10801533096654461,0.010774659178461335,0.039785987678298745,0.7096036585365854
H05,"H05|P=0.7;Tfast=120|XT300",XT300,1325,PRIMARY,700,21,-0.07212457762236774,0.08364111371661898,0.52,-0.1526211783264434,0.01659061829991795,-0.08231226321166614,-0.05659215310598545,0.4742857142857143
H05,"H05|P=0.7;Tfast=120|XT300",XT300,1325,NOINS,700,21,-0.07222985578457922,0.08233833901414775,0.52,-0.15275511086500346,0.016505617980552584,-0.08241799450800547,-0.056697119918551295,0.4742857142857143
H05,"H05|P=0.7;Tfast=120|XT300",XT300,1325,L10,590,21,-0.08444120762823812,-0.06355958218324562,0.4576271186440678,-0.15602053052598044,0.0012843368239961839,-0.10615959952567856,-0.05726265601452108,0.3949152542372881
H05,"H05|P=0.7;Tfast=120|XB",XB,1325,KILL,1312,21,0.044735384568068554,-0.018832058106561862,0.4344512195121951,-0.014297399409008637,0.13319602194255806,0.04348497973492064,0.07658133423198363,0.4771341463414634
H05,"H05|P=0.7;Tfast=120|XB",XB,1325,PRIMARY,700,21,-0.06413633498056191,-0.20829688798882734,0.43857142857142856,-0.12440117140838373,0.0009181935338117144,-0.06988559721877607,-0.054349245061826174,0.3314285714285714
H05,"H05|P=0.7;Tfast=120|XB",XB,1325,NOINS,700,21,-0.06408417130982776,-0.2089419100607161,0.43857142857142856,-0.12318145676408515,-0.0002911136668150966,-0.06983154574416305,-0.05428744028302161,0.32571428571428573
H05,"H05|P=0.7;Tfast=120|XB",XB,1325,L10,590,21,-0.08115245449411998,-0.14785354601295853,0.42203389830508475,-0.1375644563364285,-0.017557256399339513,-0.09017576492182518,-0.061970899923327376,0.3050847457627119
H05,"H05|P=0.7;Tfast=600|XG",XG,1471,KILL,1458,21,0.04115637537291414,-0.018832058106561862,0.4499314128943759,-0.013026923488864348,0.11655796995491317,0.04002379581733685,0.06904473080495444,0.33127572016460904
H05,"H05|P=0.7;Tfast=600|XG",XG,1471,PRIMARY,839,21,-0.054063060913927666,-0.20067797528772233,0.45172824791418353,-0.11797023659671588,0.01429500478252874,-0.06249204692542984,-0.04586035329729511,0.25744934445768775
H05,"H05|P=0.7;Tfast=600|XG",XG,1471,NOINS,839,21,-0.0539675297249062,-0.20149971580719317,0.45172824791418353,-0.11673729188672677,0.013190365458539039,-0.06239617292113736,-0.04576125121242692,0.24195470798569726
H05,"H05|P=0.7;Tfast=600|XG",XG,1471,L10,725,21,-0.07021914624032907,-0.17122548390969494,0.4124137931034483,-0.14434336130448497,0.011197809720502378,-0.08781752554730073,-0.05695086136403381,0.28
H05,"H05|P=0.7;Tfast=600|XT300",XT300,1471,KILL,1458,21,0.0002622975174644933,-0.0007073976419083629,0.5,-0.05467706505068749,0.0828889862348112,-0.0009572069838668808,0.023513476103667625,0.6700960219478738
H05,"H05|P=0.7;Tfast=600|XT300",XT300,1471,PRIMARY,839,21,-0.08054659953017411,0.04081229708805754,0.5113230035756854,-0.15503144331836252,-0.00042146495445305205,-0.08907062216350525,-0.06721872532824394,0.4433849821215733
H05,"H05|P=0.7;Tfast=600|XT300",XT300,1471,NOINS,839,21,-0.08069723119215355,0.0392504869886619,0.5113230035756854,-0.1551963185832695,-0.0005477734441848719,-0.08922179436972674,-0.06737146818342533,0.44219308700834326
H05,"H05|P=0.7;Tfast=600|XT300",XT300,1471,L10,725,21,-0.08928694403796213,-0.060191696307909506,0.45655172413793105,-0.15676132528564374,-0.013180165030085475,-0.1069645524216559,-0.06832701167133547,0.3724137931034483
H05,"H05|P=0.7;Tfast=600|XB",XB,1471,KILL,1458,21,0.0453959860914931,-0.018832058106561862,0.4375857338820302,-0.013134104478979183,0.1266611980097035,0.04427214800131481,0.07376753131632262,0.44787379972565156
H05,"H05|P=0.7;Tfast=600|XB",XB,1471,PRIMARY,839,21,-0.06188929989981589,-0.21588368404016822,0.4445768772348033,-0.12137863328739051,0.0009016904664665151,-0.06667458061129067,-0.05319297705661782,0.32777115613825986
H05,"H05|P=0.7;Tfast=600|XB",XB,1471,NOINS,839,21,-0.0634268288783501,-0.22200865127757255,0.4433849821215733,-0.12193314391554566,-0.0015665931015713102,-0.06821624030590637,-0.055044528337813224,0.3218116805721097
H05,"H05|P=0.7;Tfast=600|XB",XB,1471,L10,725,21,-0.0798595402490882,-0.15432487866611277,0.42344827586206896,-0.13532051756603689,-0.016069272078467853,-0.08719029437419608,-0.06398779367734585,0.30344827586206896
H05,"H05|P=0.85;Tfast=120|XG",XG,963,KILL,958,21,-0.011988393266780473,0.046548430426346946,0.5386221294363257,-0.04571163684094999,0.0460897111948965,-0.012711810672711966,0.023560806042768397,0.4822546972860125
H05,"H05|P=0.85;Tfast=120|XG",XG,963,PRIMARY,336,21,-0.012734711199207615,0.08212590713763751,0.6220238095238095,-0.06688809411947466,0.05459955250213468,-0.029828624454022862,-0.012896082524981508,0.375
H05,"H05|P=0.85;Tfast=120|XG",XG,963,NOINS,336,21,-0.014523000230481479,0.08049475256942085,0.6220238095238095,-0.06819586033953971,0.05207856729875568,-0.03163302419729021,-0.014809976720703293,0.3333333333333333
H05,"H05|P=0.85;Tfast=120|XG",XG,963,L10,257,21,0.005425347327844707,0.06898983138214615,0.5719844357976653,-0.07045404580593977,0.11588667544774961,-0.034031073646275806,0.002432022270956786,0.4669260700389105
H05,"H05|P=0.85;Tfast=120|XT300",XT300,963,KILL,958,21,-0.009621363652429696,0.07238086662355107,0.5626304801670147,-0.05417379154465032,0.0759416179779807,-0.010339622606614004,0.026374787269438385,0.9091858037578288
H05,"H05|P=0.85;Tfast=120|XT300",XT300,963,PRIMARY,336,21,-0.0003979081967494159,0.15770851138382888,0.7053571428571429,-0.08248821076204557,0.0974377681523987,-0.01738067908217323,0.0035867727455173326,0.7440476190476191
H05,"H05|P=0.85;Tfast=120|XT300",XT300,963,NOINS,336,21,-0.0004529438692861746,0.15770851138382888,0.7053571428571429,-0.08253782364222573,0.0974086430396489,-0.017436210571579763,0.0035327152997093026,0.7440476190476191
H05,"H05|P=0.85;Tfast=120|XT300",XT300,963,L10,257,21,0.02460307419239665,0.13434390840923538,0.6575875486381323,-0.06843811319748945,0.1483474922041279,-0.01512802882606028,0.025438656595329786,0.669260700389105
H05,"H05|P=0.85;Tfast=120|XB",XB,963,KILL,958,21,-0.005720677489082768,0.016797960300482563,0.5125260960334029,-0.045345689029586654,0.0629117738462,-0.006426596994253772,0.031003621294134653,0.8632567849686847
H05,"H05|P=0.85;Tfast=120|XB",XB,963,PRIMARY,336,21,-0.016284097648881415,0.13258354574702716,0.625,-0.08603435616850724,0.06599168500784336,-0.033409987358198404,-0.016312344551538002,0.6547619047619048
H05,"H05|P=0.85;Tfast=120|XB",XB,963,NOINS,336,21,-0.017530712622142425,0.1316500954709338,0.6220238095238095,-0.08665520285022488,0.06401435683330843,-0.03466783309698436,-0.017646745768881325,0.6517857142857143
H05,"H05|P=0.85;Tfast=120|XB",XB,963,L10,257,21,-0.005656715382555963,0.10340497993958049,0.6264591439688716,-0.0610172391426545,0.06083473225815275,-0.021401876138758498,0.010632805820228177,0.6108949416342413
H05,"H05|P=0.85;Tfast=600|XG",XG,1107,KILL,1101,21,-0.009662550234617925,0.06392127754838067,0.5622161671207992,-0.04297142941388829,0.043807556571031366,-0.010285455001193919,0.02090728481177385,0.43778383287920075
H05,"H05|P=0.85;Tfast=600|XG",XG,1107,PRIMARY,471,21,-0.018421284466749274,0.08421067603053024,0.6348195329087049,-0.0660640957078434,0.041346834347067235,-0.03062071359849313,-0.017427337969363278,0.346072186836518
H05,"H05|P=0.85;Tfast=600|XG",XG,1107,NOINS,471,21,-0.019876848134173137,0.08168920464595965,0.6326963906581741,-0.06723201892565892,0.039604864515531774,-0.032085607802246244,-0.018956095854742908,0.3078556263269639
H05,"H05|P=0.85;Tfast=600|XG",XG,1107,L10,374,21,-0.004358677992645211,0.07296021376506323,0.5989304812834224,-0.07069841895739121,0.08619376386137816,-0.03145108500986371,-0.005574852916132408,0.446524064171123
H05,"H05|P=0.85;Tfast=600|XT300",XT300,1107,KILL,1101,21,-0.01665917289700594,0.08934950499975125,0.5821980018165305,-0.05965470135702042,0.058363920428997774,-0.017303117094619607,0.012803704540774882,0.8764759309718437
H05,"H05|P=0.85;Tfast=600|XT300",XT300,1107,PRIMARY,471,21,-0.017854171165883205,0.15435113347354623,0.7006369426751592,-0.08685625363636013,0.06516940524017421,-0.030049964955954443,-0.01403639276299902,0.7133757961783439
H05,"H05|P=0.85;Tfast=600|XT300",XT300,1107,NOINS,471,21,-0.01815344103776489,0.15435113347354623,0.7006369426751592,-0.08712126200670983,0.06488798466565542,-0.030351153224450693,-0.01436411864179842,0.7112526539278131
H05,"H05|P=0.85;Tfast=600|XT300",XT300,1107,L10,374,21,-0.008790895418826463,0.1221062262269641,0.660427807486631,-0.08336810977151783,0.09086626552342415,-0.036262275676297334,-0.011167353596838441,0.6443850267379679
H05,"H05|P=0.85;Tfast=600|XB",XB,1107,KILL,1101,21,-0.005994290312053641,0.052071369583602804,0.5313351498637602,-0.04585947462171964,0.05720341189221197,-0.006609020699947362,0.02516045026162258,0.8365122615803815
H05,"H05|P=0.85;Tfast=600|XB",XB,1107,PRIMARY,471,21,-0.030409467514728634,0.13315051727384095,0.6284501061571125,-0.09715365903988672,0.04702978506907332,-0.04268574397370294,-0.029952926386536256,0.6518046709129511
H05,"H05|P=0.85;Tfast=600|XB",XB,1107,NOINS,471,21,-0.0335729133415365,0.1323931836190032,0.6242038216560509,-0.09935216826092463,0.042571292642607235,-0.04586946829940051,-0.03345996988433922,0.6475583864118896
H05,"H05|P=0.85;Tfast=600|XB",XB,1107,L10,374,21,-0.024821751225142807,0.10424882367940938,0.6229946524064172,-0.08204672080728362,0.046949604722101045,-0.03575643030763121,-0.014104940788784203,0.6149732620320856
H06,"H06|k=2;D=60|XT60",XT60,4458,KILL,4414,18,-0.07469220087317274,-0.1634718322471519,0.3013140009062075,-0.08972185343796656,-0.0574679823664433,-0.07893691010164793,-0.07469957500782717,0.00792931581332125
H06,"H06|k=2;D=60|XT60",XT60,4458,PRIMARY,3853,18,-0.09992070614665363,-0.1597418659974062,0.2727744614586037,-0.11248334087950339,-0.09006877066698211,-0.10495983314766479,-0.09942446467522445,0.004152608357124318
H06,"H06|k=2;D=60|XT60",XT60,4458,NOINS,3853,18,-0.10254555689559802,-0.16269217762343424,0.2709576953023618,-0.1150132528585,-0.09271303805391885,-0.10758431027947893,-0.10206428633182658,0.004152608357124318
H06,"H06|k=2;D=60|XT60",XT60,4458,L10,3573,18,-0.11280029268491545,-0.12988137455671545,0.22698012874335294,-0.12145453183556255,-0.10227553526697486,-0.11730992355783451,-0.11338761078988481,0.002239014833473272
H06,"H06|k=2;D=60|XT300",XT300,4458,KILL,4414,18,-0.1950606510987906,-0.33040399980100493,0.14612596284549162,-0.213108546198617,-0.17852909433129824,-0.2014298082250978,-0.1950734780721486,0.016991391028545536
H06,"H06|k=2;D=60|XT300",XT300,4458,PRIMARY,3853,18,-0.2146482200840822,-0.31587039869703226,0.13729561380742278,-0.23295717672598096,-0.19978086050256258,-0.2218307856748408,-0.21660000964768472,0.011419672982091877
H06,"H06|k=2;D=60|XT300",XT300,4458,NOINS,3853,18,-0.21650860345023107,-0.317598282115249,0.1362574617181417,-0.2348017438633347,-0.2016812402693961,-0.22369261865255302,-0.21845696505472412,0.011419672982091877
H06,"H06|k=2;D=60|XT300",XT300,4458,L10,3573,18,-0.19644621701362996,-0.26001801549026504,0.11810803246571508,-0.21345068041917561,-0.17836111568154983,-0.2023506168293015,-0.2023285248416374,0.007276798208788134
H06,"H06|k=2;D=60|XT1800",XT1800,4458,KILL,4414,18,-0.2734799930500385,-0.3891687378737376,0.059583144540099685,-0.2978295261658842,-0.2549397522081447,-0.28176941553383694,-0.2734835672885719,0.025373810602628003
H06,"H06|k=2;D=60|XT1800",XT1800,4458,PRIMARY,3853,18,-0.28736819598946906,-0.37534518453205973,0.05294575655333506,-0.3122611916292471,-0.2696925728525809,-0.29703781090343245,-0.2903482894803931,0.018686737607059436
H06,"H06|k=2;D=60|XT1800",XT1800,4458,NOINS,3853,18,-0.2889684567707441,-0.37651291145380267,0.05216714248637425,-0.3137938190752998,-0.2713064982344174,-0.298639318622807,-0.29193843502333366,0.018686737607059436
H06,"H06|k=2;D=60|XT1800",XT1800,4458,L10,3573,18,-0.26404395269274206,-0.32011052207775076,0.046739434648754546,-0.28359993569120456,-0.24738860614320562,-0.272906783163178,-0.2727696231215318,0.013154212146655471
H06,"H06|k=2;D=60|XB",XB,4458,KILL,4414,18,-0.052333479141090614,-0.3006830157703597,0.2822836429542365,-0.06481513825057571,-0.0324154926417652,-0.055591823562613496,-0.05233627434518355,0
H06,"H06|k=2;D=60|XB",XB,4458,PRIMARY,3853,18,-0.10310815868249346,-0.2721920064706387,0.22631715546327538,-0.11303853963291183,-0.08739917917335674,-0.10717391932379672,-0.10258438658800881,0.0007786140669608098
H06,"H06|k=2;D=60|XB",XB,4458,NOINS,3853,18,-0.10577377819968789,-0.27520128701274493,0.22398131326239293,-0.11583657615796332,-0.09023943983852199,-0.10983274576349646,-0.1051752378024059,0.0007786140669608098
H06,"H06|k=2;D=60|XB",XB,4458,L10,3573,18,-0.1246729164964713,-0.22997290410291168,0.17436328015673103,-0.13571694004535334,-0.10874205919471326,-0.1299625039565143,-0.12713321819078333,0.0008396305625524769
H06,"H06|k=2;D=60|XR",XR,4458,KILL,4414,18,-0.0671437629424904,-0.19611389483110292,0.2247394653375623,-0.08175348273166823,-0.04739034219395248,-0.07529285246543561,-0.06715299000237278,0.01042138649750793
H06,"H06|k=2;D=60|XR",XR,4458,PRIMARY,3853,18,-0.15473590101925389,-0.2466940175640653,0.14092914611990656,-0.17734077051160013,-0.14001425883983368,-0.1643021660929815,-0.1556761179383509,0.007267064624967558
H06,"H06|k=2;D=60|XR",XR,4458,NOINS,3853,18,-0.15703207426989554,-0.24932285116157954,0.1388528419413444,-0.179656602988448,-0.1423008002379186,-0.16660012855117756,-0.1579794803796076,0.007267064624967558
H06,"H06|k=2;D=60|XR",XR,4458,L10,3573,18,-0.16887918921572978,-0.22732718988873016,0.11307024909040023,-0.18724931609281742,-0.15407488113321088,-0.17748925419526876,-0.17496598890039772,0.00559753708368318
H06,"H06|k=2;D=60|XG",XG,4458,KILL,4414,18,-0.17895917499580308,-0.3055962389930849,0.0441776166742184,-0.19549755894874013,-0.16264173262047976,-0.18684516623234862,-0.1789665282004111,0.002718622564567286
H06,"H06|k=2;D=60|XG",XG,4458,PRIMARY,3853,18,-0.21928500519862287,-0.30572259864718215,0.04048793148196211,-0.23561908050503733,-0.20634690117598303,-0.22851918570371632,-0.2206748540519049,0.005969374513366208
H06,"H06|k=2;D=60|XG",XG,4458,NOINS,3853,18,-0.22057359014340205,-0.30642753109235304,0.04048793148196211,-0.23662758684829405,-0.20769804145071358,-0.2298021705761226,-0.22193790679969258,0.0057098364910459385
H06,"H06|k=2;D=60|XG",XG,4458,L10,3573,18,-0.21387050922727016,-0.27732197573455025,0.04114189756507137,-0.22835255729091344,-0.19819782935925573,-0.22259192803518638,-0.22015255742869724,0.00559753708368318
H06,"H06|k=2;D=600|XT60",XT60,5019,KILL,4969,18,-0.06992141825827297,-0.13413764390631203,0.30247534715234453,-0.08301416565847347,-0.05527118369956304,-0.07368885685250576,-0.06992814443023547,0.007647413966592876
H06,"H06|k=2;D=600|XT60",XT60,5019,PRIMARY,4385,18,-0.09350199007326898,-0.1307062870622179,0.2777651083238312,-0.10371484148919692,-0.08456833169875819,-0.09792494370304353,-0.0931354732207575,0.004332953249714938
H06,"H06|k=2;D=600|XT60",XT60,5019,NOINS,4385,18,-0.09627554537049678,-0.13336674404149637,0.2741163055872292,-0.10643338204839065,-0.08745182606088295,-0.10069827254835335,-0.09592404319826503,0.004332953249714938
H06,"H06|k=2;D=600|XT60",XT60,5019,L10,4086,18,-0.10351652346446881,-0.10865904531912102,0.23715124816446403,-0.1117023458896255,-0.0929222055278068,-0.10745272990793181,-0.10342330497854291,0.0026921194322075378
H06,"H06|k=2;D=600|XT300",XT300,5019,KILL,4969,18,-0.18729625940679964,-0.3158124371921795,0.15536325216341315,-0.2019471761608106,-0.17213107686636378,-0.19294890920725583,-0.1873075918137321,0.016904809820889516
H06,"H06|k=2;D=600|XT300",XT300,5019,PRIMARY,4385,18,-0.20612908036159963,-0.3028274328271677,0.14640820980615735,-0.2197249135739128,-0.19483243339262413,-0.2124338088201238,-0.20771938365972534,0.01185860889395667
H06,"H06|k=2;D=600|XT300",XT300,5019,NOINS,4385,18,-0.2081097289769761,-0.30467003347722643,0.14549600912200683,-0.2216620919443317,-0.19685568444984092,-0.2144158133917461,-0.20969841299861577,0.01185860889395667
H06,"H06|k=2;D=600|XT300",XT300,5019,L10,4086,18,-0.18992241507368204,-0.24893494873158872,0.12750856583455702,-0.2044957580902433,-0.17194646947656414,-0.19508017552827997,-0.19482060282358082,0.008076358296622614
H06,"H06|k=2;D=600|XT1800",XT1800,5019,KILL,4969,18,-0.269672287862807,-0.38198593104820655,0.0646005232441135,-0.2907833581316886,-0.2539033083744086,-0.2770329844919806,-0.26967789374238155,0.025558462467297243
H06,"H06|k=2;D=600|XT1800",XT1800,5019,PRIMARY,4385,18,-0.2818322437159293,-0.36950712086422677,0.059293044469783354,-0.3043866416603236,-0.2655908909586482,-0.2903241217537976,-0.28462923146704583,0.01984036488027366
H06,"H06|k=2;D=600|XT1800",XT1800,5019,NOINS,4385,18,-0.28349591229156434,-0.3708913232349069,0.05815279361459521,-0.30603098469577866,-0.26732445459990406,-0.2919889292922497,-0.28628410178668,0.01984036488027366
H06,"H06|k=2;D=600|XT1800",XT1800,5019,L10,4086,18,-0.2578656001722236,-0.3171807186202599,0.053108174253548704,-0.275293715557211,-0.24106958524282177,-0.265610339266491,-0.265756447349461,0.0149290259422418
H06,"H06|k=2;D=600|XB",XB,5019,KILL,4969,18,-0.05145469905994151,-0.30022371026317096,0.2813443348762326,-0.06468193161739266,-0.03221387387709293,-0.054348360135876315,-0.05145754613230045,0
H06,"H06|k=2;D=600|XB",XB,5019,PRIMARY,4385,18,-0.0999875668259891,-0.2685636280175077,0.22873432155074117,-0.11032111181288762,-0.08460618319146072,-0.10355758432791684,-0.09964705306968218,0.0011402508551881414
H06,"H06|k=2;D=600|XB",XB,5019,NOINS,4385,18,-0.10261138987562039,-0.2716893189015503,0.22622576966932725,-0.11314683640012524,-0.08726776377645173,-0.10617541040407595,-0.10221038507034676,0.0011402508551881414
H06,"H06|k=2;D=600|XB",XB,5019,L10,4086,18,-0.11905505029216945,-0.22760555442946848,0.18208516886930984,-0.12941082829995193,-0.10420262641480463,-0.12367591084415067,-0.1210601705087423,0.0017131669114047968
H06,"H06|k=2;D=600|XR",XR,5019,KILL,4969,18,-0.06711308036674182,-0.19057396784438269,0.22439122559871202,-0.08067901183760781,-0.05004188900502583,-0.07435140937157136,-0.0671214900812769,0.011269873213926343
H06,"H06|k=2;D=600|XR",XR,5019,PRIMARY,4385,18,-0.15159885461082587,-0.2438600821884436,0.1443557582668187,-0.17108993890649252,-0.1388873889492005,-0.16000157240969065,-0.1524615715756359,0.008665906499429875
H06,"H06|k=2;D=600|XR",XR,5019,NOINS,4385,18,-0.15398935432996996,-0.24606888049063513,0.14161915621436716,-0.17343961466216182,-0.1413246506817178,-0.1623937086939859,-0.1548577813918275,0.008665906499429875
H06,"H06|k=2;D=600|XR",XR,5019,L10,4086,18,-0.16493063786834103,-0.22467345692003513,0.11845325501713166,-0.18087396177030546,-0.15074655543046317,-0.17245600801845362,-0.17021766033179744,0.007342143906020558
H06,"H06|k=2;D=600|XG",XG,5019,KILL,4969,18,-0.17951870583187554,-0.30499110492015324,0.046689474743409135,-0.19406884493466858,-0.16687446970081887,-0.1865236969589215,-0.17952726230686636,0.002414972831555645
H06,"H06|k=2;D=600|XG",XG,5019,PRIMARY,4385,18,-0.2172057208636763,-0.30476242822819327,0.04378563283922463,-0.2326455035854358,-0.2037927064415838,-0.22531739523419275,-0.21861568743151108,0.0063854047890535915
H06,"H06|k=2;D=600|XG",XG,5019,NOINS,4385,18,-0.2185256035078555,-0.3053705242064961,0.04378563283922463,-0.23372785332011714,-0.20518979445258004,-0.2266323791139868,-0.2199107191855992,0.006157354618015963
H06,"H06|k=2;D=600|XG",XG,5019,L10,4086,18,-0.2093820388047166,-0.2773275155377217,0.04503181595692609,-0.22423831463631821,-0.19274725250326508,-0.2170043752565883,-0.21489664097953343,0.007342143906020558
H06,"H06|k=3;D=60|XT60",XT60,1790,KILL,1768,18,-0.0846089855210732,-0.17120470623352074,0.3026018099547511,-0.09896823955772428,-0.06577130686585048,-0.09162146116084548,-0.08460784483456835,0.011312217194570135
H06,"H06|k=3;D=60|XT60",XT60,1790,PRIMARY,1561,17,-0.10560884319683518,-0.17140300661308114,0.29212043561819345,-0.12469314436310898,-0.08875248917494762,-0.11472847437312682,-0.10612311258437497,0.007046764894298526
H06,"H06|k=3;D=60|XT60",XT60,1790,NOINS,1561,17,-0.10794851991627544,-0.17380174250481434,0.2908392056374119,-0.12698406132505763,-0.0912083788468678,-0.11707194343926888,-0.10847629158859397,0.007046764894298526
H06,"H06|k=3;D=60|XT60",XT60,1790,L10,1454,17,-0.12201259483924934,-0.15765530814284437,0.2310866574965612,-0.13722743865422335,-0.10316502656589081,-0.13202935287722975,-0.12358801680233565,0.005502063273727648
H06,"H06|k=3;D=60|XT300",XT300,1790,KILL,1768,18,-0.21948133543536033,-0.3555405601711358,0.1414027149321267,-0.24443201240859325,-0.1925342931135785,-0.2304676436883363,-0.2194852100542134,0.022058823529411766
H06,"H06|k=3;D=60|XT300",XT300,1790,PRIMARY,1561,17,-0.23907146418463587,-0.351588541091259,0.1268417680973735,-0.2639993652163286,-0.21980820190733896,-0.25044383265935555,-0.2418101432072387,0.016655989750160152
H06,"H06|k=3;D=60|XT300",XT300,1790,NOINS,1561,17,-0.24057810688604822,-0.352999125379244,0.1268417680973735,-0.2655652636201611,-0.221297488817241,-0.2519533764201718,-0.24331329944180036,0.016655989750160152
H06,"H06|k=3;D=60|XT300",XT300,1790,L10,1454,17,-0.22209457986951317,-0.30540354176115336,0.11416781292984869,-0.24750291080625458,-0.191978560748099,-0.23648684535197906,-0.2279241960138208,0.011004126547455296
H06,"H06|k=3;D=60|XT1800",XT1800,1790,KILL,1768,18,-0.3056653926820659,-0.43233723197850854,0.06108597285067873,-0.33955423957548386,-0.2653368533193047,-0.31679818941761484,-0.3056662310028779,0.032805429864253395
H06,"H06|k=3;D=60|XT1800",XT1800,1790,PRIMARY,1561,17,-0.3212913394175326,-0.41468092765684,0.053171044202434334,-0.34873576475104784,-0.29647528937201334,-0.33305615439370684,-0.3251943196479407,0.024983984625240232
H06,"H06|k=3;D=60|XT1800",XT1800,1790,NOINS,1561,17,-0.32256819504376805,-0.41547763659523584,0.053171044202434334,-0.35008785282909266,-0.2977707561166472,-0.3343354685790682,-0.32646438007510764,0.024983984625240232
H06,"H06|k=3;D=60|XT1800",XT1800,1790,L10,1454,17,-0.3017606161204188,-0.382205648829283,0.04332874828060523,-0.33308296203879706,-0.2700305943564515,-0.31648790654251835,-0.31138090365421095,0.01925722145804677
H06,"H06|k=3;D=60|XB",XB,1790,KILL,1768,18,-0.08023685091139418,-0.30297186209641314,0.26074660633484165,-0.09738042841345505,-0.05653309855203122,-0.08183794526121889,-0.08023585388786945,0
H06,"H06|k=3;D=60|XB",XB,1790,PRIMARY,1561,17,-0.1263413970572725,-0.29911636167538647,0.2158872517616912,-0.14972239844243157,-0.10995211906039563,-0.12963930690079867,-0.12686197581096206,0.0006406149903907751
H06,"H06|k=3;D=60|XB",XB,1790,NOINS,1561,17,-0.13017569087129102,-0.30035960055305094,0.21204356181934658,-0.15231756971157945,-0.11378284947641007,-0.13346666538898655,-0.13071628850862663,0.0006406149903907751
H06,"H06|k=3;D=60|XB",XB,1790,L10,1454,17,-0.13816150837568122,-0.2647571041585757,0.1829436038514443,-0.14963331395382345,-0.1179200215465397,-0.1424636384507445,-0.1420497110666446,0.0020632737276478678
H06,"H06|k=3;D=60|XR",XR,1790,KILL,1768,18,-0.09030347395149711,-0.22071505397741406,0.1996606334841629,-0.10969238119277819,-0.062050695968006116,-0.10013159415381549,-0.09029950529689795,0.015271493212669683
H06,"H06|k=3;D=60|XR",XR,1790,PRIMARY,1561,17,-0.17363030882883304,-0.2674445436790815,0.13452914798206278,-0.20782079014727267,-0.1535540134397723,-0.18313053975939092,-0.17459725582480648,0.012812299807815503
H06,"H06|k=3;D=60|XR",XR,1790,NOINS,1561,17,-0.17565943552336483,-0.27019619707848275,0.1313260730301089,-0.21004848375592577,-0.15563436303497702,-0.18516357357855143,-0.17665067541411014,0.012812299807815503
H06,"H06|k=3;D=60|XR",XR,1790,L10,1454,17,-0.18792044125590696,-0.26065753231260536,0.11485557083906466,-0.21325463382316837,-0.1611896130509577,-0.20214552361284707,-0.19368496659443424,0.01031636863823934
H06,"H06|k=3;D=60|XG",XG,1790,KILL,1768,18,-0.19403906886956057,-0.30738372220287546,0.04355203619909502,-0.21386271843457844,-0.1687399600148035,-0.20554388102342538,-0.19403727494432554,0.003393665158371041
H06,"H06|k=3;D=60|XG",XG,1790,PRIMARY,1561,17,-0.23876039566020973,-0.3124924479472446,0.03459320948110186,-0.27257798368875674,-0.21306646219675113,-0.25003624412742453,-0.24032631812396255,0.0064061499039077515
H06,"H06|k=3;D=60|XG",XG,1790,NOINS,1561,17,-0.23960162137322533,-0.31260806343587255,0.033952594490711085,-0.27368695475467836,-0.2135920265138026,-0.2508782905103598,-0.24112515984023983,0.0064061499039077515
H06,"H06|k=3;D=60|XG",XG,1790,L10,1454,17,-0.23297156386893458,-0.3008041015888445,0.0405777166437414,-0.2576931514331287,-0.20066839308979076,-0.2458514086749603,-0.23911127457084075,0.008253094910591471
H06,"H06|k=3;D=600|XT60",XT60,2305,KILL,2276,18,-0.07384685712324296,-0.14111287000646733,0.3132688927943761,-0.08619283777827788,-0.05436357442884735,-0.07927788797190322,-0.07384678001659536,0.009666080843585237
H06,"H06|k=3;D=600|XT60",XT60,2305,PRIMARY,2056,18,-0.09629344261537874,-0.1425370301565394,0.29815175097276264,-0.11224736096145432,-0.07877427933276127,-0.10320062194850974,-0.09662980949098393,0.00632295719844358
H06,"H06|k=3;D=600|XT60",XT60,2305,NOINS,2056,18,-0.09888229853917513,-0.14549153355471633,0.29377431906614787,-0.11473196376474935,-0.08148309670232722,-0.10579271996376961,-0.09923401038485807,0.00632295719844358
H06,"H06|k=3;D=600|XT60",XT60,2305,L10,1908,18,-0.1101747304724918,-0.12859213046554738,0.24528301886792453,-0.1246221249363023,-0.0906185788254653,-0.11809891017906764,-0.11065124008787097,0.0047169811320754715
H06,"H06|k=3;D=600|XT300",XT300,2305,KILL,2276,18,-0.20146319300640336,-0.33054695786279287,0.15992970123022848,-0.22538565747394476,-0.1750580704361623,-0.20997035518819593,-0.20146857907284063,0.01977152899824253
H06,"H06|k=3;D=600|XT300",XT300,2305,PRIMARY,2056,18,-0.2194871084170829,-0.32889687159941183,0.1512645914396887,-0.2446309368763126,-0.19968388146190297,-0.22843511316636728,-0.22163863244566995,0.01556420233463035
H06,"H06|k=3;D=600|XT300",XT300,2305,NOINS,2056,18,-0.22117100403935935,-0.330902662729067,0.1502918287937743,-0.246385578860185,-0.20137599111645094,-0.23012146938746814,-0.22332173961413118,0.01556420233463035
H06,"H06|k=3;D=600|XT300",XT300,2305,L10,1908,18,-0.20381524317245198,-0.28575209914569244,0.13679245283018868,-0.22687261498996836,-0.17730617240463548,-0.21495804680969693,-0.2068043815766819,0.0110062893081761
H06,"H06|k=3;D=600|XT1800",XT1800,2305,KILL,2276,18,-0.29336126615153435,-0.42217970747724,0.0641476274165202,-0.324866193346418,-0.26110899543735056,-0.30260631937259935,-0.293359117124059,0.03251318101933216
H06,"H06|k=3;D=600|XT1800",XT1800,2305,PRIMARY,2056,18,-0.3084148432566446,-0.4110791638211614,0.058365758754863814,-0.3363522122690585,-0.2889767362836536,-0.3186085040474005,-0.31176973119804013,0.026264591439688716
H06,"H06|k=3;D=600|XT1800",XT1800,2305,NOINS,2056,18,-0.3097753093280243,-0.4119918470471681,0.058365758754863814,-0.3377660268029296,-0.2902856453409135,-0.31997095805703846,-0.31312408834318667,0.026264591439688716
H06,"H06|k=3;D=600|XT1800",XT1800,2305,L10,1908,18,-0.2918181513090282,-0.3772684456914339,0.05241090146750524,-0.3208547577230403,-0.268703706847437,-0.3038481441771734,-0.2987735302536813,0.020964360587002098
H06,"H06|k=3;D=600|XB",XB,2305,KILL,2276,18,-0.0827461644334754,-0.30244668921944184,0.2539543057996485,-0.10074767368534035,-0.05805001000939907,-0.08399273701068938,-0.0827471585849317,0
H06,"H06|k=3;D=600|XB",XB,2305,PRIMARY,2056,18,-0.12987886573912658,-0.29791449507877754,0.2140077821011673,-0.1469270210608628,-0.11224090367436823,-0.13216969180319393,-0.13065807823536515,0.00048638132295719845
H06,"H06|k=3;D=600|XB",XB,2305,NOINS,2056,18,-0.13353929031531153,-0.2998481552325428,0.21011673151750973,-0.15080867973095693,-0.11553625632472203,-0.1358237539083312,-0.13427110174356496,0.00048638132295719845
H06,"H06|k=3;D=600|XB",XB,2305,L10,1908,18,-0.1397350989194395,-0.26046434603048685,0.18238993710691823,-0.150950375880119,-0.12013138378226186,-0.14303860165583615,-0.14302255408069214,0.002620545073375262
H06,"H06|k=3;D=600|XR",XR,2305,KILL,2276,18,-0.08730201112181547,-0.21562761056663848,0.20035149384885764,-0.10745229923317474,-0.0642465967378237,-0.09538682020017307,-0.08729955540860454,0.014499121265377855
H06,"H06|k=3;D=600|XR",XR,2305,PRIMARY,2056,18,-0.16841701568450348,-0.2644781660733341,0.129863813229572,-0.1944243544015224,-0.1527485025683815,-0.17646203618401035,-0.16964441352645412,0.013132295719844358
H06,"H06|k=3;D=600|XR",XR,2305,NOINS,2056,18,-0.17043783811528795,-0.26683771664131806,0.12743190661478598,-0.19642165412858184,-0.15479200029924936,-0.1784855725191521,-0.17168407768762528,0.013132295719844358
H06,"H06|k=3;D=600|XR",XR,2305,L10,1908,18,-0.18274799203881897,-0.25501287924670646,0.11582809224318659,-0.2016391982422828,-0.16208662262948212,-0.19414502840170697,-0.18676377071512806,0.0110062893081761
H06,"H06|k=3;D=600|XG",XG,2305,KILL,2276,18,-0.18510277325073843,-0.30670570120889507,0.04481546572934974,-0.2090202101442851,-0.15747115804458361,-0.1954690161292909,-0.1850995449758598,0.0035149384885764497
H06,"H06|k=3;D=600|XG",XG,2305,PRIMARY,2056,18,-0.230595161725379,-0.3131785898118369,0.04036964980544747,-0.2551962781598483,-0.2128490656577573,-0.24119792617049501,-0.23189450782727855,0.007295719844357977
H06,"H06|k=3;D=600|XG",XG,2305,NOINS,2056,18,-0.23156031219337175,-0.31324363334627414,0.03939688715953307,-0.25653097502155353,-0.21343102913342774,-0.2421638106247977,-0.23282906758578703,0.007295719844357977
H06,"H06|k=3;D=600|XG",XG,2305,L10,1908,18,-0.23139389623444076,-0.30072694976571895,0.044549266247379454,-0.25444670895050214,-0.20207726874627768,-0.2418052718453422,-0.23586650525223085,0.009433962264150943
H08,"H08|nMin=3;g=0.05|XT60",XT60,1906,KILL,1887,21,-0.16552775784427456,-0.29772806328043383,0.17117117117117117,-0.20767731350779392,-0.11201102827575664,-0.17748097991773287,-0.16464023630835053,0.01483836777954425
H08,"H08|nMin=3;g=0.05|XT60",XT60,1906,PRIMARY,1581,21,-0.1634704093036232,-0.24366568616729592,0.14294750158127767,-0.2008093990682753,-0.13069438216727938,-0.1766252030966397,-0.17295134911154594,0.003795066413662239
H08,"H08|nMin=3;g=0.05|XT60",XT60,1906,NOINS,1581,21,-0.16575041557939985,-0.24662443147888008,0.14104996837444655,-0.20294768458937645,-0.13314158103580462,-0.17890201018395116,-0.17521925835282248,0.003795066413662239
H08,"H08|nMin=3;g=0.05|XT60",XT60,1906,L10,1528,21,-0.1089331466431489,-0.12936953714352512,0.1243455497382199,-0.12074875033232947,-0.09641757971913598,-0.12077700429450582,-0.11939131684031017,0.001963350785340314
H08,"H08|nMin=3;g=0.05|XT300",XT300,1906,KILL,1887,21,-0.24128459923994314,-0.3462505546987712,0.07313195548489666,-0.28856922704150156,-0.18234007439220218,-0.25758660502336833,-0.2406465189831293,0.020137784843667197
H08,"H08|nMin=3;g=0.05|XT300",XT300,1906,PRIMARY,1581,21,-0.22746691496809113,-0.2922553813204553,0.058191018342821,-0.268518356604258,-0.18430994201113787,-0.2494005523136259,-0.23824499567148602,0.007590132827324478
H08,"H08|nMin=3;g=0.05|XT300",XT300,1906,NOINS,1581,21,-0.22941418825683046,-0.29429773563439005,0.058191018342821,-0.2703883945874204,-0.1863521093966706,-0.2513515275378013,-0.24016286178794652,0.007590132827324478
H08,"H08|nMin=3;g=0.05|XT300",XT300,1906,L10,1528,21,-0.1730576209930462,-0.18756632071915008,0.04581151832460733,-0.19110378048052445,-0.1515585869527336,-0.1903710060460885,-0.18960694246609566,0.003926701570680628
H08,"H08|nMin=3;g=0.05|XT1800",XT1800,1906,KILL,1887,21,-0.28942893080298904,-0.37087256847955535,0.029146793852676205,-0.3309357542379415,-0.2354477592725473,-0.3076905640987467,-0.28894877487525,0.02490726020137785
H08,"H08|nMin=3;g=0.05|XT1800",XT1800,1906,PRIMARY,1581,21,-0.2739935793358636,-0.3125985914789471,0.021505376344086023,-0.31009862262909654,-0.23629074988424598,-0.29601567041593735,-0.28633259686111706,0.010752688172043012
H08,"H08|nMin=3;g=0.05|XT1800",XT1800,1906,NOINS,1581,21,-0.27586492513591687,-0.31529482091488265,0.021505376344086023,-0.31191191489901304,-0.2381956824044205,-0.29789057380258993,-0.28817072269865823,0.010752688172043012
H08,"H08|nMin=3;g=0.05|XT1800",XT1800,1906,L10,1528,21,-0.2118835878263611,-0.2115049537920222,0.01767015706806283,-0.23012034651283292,-0.1930049295174867,-0.2297923488291143,-0.23101710314226567,0.005235602094240838
H08,"H08|nMin=3;g=0.05|XB",XB,1906,KILL,1887,21,-0.10942110067387589,-0.30498617979205017,0.22681505034446212,-0.14032558682444815,-0.07030958394079766,-0.11671349621107167,-0.10836221601889831,0.007419183889772125
H08,"H08|nMin=3;g=0.05|XB",XB,1906,PRIMARY,1581,21,-0.1207483473807689,-0.25855270646950823,0.16824794433902593,-0.14763323123665142,-0.09238227028354506,-0.13692411090603263,-0.13023015419650477,0.0031625553447185324
H08,"H08|nMin=3;g=0.05|XB",XB,1906,NOINS,1581,21,-0.1215230675096894,-0.25958243590899566,0.16888045540796964,-0.14820463053644517,-0.09261140201316544,-0.13768224169001608,-0.13094981082237933,0.0031625553447185324
H08,"H08|nMin=3;g=0.05|XB",XB,1906,L10,1528,21,-0.10437283003588692,-0.17112815764767436,0.10798429319371727,-0.1221997107924875,-0.0826791918770233,-0.1216161657085535,-0.11307256090255155,0.001963350785340314
H08,"H08|nMin=3;g=0.05|XR",XR,1906,KILL,1887,21,-0.1377967172020962,-0.2701873737624994,0.178060413354531,-0.16781941018790755,-0.09375376621198396,-0.15537807315489144,-0.13683816226008844,0.01483836777954425
H08,"H08|nMin=3;g=0.05|XR",XR,1906,PRIMARY,1581,21,-0.16384523443273627,-0.24273053053311155,0.12333965844402277,-0.18947919581963563,-0.13707300382047832,-0.18148638191189362,-0.17406530704162598,0.0056925996204933585
H08,"H08|nMin=3;g=0.05|XR",XR,1906,NOINS,1581,21,-0.16637155785919264,-0.24452202028916864,0.12144212523719165,-0.1919682856782444,-0.13954407299678157,-0.18401658870226173,-0.17661617778380523,0.0056925996204933585
H08,"H08|nMin=3;g=0.05|XR",XR,1906,L10,1528,21,-0.15255509013132648,-0.17346366165221022,0.061518324607329845,-0.16975153671130339,-0.13128078949792052,-0.1694087420693996,-0.1673462135088084,0.0032722513089005235
H08,"H08|nMin=3;g=0.05|XG",XG,1906,KILL,1887,21,-0.21360535087648239,-0.3092725138052833,0.02384737678855326,-0.24914378885053046,-0.16686631687375858,-0.23125826469867333,-0.21288072397115484,0.007419183889772125
H08,"H08|nMin=3;g=0.05|XG",XG,1906,PRIMARY,1581,21,-0.21706159379808032,-0.28422569076899545,0.02403542061986085,-0.24851001443075338,-0.18407385948601987,-0.23855034960975924,-0.2262329764961479,0.004427577482605946
H08,"H08|nMin=3;g=0.05|XG",XG,1906,NOINS,1581,21,-0.21820075772715064,-0.28646253813740263,0.024667931688804556,-0.24932126670208496,-0.18551400937540508,-0.23969147443903457,-0.2273614715151212,0.004427577482605946
H08,"H08|nMin=3;g=0.05|XG",XG,1906,L10,1528,21,-0.18417826899254322,-0.2030800889824017,0.016361256544502618,-0.20144287444566955,-0.16538602635769925,-0.20165680474327086,-0.2007173537562616,0.001963350785340314
H08,"H08|nMin=3;g=0.15|XT60",XT60,583,KILL,577,21,-0.16031384311922942,-0.3105616514489877,0.19930675909878684,-0.20673113632700707,-0.08364361782084315,-0.19040560970990478,-0.1574316208890702,0.03119584055459272
H08,"H08|nMin=3;g=0.15|XT60",XT60,583,PRIMARY,472,21,-0.15675296739353328,-0.2426502685127535,0.1716101694915254,-0.20367801122147505,-0.09931090743128433,-0.1962271875604585,-0.17492283583929633,0.006355932203389831
H08,"H08|nMin=3;g=0.15|XT60",XT60,583,NOINS,472,21,-0.15869557339528675,-0.24573341250770214,0.1673728813559322,-0.20563314579336592,-0.10112307815992432,-0.19814747049040612,-0.17685567044742853,0.006355932203389831
H08,"H08|nMin=3;g=0.15|XT60",XT60,583,L10,461,21,-0.08396577414591949,-0.11479697894949306,0.16919739696312364,-0.11688299180311092,-0.04532140835572291,-0.12192995528237255,-0.09282696830473175,0.006507592190889371
H08,"H08|nMin=3;g=0.15|XT300",XT300,583,KILL,577,21,-0.258188984272705,-0.39810356698671706,0.09705372616984402,-0.30822209807135925,-0.18319982186883677,-0.29869527451291006,-0.2561650699183342,0.0415944540727903
H08,"H08|nMin=3;g=0.15|XT300",XT300,583,PRIMARY,472,21,-0.24980720812928786,-0.33489583344005214,0.07838983050847458,-0.3032206735436264,-0.18628895954480415,-0.2924638440130642,-0.2717149293181978,0.012711864406779662
H08,"H08|nMin=3;g=0.15|XT300",XT300,583,NOINS,472,21,-0.2513724554490985,-0.3361616784609149,0.07838983050847458,-0.30481530169911925,-0.18777398337946077,-0.2940391035758587,-0.27324644954771427,0.012711864406779662
H08,"H08|nMin=3;g=0.15|XT300",XT300,583,L10,461,21,-0.17807635667228516,-0.21064874373117662,0.07158351409978309,-0.2224478880923925,-0.12884068759048672,-0.2181865143023342,-0.1962301638163294,0.010845986984815618
H08,"H08|nMin=3;g=0.15|XT1800",XT1800,583,KILL,577,21,-0.3239802415235508,-0.4270793791353664,0.043327556325823226,-0.38742027981057625,-0.2395695407992183,-0.37573622481957347,-0.32254281872192236,0.04679376083188908
H08,"H08|nMin=3;g=0.15|XT1800",XT1800,583,PRIMARY,472,21,-0.32200981944362383,-0.37807216724639897,0.029661016949152543,-0.37792536367485874,-0.2647125117486524,-0.366089201573544,-0.34922456251250944,0.01694915254237288
H08,"H08|nMin=3;g=0.15|XT1800",XT1800,583,NOINS,472,21,-0.3234732547990664,-0.3803486460580674,0.029661016949152543,-0.37929792131898654,-0.266159362568985,-0.36756199774303505,-0.35064646509751035,0.01694915254237288
H08,"H08|nMin=3;g=0.15|XT1800",XT1800,583,L10,461,21,-0.24333894516025972,-0.25099833386869486,0.026030368763557483,-0.30144603314466495,-0.19427001848126468,-0.28560468835422276,-0.2689496517199932,0.013015184381778741
H08,"H08|nMin=3;g=0.15|XB",XB,583,KILL,577,21,-0.11994529883178552,-0.3070098005074374,0.2339688041594454,-0.15737798280375287,-0.0620063754263396,-0.13008941021177747,-0.11672887208215993,0.02079722703639515
H08,"H08|nMin=3;g=0.15|XB",XB,583,PRIMARY,472,21,-0.10719782820788325,-0.25762910898416513,0.18220338983050846,-0.17113409847851205,-0.030674924291379416,-0.14503491141350294,-0.12642979008268024,0.00847457627118644
H08,"H08|nMin=3;g=0.15|XB",XB,583,NOINS,472,21,-0.10658984047268599,-0.2560492374166724,0.18220338983050846,-0.17013675290940794,-0.031202686078320167,-0.144376876191679,-0.1255519750312728,0.00847457627118644
H08,"H08|nMin=3;g=0.15|XB",XB,583,L10,461,21,-0.0992882525419685,-0.19332778041023854,0.14099783080260303,-0.13918627270687717,-0.05004733459209584,-0.13674214280777042,-0.10903964359685402,0.006507592190889371
H08,"H08|nMin=3;g=0.15|XR",XR,583,KILL,577,21,-0.1362393614299138,-0.26617212079001046,0.18370883882149047,-0.18529523816023502,-0.050545560202482,-0.1738584295620059,-0.13318593270304738,0.03119584055459272
H08,"H08|nMin=3;g=0.15|XR",XR,583,PRIMARY,472,21,-0.16069199031991546,-0.24169443177290867,0.12076271186440678,-0.20275315333370253,-0.10578676913793655,-0.1997189529546857,-0.17996944615589164,0.01059322033898305
H08,"H08|nMin=3;g=0.15|XR",XR,583,NOINS,472,21,-0.1637593017775774,-0.24344739734016058,0.11864406779661017,-0.20604343961113233,-0.10847926692126827,-0.20280225211158845,-0.18315743259045772,0.01059322033898305
H08,"H08|nMin=3;g=0.15|XR",XR,583,L10,461,21,-0.15039440726515887,-0.19332778041023854,0.08893709327548807,-0.18187455440452233,-0.10860520204145988,-0.18750824108387518,-0.16837717769062335,0.008676789587852495
H08,"H08|nMin=3;g=0.15|XG",XG,583,KILL,577,21,-0.21786280743394487,-0.31219734341575045,0.029462738301559793,-0.27280030065192096,-0.1299326966398504,-0.2668077134280056,-0.21549356045986776,0.019064124783362217
H08,"H08|nMin=3;g=0.15|XG",XG,583,PRIMARY,472,21,-0.2201105046359941,-0.29813049340432296,0.02754237288135593,-0.26834434664225065,-0.16200334161968566,-0.2628502034158239,-0.24014807449255016,0.00847457627118644
H08,"H08|nMin=3;g=0.15|XG",XG,583,NOINS,472,21,-0.22017582953686676,-0.2968748190134456,0.02754237288135593,-0.26824653031664064,-0.16251664463953414,-0.26291594483809577,-0.24003807496742147,0.00847457627118644
H08,"H08|nMin=3;g=0.15|XG",XG,583,L10,461,21,-0.18609507861494576,-0.2305381058995045,0.02386117136659436,-0.2288782542303985,-0.14436382665327363,-0.22729404489116736,-0.20520101556765263,0.006507592190889371
H08,"H08|nMin=10;g=0.05|XT60",XT60,1356,KILL,1344,21,-0.1733333037308323,-0.3022190985523108,0.15327380952380953,-0.21917627988829236,-0.11290671198856225,-0.18728507800953478,-0.1721534985194907,0.012648809523809524
H08,"H08|nMin=10;g=0.05|XT60",XT60,1356,PRIMARY,1131,21,-0.1648713370990055,-0.24835691917715677,0.125552608311229,-0.20636436053149804,-0.1288620204616807,-0.18327777981954269,-0.17786962934288517,0.002652519893899204
H08,"H08|nMin=10;g=0.05|XT60",XT60,1356,NOINS,1131,21,-0.16716736900841792,-0.2506843695231432,0.1237842617152962,-0.208523152053394,-0.13133644033332967,-0.1855693788898622,-0.18014819413164476,0.002652519893899204
H08,"H08|nMin=10;g=0.05|XT60",XT60,1356,L10,1091,21,-0.11251820463770566,-0.13247089412310406,0.11274060494958753,-0.12767949260885747,-0.0966625897583572,-0.12818932404821923,-0.1280590563893035,0.0009165902841429881
H08,"H08|nMin=10;g=0.05|XT300",XT300,1356,KILL,1344,21,-0.2582358876114787,-0.34539408487139944,0.05952380952380952,-0.31077544338974966,-0.1882692780535762,-0.2783705625786077,-0.25737793737329645,0.01488095238095238
H08,"H08|nMin=10;g=0.05|XT300",XT300,1356,PRIMARY,1131,21,-0.24190283652437003,-0.28865637962511165,0.04332449160035367,-0.27834622587540053,-0.20260795417992353,-0.2665982194255548,-0.2570038098347535,0.0035366931918656055
H08,"H08|nMin=10;g=0.05|XT300",XT300,1356,NOINS,1131,21,-0.2438970762444395,-0.29068478809558845,0.04332449160035367,-0.28027296946287666,-0.20468462136564522,-0.2685977629124232,-0.2589649798151198,0.0035366931918656055
H08,"H08|nMin=10;g=0.05|XT300",XT300,1356,L10,1091,21,-0.18127595911815045,-0.18623595947265428,0.03299725022914757,-0.19985017977451497,-0.15878930446302575,-0.19714344714426013,-0.20511313643777362,0.0009165902841429881
H08,"H08|nMin=10;g=0.05|XT1800",XT1800,1356,KILL,1344,21,-0.3010216753264049,-0.3664338988966675,0.020089285714285716,-0.35027326112624446,-0.2359624074348818,-0.323543754430479,-0.3003274034320026,0.019345238095238096
H08,"H08|nMin=10;g=0.05|XT1800",XT1800,1356,PRIMARY,1131,21,-0.27581352989265084,-0.30361969559483226,0.014146772767462422,-0.3134236432679868,-0.23569188928810111,-0.30341397287704364,-0.2909134301809155,0.007073386383731211
H08,"H08|nMin=10;g=0.05|XT1800",XT1800,1356,NOINS,1131,21,-0.27775662115742156,-0.30561234862158587,0.014146772767462422,-0.31525643249817203,-0.2377126294517977,-0.30536223180703076,-0.29282126569139477,0.007073386383731211
H08,"H08|nMin=10;g=0.05|XT1800",XT1800,1356,L10,1091,21,-0.20987783001312518,-0.20650378580222073,0.010999083409715857,-0.23384095877093652,-0.18227346594841584,-0.22757362703424963,-0.23374165965089655,0.002749770852428964
H08,"H08|nMin=10;g=0.05|XB",XB,1356,KILL,1344,21,-0.12528028544926006,-0.3052789861200935,0.21205357142857142,-0.15780238926703175,-0.08750451491616644,-0.1291390323439388,-0.12391138929003007,0.005952380952380952
H08,"H08|nMin=10;g=0.05|XB",XB,1356,PRIMARY,1131,21,-0.13153521753577088,-0.2583893325139179,0.15561450044208666,-0.16075249540351588,-0.10444557205443807,-0.14677137716784763,-0.14385423702361944,0.0017683465959328027
H08,"H08|nMin=10;g=0.05|XB",XB,1356,NOINS,1131,21,-0.13225301339596265,-0.2585091157062949,0.15649867374005305,-0.1614956538718019,-0.10507456140813637,-0.14748085283660992,-0.1445261427480716,0.0017683465959328027
H08,"H08|nMin=10;g=0.05|XB",XB,1356,L10,1091,21,-0.11099192952769829,-0.16746272167065496,0.09165902841429881,-0.12987627144283384,-0.09145097173830159,-0.1280243911985388,-0.12504291728410713,0.0009165902841429881
H08,"H08|nMin=10;g=0.05|XR",XR,1356,KILL,1344,21,-0.14976057372015333,-0.2749012173875739,0.16815476190476192,-0.17889919485002162,-0.10905213346058608,-0.16730035267153676,-0.1484945323887626,0.011904761904761904
H08,"H08|nMin=10;g=0.05|XR",XR,1356,PRIMARY,1131,21,-0.16768987938252808,-0.24148476076656542,0.1184792219274978,-0.1968391201766606,-0.13929996174301748,-0.18715325471942887,-0.18099992836171944,0.002652519893899204
H08,"H08|nMin=10;g=0.05|XR",XR,1356,NOINS,1131,21,-0.1700539762306578,-0.2435003619173365,0.11759504862953139,-0.19903968041841252,-0.14184448502180708,-0.18952235268240578,-0.18335671983667226,0.002652519893899204
H08,"H08|nMin=10;g=0.05|XR",XR,1356,L10,1091,21,-0.15442110846402482,-0.17189290470831217,0.051329055912007336,-0.1740996864577381,-0.1316048359690534,-0.16901668176945292,-0.17429249243260714,0.0009165902841429881
H08,"H08|nMin=10;g=0.05|XG",XG,1356,KILL,1344,21,-0.22691916968484596,-0.308389483110293,0.017857142857142856,-0.27062344713843806,-0.16837649432339216,-0.24818469982733138,-0.22594430531504892,0.005952380952380952
H08,"H08|nMin=10;g=0.05|XG",XG,1356,PRIMARY,1131,21,-0.22199740183433847,-0.2829935180344098,0.021220159151193633,-0.25398764119863043,-0.18616781285834055,-0.24923106675584533,-0.23375067684404854,0.0035366931918656055
H08,"H08|nMin=10;g=0.05|XG",XG,1356,NOINS,1131,21,-0.2228926837387495,-0.28299631729770114,0.022104332449160036,-0.2544669012816286,-0.18771017964424125,-0.2501285376675159,-0.23462308882775246,0.0035366931918656055
H08,"H08|nMin=10;g=0.05|XG",XG,1356,L10,1091,21,-0.183597451979736,-0.19877310729887873,0.012832263978001834,-0.20564637304397473,-0.15821112599734047,-0.2011352295154898,-0.2045730176747258,0.0018331805682859762
H08,"H08|nMin=10;g=0.15|XT60",XT60,213,KILL,211,17,-0.2094874769251827,-0.35990239182215167,0.14218009478672985,-0.23776396990812013,-0.16691841717238204,-0.2584741492589882,-0.20273436557540778,0.037914691943127965
H08,"H08|nMin=10;g=0.15|XT60",XT60,213,PRIMARY,169,17,-0.15689065695178908,-0.2865227379983011,0.11834319526627218,-0.24933767332356258,-0.012608379950710437,-0.25716760581851356,-0.21184744526801133,0.005917159763313609
H08,"H08|nMin=10;g=0.15|XT60",XT60,213,NOINS,169,17,-0.15844747970413214,-0.28952448069264347,0.11242603550295859,-0.25046168968033977,-0.013945155143550244,-0.25874716455155805,-0.213339761560488,0.005917159763313609
H08,"H08|nMin=10;g=0.15|XT60",XT60,213,L10,165,17,-0.06752570405937963,-0.13888832440707008,0.15757575757575756,-0.1722933730265385,0.05823820230651493,-0.15873738565333034,-0.10688887494550046,0.006060606060606061
H08,"H08|nMin=10;g=0.15|XT300",XT300,213,KILL,211,17,-0.32993683892256354,-0.43309338838863737,0.06635071090047394,-0.38475068512470395,-0.2569543771109693,-0.39507798316279136,-0.3255520059768749,0.04265402843601896
H08,"H08|nMin=10;g=0.15|XT300",XT300,213,PRIMARY,169,17,-0.2553557779881836,-0.36814334995266274,0.05325443786982249,-0.3777345348325022,-0.12551791852132402,-0.3532255304846229,-0.3207626514597372,0.005917159763313609
H08,"H08|nMin=10;g=0.15|XT300",XT300,213,NOINS,169,17,-0.2566914497473162,-0.3704565513590235,0.05325443786982249,-0.37841678493456143,-0.12662916058056212,-0.3545817217658383,-0.3220214360582046,0.005917159763313609
H08,"H08|nMin=10;g=0.15|XT300",XT300,213,L10,165,17,-0.16653233403586548,-0.23116940057799637,0.048484848484848485,-0.2919118349167943,-0.01713269538063359,-0.25888303121365724,-0.22693602560131962,0.006060606060606061
H08,"H08|nMin=10;g=0.15|XT1800",XT1800,213,KILL,211,17,-0.3841501975312377,-0.4613582906323069,0.02843601895734597,-0.48508934323414754,-0.2917662738347735,-0.4553615820972864,-0.38083902360935634,0.04739336492890995
H08,"H08|nMin=10;g=0.15|XT1800",XT1800,213,PRIMARY,169,17,-0.30286739549285874,-0.41650850606862794,0.01775147928994083,-0.4710216775488505,-0.15933533398879934,-0.4096353801103293,-0.3710864703661462,0.011834319526627219
H08,"H08|nMin=10;g=0.15|XT1800",XT1800,213,NOINS,169,17,-0.304183466239936,-0.41650851605813893,0.01775147928994083,-0.4715671310229993,-0.1603155270918381,-0.41097288902631307,-0.3723238541683554,0.011834319526627219
H08,"H08|nMin=10;g=0.15|XT1800",XT1800,213,L10,165,17,-0.21148311784132273,-0.26818412622329896,0.012121212121212121,-0.3995578086739578,-0.05134008956577533,-0.3147199661330051,-0.2707784783449636,0.012121212121212121
H08,"H08|nMin=10;g=0.15|XB",XB,213,KILL,211,17,-0.1791428975737467,-0.30895538530421374,0.18009478672985782,-0.2169449733812993,-0.11784031904363441,-0.19142231687942352,-0.17178127303242915,0.02843601895734597
H08,"H08|nMin=10;g=0.15|XB",XB,213,PRIMARY,169,17,-0.11276253405427634,-0.2590909285946132,0.11242603550295859,-0.22364771460681798,0.06386381784251642,-0.20325215088078163,-0.16790880991140258,0.005917159763313609
H08,"H08|nMin=10;g=0.15|XB",XB,213,NOINS,169,17,-0.11092127713802788,-0.25783266769988333,0.11242603550295859,-0.22359884816450368,0.06557854635235998,-0.20134993145207802,-0.16539287863851504,0.005917159763313609
H08,"H08|nMin=10;g=0.15|XB",XB,213,L10,165,17,-0.08090032298727368,-0.2051552137910546,0.09696969696969697,-0.17124142734588566,0.07072950131412843,-0.17009440322459127,-0.1251283832117831,0.006060606060606061
H08,"H08|nMin=10;g=0.15|XR",XR,213,KILL,211,17,-0.15404646545563155,-0.29532720325526,0.15639810426540285,-0.2400368353934552,-0.026632272514998084,-0.20934305891021732,-0.1462063157287777,0.037914691943127965
H08,"H08|nMin=10;g=0.15|XR",XR,213,PRIMARY,169,17,-0.12356907944419994,-0.23353752943930842,0.08284023668639054,-0.21511684898849362,0.027064288457908214,-0.2178815910629007,-0.1728509845124838,0.005917159763313609
H08,"H08|nMin=10;g=0.15|XR",XR,213,NOINS,169,17,-0.1262736801760021,-0.23511410008632208,0.08284023668639054,-0.21800522860926042,0.02416860102500431,-0.22063284184725282,-0.1756071011493139,0.005917159763313609
H08,"H08|nMin=10;g=0.15|XR",XR,213,L10,165,17,-0.10183547056051909,-0.1960133557438927,0.08484848484848485,-0.19115036727098447,0.05358042322427887,-0.19264080863312297,-0.1496479974452328,0.006060606060606061
H08,"H08|nMin=10;g=0.15|XG",XG,213,KILL,211,17,-0.2497708336931339,-0.31288552808317993,0.018957345971563982,-0.3287143415714463,-0.08767054701585282,-0.3213400090652444,-0.24381412812980158,0.02843601895734597
H08,"H08|nMin=10;g=0.15|XG",XG,213,PRIMARY,169,17,-0.1654952799277066,-0.29170738224681997,0.023668639053254437,-0.2645494991256062,-0.0034759317260259185,-0.2698419069650889,-0.21737925609813938,0.011834319526627219
H08,"H08|nMin=10;g=0.15|XG",XG,213,NOINS,169,17,-0.1628537279618924,-0.28952448069264347,0.023668639053254437,-0.2625661089762661,-0.001767875914192706,-0.26713809581174486,-0.214001548120105,0.011834319526627219
H08,"H08|nMin=10;g=0.15|XG",XG,213,L10,165,17,-0.12910367101975823,-0.23587284579596618,0.01818181818181818,-0.24768670564552345,0.02666291870644941,-0.23321612477816245,-0.1711972930750769,0.012121212121212121
H09,"H09|c=3;D=10|XT60",XT60,1168,KILL,1153,21,-0.09247607085696341,-0.03705973600635173,0.08759757155247182,-0.11040761918379266,-0.07302708465656058,-0.10522518583938861,-0.0924838238188762,0.011274934952298352
H09,"H09|c=3;D=10|XT60",XT60,1168,PRIMARY,1123,21,-0.07816199684436652,-0.027312711652764596,0.0792520035618878,-0.10030842940294103,-0.053699716021228465,-0.09161452453334692,-0.07639607542120692,0.007123775601068566
H09,"H09|c=3;D=10|XT60",XT60,1168,NOINS,1123,21,-0.08294764783565442,-0.03366730231629393,0.07479964381121995,-0.10503684911148413,-0.058583340516247896,-0.09640409196854012,-0.08122318082210764,0.007123775601068566
H09,"H09|c=3;D=10|XT60",XT60,1168,L10,1098,21,-0.05970119191421419,-0.027297713658146965,0.09380692167577413,-0.07516251096218905,-0.04490763980427604,-0.06893994432836387,-0.055378256106761344,0.006375227686703097
H09,"H09|c=3;D=10|XT300",XT300,1168,KILL,1153,21,-0.13132886040912634,-0.0472890104969902,0.06591500433651344,-0.15667146594557688,-0.10300254120386068,-0.14396936665559484,-0.1313424613414764,0.01821335646140503
H09,"H09|c=3;D=10|XT300",XT300,1168,PRIMARY,1123,21,-0.1127247305375535,-0.03941108835722491,0.06589492430988424,-0.14087857857172462,-0.08091591510623176,-0.1264125237075259,-0.11152561182606716,0.012466607301869992
H09,"H09|c=3;D=10|XT300",XT300,1168,NOINS,1123,21,-0.11724202892879279,-0.045590509964537236,0.06322350845948353,-0.14529271373403488,-0.08548989341593834,-0.13094192192481408,-0.11608202327048343,0.012466607301869992
H09,"H09|c=3;D=10|XT300",XT300,1168,L10,1098,21,-0.08898835994113223,-0.03260305679037011,0.07103825136612021,-0.10511257807912755,-0.0746584344219525,-0.09827907212757755,-0.08551305939476715,0.011839708561020037
H09,"H09|c=3;D=10|XT1800",XT1800,1168,KILL,1153,21,-0.151701484452009,-0.05336194219193075,0.04596704249783174,-0.17865981131362102,-0.12445325207919845,-0.16509140943592485,-0.15171574358233503,0.02168256721595837
H09,"H09|c=3;D=10|XT1800",XT1800,1168,PRIMARY,1123,21,-0.13231268765974336,-0.042033604715049196,0.0427426536064114,-0.1621817375547528,-0.10126771316005749,-0.14650311506919766,-0.13108908592095414,0.016028495102404273
H09,"H09|c=3;D=10|XT1800",XT1800,1168,NOINS,1123,21,-0.1366909492549868,-0.04770012979233227,0.041852181656277826,-0.16641760151203702,-0.10564274542742445,-0.15089310408479392,-0.1355050474222789,0.016028495102404273
H09,"H09|c=3;D=10|XT1800",XT1800,1168,L10,1098,21,-0.10767447033663938,-0.039474366914739524,0.04735883424408015,-0.12440818936435351,-0.09408644985176161,-0.11999389164376201,-0.10428610662112757,0.015482695810564663
H09,"H09|c=3;D=10|XB",XB,1168,KILL,1153,21,-0.07777319050169904,-0.0472890104969902,0.09800520381613183,-0.08978051669919278,-0.06478598183136203,-0.08013368465435346,-0.07777535712241311,0.006071118820468344
H09,"H09|c=3;D=10|XB",XB,1168,PRIMARY,1123,21,-0.06963971054449004,-0.039478717346785874,0.08904719501335707,-0.08520659307592228,-0.05348845307500577,-0.07640219197015441,-0.06789740104531876,0.003561887800534283
H09,"H09|c=3;D=10|XB",XB,1168,NOINS,1123,21,-0.07365937767251288,-0.0455969531991409,0.0881567230632235,-0.08923892184717251,-0.05747330240954751,-0.08041086024068565,-0.07194643296840315,0.003561887800534283
H09,"H09|c=3;D=10|XB",XB,1168,L10,1098,21,-0.05922658007836295,-0.036749114651283575,0.07832422586520947,-0.07145330183599052,-0.04604104263572073,-0.06846114723356723,-0.057552008684729455,0.004553734061930784
H09,"H09|c=3;D=10|XR",XR,1168,KILL,1153,21,-0.07688761492774543,-0.04751465101238744,0.08152645273200347,-0.0988014979084447,-0.050298122234473976,-0.09131036082803802,-0.07689380031893182,0.012142237640936688
H09,"H09|c=3;D=10|XR",XR,1168,PRIMARY,1123,21,-0.08039544411727965,-0.03964316467708905,0.06678539626001781,-0.10210271126591809,-0.0530147048231202,-0.0936493333648771,-0.07913015967858701,0.009795191451469279
H09,"H09|c=3;D=10|XR",XR,1168,NOINS,1123,21,-0.08523071381445486,-0.045694620648319265,0.06589492430988424,-0.10702182905570827,-0.05775913276109056,-0.09849755460303046,-0.08398349293416618,0.009795191451469279
H09,"H09|c=3;D=10|XR",XR,1168,L10,1098,21,-0.06769374025678451,-0.03883570612711776,0.0610200364298725,-0.08104028529790584,-0.05569794962505203,-0.07990362531711612,-0.06529549301486114,0.009107468123861567
H09,"H09|c=3;D=10|XG",XG,1168,KILL,1153,21,-0.10917085647871547,-0.05713769464205761,0.03816131830008673,-0.12806160469746045,-0.09011494238580882,-0.12208387817818944,-0.10917895355386566,0.0017346053772766695
H09,"H09|c=3;D=10|XG",XG,1168,PRIMARY,1123,21,-0.10685378717638466,-0.04536046151540882,0.03561887800534283,-0.12832898529402997,-0.08469093211039434,-0.1207357478998655,-0.10547119522130291,0.004452359750667854
H09,"H09|c=3;D=10|XG",XG,1168,NOINS,1123,21,-0.11078759560032422,-0.051254221047591295,0.034728406055209264,-0.13216705999144965,-0.0886618685568462,-0.12467980353462994,-0.10941898542350259,0.004452359750667854
H09,"H09|c=3;D=10|XG",XG,1168,L10,1098,21,-0.08929178950437855,-0.039486359322711155,0.039162112932604735,-0.10281805146030644,-0.07510793566604089,-0.1015608473023744,-0.08613694289557003,0.007285974499089253
H09,"H09|c=3;D=30|XT60",XT60,1379,KILL,1362,21,-0.0822097835834349,-0.035382592905825586,0.08370044052863436,-0.09680045808216442,-0.06602278933322199,-0.09297555500946153,-0.0822155615244938,0.009544787077826725
H09,"H09|c=3;D=30|XT60",XT60,1379,PRIMARY,1332,21,-0.06852931933636504,-0.027297713658146965,0.07732732732732733,-0.08644010101788178,-0.04827341275625694,-0.07984454354940572,-0.06689175965825538,0.006006006006006006
H09,"H09|c=3;D=30|XT60",XT60,1379,NOINS,1332,21,-0.0735194410310651,-0.033172329054492786,0.07282282282282282,-0.09139253207107798,-0.05325044663566038,-0.08483842734289194,-0.07191959166980813,0.006006006006006006
H09,"H09|c=3;D=30|XT60",XT60,1379,L10,1305,21,-0.05316484892745853,-0.026783167551122863,0.08812260536398467,-0.0661558219800085,-0.041065092245621014,-0.06091970673432054,-0.0492396339038382,0.0053639846743295016
H09,"H09|c=3;D=30|XT300",XT300,1379,KILL,1362,21,-0.11527857480283696,-0.03947745615166434,0.06534508076358296,-0.13636110044348132,-0.09055081749426758,-0.1259396721734191,-0.11528944844702678,0.015418502202643172
H09,"H09|c=3;D=30|XT300",XT300,1379,PRIMARY,1332,21,-0.09776501983727585,-0.028664192597772337,0.06606606606606606,-0.12102693346959073,-0.07066295475438596,-0.1092664865176875,-0.09653970717068601,0.010510510510510511
H09,"H09|c=3;D=30|XT300",XT300,1379,NOINS,1332,21,-0.10250620788136645,-0.034778222341631145,0.06306306306306306,-0.12569405832350555,-0.07544192228496949,-0.11401837695014112,-0.10131684746508095,0.010510510510510511
H09,"H09|c=3;D=30|XT300",XT300,1379,L10,1305,21,-0.07768966911760494,-0.027846835063897762,0.0681992337164751,-0.0913720456604745,-0.06546027072791234,-0.08606531957733378,-0.07413275713205959,0.010727969348659003
H09,"H09|c=3;D=30|XT1800",XT1800,1379,KILL,1362,21,-0.13440909377305807,-0.0472890104969902,0.04698972099853157,-0.15859574981084645,-0.11125751372475999,-0.1457016151560361,-0.13442159011317126,0.01908957415565345
H09,"H09|c=3;D=30|XT1800",XT1800,1379,PRIMARY,1332,21,-0.11612144402434395,-0.039278262824034765,0.044294294294294295,-0.1422150513813632,-0.09067013722930121,-0.12804372014750573,-0.11485171577858086,0.014264264264264264
H09,"H09|c=3;D=30|XT1800",XT1800,1379,NOINS,1332,21,-0.1207114234931195,-0.044765596124069724,0.04354354354354354,-0.1466813103484479,-0.09531092772035935,-0.1326440606880767,-0.11947634617139474,0.014264264264264264
H09,"H09|c=3;D=30|XT1800",XT1800,1379,L10,1305,21,-0.09546322051352765,-0.0332930123370461,0.0475095785440613,-0.11150871496395612,-0.08126058527332623,-0.10579588762706753,-0.09187014402205346,0.013793103448275862
H09,"H09|c=3;D=30|XB",XB,1379,KILL,1362,21,-0.07032739019974014,-0.041530655191284016,0.09397944199706314,-0.08126228590403178,-0.05892350776999455,-0.07230842837093078,-0.07032875178005482,0.005139500734214391
H09,"H09|c=3;D=30|XB",XB,1379,PRIMARY,1332,21,-0.0618216133235961,-0.0320250536936217,0.08633633633633633,-0.07508901532172775,-0.04789817120615933,-0.06750297141620688,-0.06022264341227417,0.003003003003003003
H09,"H09|c=3;D=30|XB",XB,1379,NOINS,1332,21,-0.06613953210062608,-0.03818674891364068,0.08558558558558559,-0.07935876915794882,-0.05229515824462997,-0.07181229428244558,-0.06456910435173674,0.003003003003003003
H09,"H09|c=3;D=30|XB",XB,1379,L10,1305,21,-0.0538364051858791,-0.030006143549273265,0.07586206896551724,-0.06523283320382835,-0.04237268922226936,-0.061590384072416494,-0.05213974447585387,0.0038314176245210726
H09,"H09|c=3;D=30|XR",XR,1379,KILL,1362,21,-0.0691844608359446,-0.04291382518282673,0.07929515418502203,-0.0872218285588823,-0.04748527667277834,-0.08137213436284851,-0.06919059481767229,0.011013215859030838
H09,"H09|c=3;D=30|XR",XR,1379,PRIMARY,1332,21,-0.07082335686853579,-0.034545251308762785,0.06606606606606606,-0.08942795404127939,-0.048483587858242166,-0.08216834083402257,-0.06960353039705418,0.009009009009009009
H09,"H09|c=3;D=30|XR",XR,1379,NOINS,1332,21,-0.0758053792169542,-0.040427523286102676,0.06531531531531531,-0.09446257092185203,-0.05352403718027667,-0.08716160921885051,-0.07460289603089545,0.009009009009009009
H09,"H09|c=3;D=30|XR",XR,1379,L10,1305,21,-0.06097030772761627,-0.030857869237300835,0.05900383141762452,-0.0751301978440119,-0.04685669718012062,-0.07122349808358863,-0.058473889821424055,0.00842911877394636
H09,"H09|c=3;D=30|XG",XG,1379,KILL,1362,21,-0.09893531168869946,-0.04852223272474006,0.039647577092511016,-0.11510290390907356,-0.08311056673213547,-0.10983985055553243,-0.09894272846599261,0.0014684287812041115
H09,"H09|c=3;D=30|XG",XG,1379,PRIMARY,1332,21,-0.09532903411764954,-0.039486359322711155,0.03753753753753754,-0.11426963353875844,-0.07678879860171155,-0.10700188720351972,-0.09399480974440558,0.0045045045045045045
H09,"H09|c=3;D=30|XG",XG,1379,NOINS,1332,21,-0.09953076924002514,-0.045693571749662855,0.03678678678678678,-0.11838060994155504,-0.08097946247443648,-0.11121286284976277,-0.09821174623061657,0.0045045045045045045
H09,"H09|c=3;D=30|XG",XG,1379,L10,1305,21,-0.08115068527409822,-0.03561261675240997,0.04061302681992337,-0.09540457800928992,-0.06593558754208069,-0.09145037419584215,-0.07793147479914628,0.006896551724137931
H09,"H09|c=10;D=10|XT60",XT60,111,KILL,110,19,-0.08320152886482757,-0.03705973600635173,0.09090909090909091,-0.13593344846587244,-0.01209391212420681,-0.11196622323077313,-0.08319899363721933,0.01818181818181818
H09,"H09|c=10;D=10|XT60",XT60,111,PRIMARY,109,19,-0.061502867810713256,-0.027297713658146965,0.08256880733944955,-0.1149175108161982,0.004090626972399695,-0.09048334878670514,-0.0599424155180368,0.01834862385321101
H09,"H09|c=10;D=10|XT60",XT60,111,NOINS,109,19,-0.06638527343608362,-0.033560662939297124,0.08256880733944955,-0.11950965896046654,-0.0009412340037229656,-0.0954333303829965,-0.06486026280812052,0.01834862385321101
H09,"H09|c=10;D=10|XT60",XT60,111,L10,105,19,-0.055383165135600806,-0.027297713658146965,0.0761904761904762,-0.09584055518168204,-0.005109842361073615,-0.07806668848115086,-0.05598736520248187,0
H09,"H09|c=10;D=10|XT300",XT300,111,KILL,110,19,-0.12197921530685313,-0.04103460236775898,0.07272727272727272,-0.17825960291253545,-0.060521528924473385,-0.15241369837327826,-0.12197637732907882,0.01818181818181818
H09,"H09|c=10;D=10|XT300",XT300,111,PRIMARY,109,19,-0.1029866748772093,-0.03150985465261476,0.08256880733944955,-0.1575830039059932,-0.04448735113657302,-0.1337032508832457,-0.10070853009487674,0.01834862385321101
H09,"H09|c=10;D=10|XT300",XT300,111,NOINS,109,19,-0.10756760757063741,-0.0376979171869537,0.07339449541284404,-0.16193360750153582,-0.04896038769051365,-0.1384134493540792,-0.1053197441432048,0.01834862385321101
H09,"H09|c=10;D=10|XT300",XT300,111,L10,105,19,-0.08521575744859111,-0.029007067944775686,0.06666666666666667,-0.13714097386975338,-0.02360340241261796,-0.1107002586881271,-0.08080436245243676,0
H09,"H09|c=10;D=10|XT1800",XT1800,111,KILL,110,19,-0.18568551364868943,-0.05063493358539376,0.01818181818181818,-0.23902404855829018,-0.13714689907824087,-0.19912511363583674,-0.18565869626741582,0.01818181818181818
H09,"H09|c=10;D=10|XT1800",XT1800,111,PRIMARY,109,19,-0.16277742026420727,-0.03776874282003896,0.03669724770642202,-0.2200870610109623,-0.11077678162926771,-0.17736666853195943,-0.16211878225294904,0.01834862385321101
H09,"H09|c=10;D=10|XT1800",XT1800,111,NOINS,109,19,-0.16717322700924903,-0.04334143149692823,0.01834862385321101,-0.22396675089551485,-0.11549601284962288,-0.18182684793596057,-0.16654143477860772,0.01834862385321101
H09,"H09|c=10;D=10|XT1800",XT1800,111,L10,105,19,-0.14827074370974158,-0.036184486289396134,0.01904761904761905,-0.19967453804739385,-0.10630473890086725,-0.15264398096720852,-0.14598270431281615,0
H09,"H09|c=10;D=10|XB",XB,111,KILL,110,19,-0.08957590906530671,-0.04578422964031641,0.06363636363636363,-0.12696973049973895,-0.04691095529943409,-0.10936225820977459,-0.08958551515737868,0.00909090909090909
H09,"H09|c=10;D=10|XB",XB,111,PRIMARY,109,19,-0.07621330440642918,-0.033857683975232,0.06422018348623854,-0.12416458259869716,-0.010283221688714822,-0.10697984393001259,-0.0762570553978508,0.009174311926605505
H09,"H09|c=10;D=10|XB",XB,111,NOINS,109,19,-0.08085229879235818,-0.039339578661394314,0.045871559633027525,-0.12859835304062261,-0.014851308410748307,-0.11162735537219229,-0.08092316734732119,0.009174311926605505
H09,"H09|c=10;D=10|XB",XB,111,L10,105,19,-0.08511872468929474,-0.032832236268015236,0.0380952380952381,-0.12768401931409507,-0.03528194783285106,-0.10631004183955794,-0.08737541195144953,0
H09,"H09|c=10;D=10|XR",XR,111,KILL,110,19,-0.10070469496921923,-0.044028466245460425,0.05454545454545454,-0.1328314696371306,-0.06505452451102117,-0.12000543484068567,-0.10071019554903736,0.00909090909090909
H09,"H09|c=10;D=10|XR",XR,111,PRIMARY,109,19,-0.0968712614182496,-0.036184486289396134,0.045871559633027525,-0.13245284096868493,-0.05850485325067427,-0.11634411365438736,-0.0963925698794389,0.009174311926605505
H09,"H09|c=10;D=10|XR",XR,111,NOINS,109,19,-0.10206269230598555,-0.03999642375505719,0.027522935779816515,-0.13831799842731357,-0.06314527880231655,-0.12166329333207201,-0.10161439338584084,0.009174311926605505
H09,"H09|c=10;D=10|XR",XR,111,L10,105,19,-0.07354181030526682,-0.031748209893512784,0.0380952380952381,-0.11650932174007561,-0.015624525757704143,-0.09946939359043187,-0.0765715535913082,0
H09,"H09|c=10;D=10|XG",XG,111,KILL,110,19,-0.13033338010691012,-0.056587144918163274,0.02727272727272727,-0.15558461668531362,-0.10217054161787516,-0.14232715064956833,-0.13032276703651027,0
H09,"H09|c=10;D=10|XG",XG,111,PRIMARY,109,19,-0.11058593219950563,-0.03945007741871035,0.03669724770642202,-0.13711510011140252,-0.08031572998215533,-0.12429027791885917,-0.1103706684508947,0.009174311926605505
H09,"H09|c=10;D=10|XG",XG,111,NOINS,109,19,-0.11508654604230349,-0.04565866839818191,0.027522935779816515,-0.1412714066953671,-0.08489045466195855,-0.12887504704656655,-0.11489844748979182,0.009174311926605505
H09,"H09|c=10;D=10|XG",XG,111,L10,105,19,-0.1101297651931504,-0.037095279956046154,0.01904761904761905,-0.14381075419956707,-0.0847192123611587,-0.1153252873584425,-0.10748067246589833,0
H09,"H09|c=10;D=30|XT60",XT60,161,KILL,158,20,-0.06779929299898874,-0.03461657628973683,0.0759493670886076,-0.10939671710307085,-0.010251542845758752,-0.08735810325420594,-0.06779854570863812,0.012658227848101266
H09,"H09|c=10;D=30|XT60",XT60,161,PRIMARY,156,20,-0.04837926100402465,-0.026763288547025622,0.07051282051282051,-0.09012234939502117,0.0027724736983381257,-0.06870180320203809,-0.04716852757148166,0.01282051282051282
H09,"H09|c=10;D=30|XT60",XT60,161,NOINS,156,20,-0.05364358054281409,-0.033136376804355425,0.07051282051282051,-0.09511915278276015,-0.0026744976373623626,-0.07397629409177993,-0.05246151268252355,0.01282051282051282
H09,"H09|c=10;D=30|XT60",XT60,161,L10,153,20,-0.0456798735768852,-0.026763288547025622,0.06535947712418301,-0.07789898177621662,-0.004852624362876734,-0.060910603620684886,-0.04586211029564028,0
H09,"H09|c=10;D=30|XT300",XT300,161,KILL,158,20,-0.09963492514613893,-0.03705973600635173,0.06962025316455696,-0.14289769230243476,-0.05238031867888602,-0.12021206590501189,-0.09963268409986528,0.012658227848101266
H09,"H09|c=10;D=30|XT300",XT300,161,PRIMARY,156,20,-0.0813977890749517,-0.027297713658146965,0.07692307692307693,-0.12249811844951747,-0.03818148795464243,-0.10225524266471052,-0.0796210635526656,0.01282051282051282
H09,"H09|c=10;D=30|XT300",XT300,161,NOINS,156,20,-0.08641022511582666,-0.03366730231629393,0.07051282051282051,-0.1272998842389647,-0.04320916489830586,-0.10736569623792071,-0.0846589206180163,0.01282051282051282
H09,"H09|c=10;D=30|XT300",XT300,161,L10,153,20,-0.07039427892167768,-0.027297713658146965,0.06535947712418301,-0.11053745402718607,-0.024007927651126443,-0.08742731019402383,-0.06706210854864077,0
H09,"H09|c=10;D=30|XT1800",XT1800,161,KILL,158,20,-0.1465671086965968,-0.040475555430733785,0.02531645569620253,-0.18886575477595946,-0.10607710262648348,-0.15626669730821466,-0.14654850063580394,0.012658227848101266
H09,"H09|c=10;D=30|XT1800",XT1800,161,PRIMARY,156,20,-0.12536801633156244,-0.030011333100244744,0.038461538461538464,-0.1689433869853714,-0.08425372416041335,-0.1359413274809578,-0.12458714375513674,0.01282051282051282
H09,"H09|c=10;D=30|XT1800",XT1800,161,NOINS,156,20,-0.13020248067657386,-0.03577423705109635,0.02564102564102564,-0.17343420237118873,-0.0893820760056416,-0.14083165441925236,-0.12944459497489413,0.01282051282051282
H09,"H09|c=10;D=30|XT1800",XT1800,161,L10,153,20,-0.1163264905651624,-0.02999121921981919,0.026143790849673203,-0.15657589313319356,-0.0832890618204689,-0.12020537114149607,-0.11404947353567277,0
H09,"H09|c=10;D=30|XB",XB,161,KILL,158,20,-0.079184009049069,-0.03858533903785881,0.056962025316455694,-0.10966141437556612,-0.0459377588297846,-0.0926418391033228,-0.07918987139134048,0.006329113924050633
H09,"H09|c=10;D=30|XB",XB,161,PRIMARY,156,20,-0.06134607871504868,-0.028547994605664054,0.0641025641025641,-0.10237916817154126,-0.008008206495929513,-0.08236994480933425,-0.06124839984937705,0.00641025641025641
H09,"H09|c=10;D=30|XB",XB,161,NOINS,156,20,-0.0698884987814387,-0.03446142050846611,0.04487179487179487,-0.10746535669153737,-0.02398474675467784,-0.09099480333980249,-0.06985366928214244,0.00641025641025641
H09,"H09|c=10;D=30|XB",XB,161,L10,153,20,-0.06913515077344609,-0.028143059787223416,0.0457516339869281,-0.10333967793480106,-0.026947381684589666,-0.08656900921800101,-0.07030634886884339,0
H09,"H09|c=10;D=30|XR",XR,161,KILL,158,20,-0.08608044521100817,-0.03858533903785881,0.05063291139240506,-0.11111846907312987,-0.059315858935846386,-0.09912113177211967,-0.08608387204602969,0.006329113924050633
H09,"H09|c=10;D=30|XR",XR,161,PRIMARY,156,20,-0.0793095284868167,-0.02960893062284601,0.04487179487179487,-0.10696407783884719,-0.05040543443663424,-0.09245617644914547,-0.07883245988591134,0.00641025641025641
H09,"H09|c=10;D=30|XR",XR,161,NOINS,156,20,-0.0847085814287809,-0.03485602617251886,0.03205128205128205,-0.11268939770444468,-0.05554522243829304,-0.09794780610939238,-0.08425491039979192,0.00641025641025641
H09,"H09|c=10;D=30|XR",XR,161,L10,153,20,-0.06478877717726608,-0.028143059787223416,0.0392156862745098,-0.09665561173864959,-0.02487667859546536,-0.08346770315710936,-0.06666199232591943,0
H09,"H09|c=10;D=30|XG",XG,161,KILL,158,20,-0.10843526698631988,-0.045216954380379086,0.03164556962025317,-0.13084911824671946,-0.08337267669654386,-0.11629100317149801,-0.10842732735719592,0
H09,"H09|c=10;D=30|XG",XG,161,PRIMARY,156,20,-0.08980495051890373,-0.03306256430747715,0.038461538461538464,-0.11254184845692311,-0.06483033967159753,-0.09889199431765974,-0.0894709561998529,0.00641025641025641
H09,"H09|c=10;D=30|XG",XG,161,NOINS,156,20,-0.0947019548713551,-0.039240897058089,0.03205128205128205,-0.11717212134190183,-0.06996234927661683,-0.10385507469448611,-0.09439087271988282,0.00641025641025641
H09,"H09|c=10;D=30|XG",XG,161,L10,153,20,-0.09082887152323878,-0.031748209893512784,0.026143790849673203,-0.11802107328197232,-0.06995074614735006,-0.09551372990499728,-0.08858883878513614,0
H10,"H10|Pk=0.3;D=0.4;mode=dip|XT300",XT300,6254,KILL,6194,21,-0.3795409314370298,-0.5548331078055818,0.08653535679690022,-0.4018336496654069,-0.359500817544291,-0.38409255394228475,-0.37953895817500527,0.025992896351307717
H10,"H10|Pk=0.3;D=0.4;mode=dip|XT300",XT300,6254,PRIMARY,5697,21,-0.2650043510431545,-0.40456269868001177,0.0865367737405652,-0.27944085585361905,-0.250263980108092,-0.2704063240330273,-0.2832974594829395,0.018781814990345796
H10,"H10|Pk=0.3;D=0.4;mode=dip|XT300",XT300,6254,NOINS,5697,21,-0.26637203348262906,-0.40568827639971106,0.08583464981569247,-0.2807493318535212,-0.25161779883729574,-0.27177472704230426,-0.2845997014470915,0.018781814990345796
H10,"H10|Pk=0.3;D=0.4;mode=dip|XT300",XT300,6254,L10,5480,21,-0.2087869480652432,-0.19747906123767694,0.07682481751824817,-0.22392546756419182,-0.19421062026850017,-0.21448898348749204,-0.24505547266632738,0.009306569343065693
H10,"H10|Pk=0.3;D=0.4;mode=dip|XB",XB,6254,KILL,6194,21,-0.18549653319022685,-0.3105994566287509,0.15192121407814013,-0.19289417373734558,-0.17864846626830003,-0.18649305442493527,-0.1854923598248256,0
H10,"H10|Pk=0.3;D=0.4;mode=dip|XB",XB,6254,PRIMARY,5697,21,-0.16573758661296686,-0.2908104777621195,0.15534491837809372,-0.17273873160383124,-0.15834615490088397,-0.16742586135220364,-0.17613461267195007,0.00105318588730911
H10,"H10|Pk=0.3;D=0.4;mode=dip|XB",XB,6254,NOINS,5697,21,-0.16867129181038262,-0.2929615472241334,0.15323854660347552,-0.17527793871880085,-0.16211567772598637,-0.17035729745654216,-0.17910838983749616,0.00105318588730911
H10,"H10|Pk=0.3;D=0.4;mode=dip|XB",XB,6254,L10,5480,21,-0.1453801096503231,-0.15992334923845108,0.12025547445255474,-0.1541991491400514,-0.1367685343257922,-0.1475135378904209,-0.16611162141132868,0.0009124087591240876
H10,"H10|Pk=0.3;D=0.4;mode=dip|XR",XR,6254,KILL,6194,21,-0.1909756973361552,-0.35603424207750856,0.12124636745237326,-0.20630639473387122,-0.17538127243034543,-0.1954120606026147,-0.19097577557701342,0.016306102680012917
H10,"H10|Pk=0.3;D=0.4;mode=dip|XR",XR,6254,PRIMARY,5697,21,-0.18821255519856578,-0.2713090494083098,0.10215903106898368,-0.19951220783051737,-0.17654591117133484,-0.19348906181785622,-0.19604882462742287,0.014218009478672985
H10,"H10|Pk=0.3;D=0.4;mode=dip|XR",XR,6254,NOINS,5697,21,-0.1893481165578904,-0.27268856385631374,0.10093031420045638,-0.20057523208366107,-0.17767061983933916,-0.19462522146283862,-0.19695680040937089,0.01439354045989117
H10,"H10|Pk=0.3;D=0.4;mode=dip|XR",XR,6254,L10,5480,21,-0.17430945614072654,-0.1670919586828149,0.07791970802919708,-0.18634592408691322,-0.16275231226242484,-0.17852982700760328,-0.19760765738808111,0.007846715328467153
H10,"H10|Pk=0.3;D=0.4;mode=recovery|XT300",XT300,2524,KILL,2500,21,-0.2808894544358099,-0.5864214566439481,0.1736,-0.3185774646143886,-0.2476323534617691,-0.2880123379722905,-0.2809091906956069,0.0664
H10,"H10|Pk=0.3;D=0.4;mode=recovery|XT300",XT300,2524,PRIMARY,2168,21,-0.31069221777365075,-0.5553700010570068,0.1609778597785978,-0.345150720189101,-0.2755024095902005,-0.3192019688714998,-0.3081079867912871,0.05119926199261993
H10,"H10|Pk=0.3;D=0.4;mode=recovery|XT300",XT300,2524,NOINS,2168,21,-0.3112154832168407,-0.5558071884976654,0.16051660516605165,-0.3456604840210138,-0.2760214877050946,-0.3197259593491275,-0.30862148665164246,0.05119926199261993
H10,"H10|Pk=0.3;D=0.4;mode=recovery|XT300",XT300,2524,L10,2056,21,-0.2897413429349892,-0.4782838270351458,0.13326848249027237,-0.3164841222717614,-0.26139769781055555,-0.3017855230615676,-0.31144283046535787,0.028696498054474707
H10,"H10|Pk=0.3;D=0.4;mode=recovery|XB",XB,2524,KILL,2500,21,-0.10612962140071734,-0.3084895776329536,0.2552,-0.11990966321284409,-0.09330744133560528,-0.10760100713900603,-0.10611991855795164,0.0032
H10,"H10|Pk=0.3;D=0.4;mode=recovery|XB",XB,2524,PRIMARY,2168,21,-0.18428375119807322,-0.3273881082843142,0.21448339483394835,-0.210196545221426,-0.1604793007937733,-0.18729514997184082,-0.18283780598912128,0.008763837638376383
H10,"H10|Pk=0.3;D=0.4;mode=recovery|XB",XB,2524,NOINS,2168,21,-0.18592819753129455,-0.32770619921809024,0.21171586715867158,-0.21223559883812898,-0.161814877036122,-0.18893737940076266,-0.1844477969320162,0.008763837638376383
H10,"H10|Pk=0.3;D=0.4;mode=recovery|XB",XB,2524,L10,2056,21,-0.18131877265908375,-0.30823560485671075,0.1867704280155642,-0.20046536386645292,-0.1638543337664912,-0.18927413671988197,-0.19279547663519594,0.007295719844357977
H10,"H10|Pk=0.3;D=0.4;mode=recovery|XR",XR,2524,KILL,2500,21,-0.06333833704002381,-0.2599046216606139,0.2112,-0.08782275433942145,-0.03858638925299768,-0.06991061227712482,-0.06334136031664533,0.0476
H10,"H10|Pk=0.3;D=0.4;mode=recovery|XR",XR,2524,PRIMARY,2168,21,-0.18774875003644828,-0.33345311362294616,0.15867158671586715,-0.21415833964423792,-0.15951439427496297,-0.19517918158925693,-0.18392239653829143,0.041051660516605165
H10,"H10|Pk=0.3;D=0.4;mode=recovery|XR",XR,2524,NOINS,2168,21,-0.18877743960797855,-0.3346242324622046,0.15821033210332103,-0.21513915562158345,-0.16059057792248962,-0.19620929658736744,-0.18491734781758085,0.041051660516605165
H10,"H10|Pk=0.3;D=0.4;mode=recovery|XR",XR,2524,L10,2056,21,-0.21653448593254687,-0.3201345936991217,0.13472762645914396,-0.23373167316984506,-0.19814745995893196,-0.22643158830020396,-0.22718057351234355,0.025778210116731516
H10,"H10|Pk=0.3;D=0.6;mode=dip|XT300",XT300,5973,KILL,5905,21,-0.29854787103734975,-0.36095447987662305,0.05944115156646909,-0.3141363523272127,-0.2836409491544552,-0.3032561464531032,-0.29854514191773346,0.009822184589331075
H10,"H10|Pk=0.3;D=0.6;mode=dip|XT300",XT300,5973,PRIMARY,5571,21,-0.16684714862461567,-0.19266986118060755,0.0719798958894274,-0.18092445631701937,-0.153164293720252,-0.17350827966883867,-0.18049625944248232,0.006282534553940047
H10,"H10|Pk=0.3;D=0.6;mode=dip|XT300",XT300,5973,NOINS,5571,21,-0.1693725680571497,-0.19529656310264298,0.07036438700412852,-0.18342625510712018,-0.1556420754925754,-0.1760350597473342,-0.1829992916781678,0.006282534553940047
H10,"H10|Pk=0.3;D=0.6;mode=dip|XT300",XT300,5973,L10,5393,21,-0.12578957615237962,-0.09306590864959538,0.06953458186538104,-0.13811055996575,-0.11270140117024813,-0.13195382386252946,-0.1428085090556087,0.0029668088262562583
H10,"H10|Pk=0.3;D=0.6;mode=dip|XB",XB,5973,KILL,5905,21,-0.20518039931982193,-0.3060347146908114,0.10855207451312447,-0.2138609110418733,-0.19696215504312525,-0.2063171428047028,-0.2051728835143032,0
H10,"H10|Pk=0.3;D=0.6;mode=dip|XB",XB,5973,PRIMARY,5571,21,-0.11786527591334298,-0.18398471358508867,0.12349667923173578,-0.12496438318391048,-0.11124229513498228,-0.11963060954991092,-0.12700631699500298,0.0003590019745108598
H10,"H10|Pk=0.3;D=0.6;mode=dip|XB",XB,5973,NOINS,5571,21,-0.12057589444807226,-0.18750435993858547,0.12241967330820319,-0.12779324005859832,-0.11380779203221493,-0.12233918039163354,-0.12971518594648876,0.0003590019745108598
H10,"H10|Pk=0.3;D=0.6;mode=dip|XB",XB,5973,L10,5393,21,-0.0966433075624408,-0.09335033072499413,0.09753384016317448,-0.10380175486906701,-0.08980652954987893,-0.09906684726105448,-0.10717066651029142,0.00018542555164101615
H10,"H10|Pk=0.3;D=0.6;mode=dip|XR",XR,5973,KILL,5905,21,-0.2161395647350291,-0.320210825332073,0.08941574936494497,-0.2292757435683387,-0.20360529757689752,-0.22080595182158455,-0.21613970965718,0.0062658763759525825
H10,"H10|Pk=0.3;D=0.6;mode=dip|XR",XR,5973,PRIMARY,5571,21,-0.14631446955061583,-0.178148683443162,0.07772392748160115,-0.15880193969800033,-0.13322488025823076,-0.15233202484285702,-0.15648274891007416,0.004846526655896607
H10,"H10|Pk=0.3;D=0.6;mode=dip|XR",XR,5973,NOINS,5571,21,-0.1492284376710383,-0.1804725096770195,0.07628791958355771,-0.16179343205556665,-0.13600430958164555,-0.1552475629802806,-0.1594357823615461,0.004846526655896607
H10,"H10|Pk=0.3;D=0.6;mode=dip|XR",XR,5973,L10,5393,21,-0.12583934844069475,-0.09992664666792626,0.060263304283330245,-0.13492235617330167,-0.11724103606754291,-0.12981325313759623,-0.13919537981116764,0.0020396810680511773
H10,"H10|Pk=0.3;D=0.6;mode=recovery|XT300",XT300,1049,KILL,1042,21,-0.2347400864026917,-0.5251995622108353,0.1708253358925144,-0.287936940565452,-0.1801338518532623,-0.2521080535215007,-0.23474777321312904,0.05854126679462572
H10,"H10|Pk=0.3;D=0.6;mode=recovery|XT300",XT300,1049,PRIMARY,918,21,-0.27221906182378003,-0.504861762939855,0.1514161220043573,-0.32050727071584373,-0.21199992558249406,-0.2919284527273881,-0.2729436661102707,0.04139433551198257
H10,"H10|Pk=0.3;D=0.6;mode=recovery|XT300",XT300,1049,NOINS,918,21,-0.27293001061861183,-0.5051664359769357,0.1514161220043573,-0.321196471418587,-0.21271019127645402,-0.2926417323691517,-0.27364693031066106,0.04139433551198257
H10,"H10|Pk=0.3;D=0.6;mode=recovery|XT300",XT300,1049,L10,868,21,-0.27049537990168193,-0.42426896207715514,0.12327188940092165,-0.3163504755049528,-0.22251371406603884,-0.29433784096272364,-0.2929835320537273,0.019585253456221197
H10,"H10|Pk=0.3;D=0.6;mode=recovery|XB",XB,1049,KILL,1042,21,-0.11424586651731469,-0.3094764939257524,0.24472168905950095,-0.12697914271202806,-0.10087587699913068,-0.11719904541281402,-0.11424020499728248,0
H10,"H10|Pk=0.3;D=0.6;mode=recovery|XB",XB,1049,PRIMARY,918,21,-0.181817508578711,-0.33431231491781227,0.20806100217864923,-0.2066920427204969,-0.1526636803795275,-0.18893475406215426,-0.18108063151708023,0.004357298474945534
H10,"H10|Pk=0.3;D=0.6;mode=recovery|XB",XB,1049,NOINS,918,21,-0.18309291324978041,-0.3351851970068515,0.2047930283224401,-0.20765495073906695,-0.15388996097355875,-0.19020370329847308,-0.18233030056399566,0.004357298474945534
H10,"H10|Pk=0.3;D=0.6;mode=recovery|XB",XB,1049,L10,868,21,-0.18908280039943956,-0.32341613211555287,0.18202764976958524,-0.2168573174568824,-0.15952089634904626,-0.20332514172266913,-0.20286762663642308,0.0069124423963133645
H10,"H10|Pk=0.3;D=0.6;mode=recovery|XR",XR,1049,KILL,1042,21,-0.05450805255049129,-0.2586030794487837,0.19769673704414586,-0.09928292481794562,-0.009022755758168532,-0.07071371251402898,-0.05448941512255176,0.044145873320537425
H10,"H10|Pk=0.3;D=0.6;mode=recovery|XR",XR,1049,PRIMARY,918,21,-0.1906626754695935,-0.343229467600042,0.13725490196078433,-0.2223751356315176,-0.15057791197627132,-0.20708318215241198,-0.18757637672466543,0.03376906318082789
H10,"H10|Pk=0.3;D=0.6;mode=recovery|XR",XR,1049,NOINS,918,21,-0.19158507311661258,-0.3441939810672187,0.13725490196078433,-0.22338780061927835,-0.15156189914318116,-0.2080086040228444,-0.1884699673651511,0.03376906318082789
H10,"H10|Pk=0.3;D=0.6;mode=recovery|XR",XR,1049,L10,868,21,-0.2224651640688969,-0.33810559635876003,0.12211981566820276,-0.25121788024487524,-0.1898049120508336,-0.2408712872954597,-0.23621083642312413,0.01728110599078341
H10,"H10|Pk=0.5;D=0.4;mode=dip|XT300",XT300,1650,KILL,1637,21,-0.3782408654565946,-0.7163377344410726,0.13133781307269396,-0.41760120960075764,-0.3336937201715856,-0.3892943601647928,-0.37823124515891077,0.07697006719609041
H10,"H10|Pk=0.5;D=0.4;mode=dip|XT300",XT300,1650,PRIMARY,1503,21,-0.26770006233573246,-0.4744077891509221,0.12574850299401197,-0.29618855748355394,-0.23745829952751232,-0.280609706742529,-0.2869919461668553,0.056553559547571526
H10,"H10|Pk=0.5;D=0.4;mode=dip|XT300",XT300,1650,NOINS,1503,21,-0.26863768543893773,-0.47505275726516305,0.12574850299401197,-0.29706960606092575,-0.23826593691695866,-0.28154920501191644,-0.2879089017574715,0.056553559547571526
H10,"H10|Pk=0.5;D=0.4;mode=dip|XT300",XT300,1650,L10,1433,21,-0.22583585630638933,-0.22704781940857566,0.10118632240055828,-0.261511736033342,-0.19290305779542483,-0.2429556009868421,-0.259970474741615,0.03349616189811584
H10,"H10|Pk=0.5;D=0.4;mode=dip|XB",XB,1650,KILL,1637,21,-0.18127924218881358,-0.31066941943186904,0.1704337202199145,-0.19702788795652548,-0.1629344959666838,-0.18356328522989304,-0.18126201564990665,0
H10,"H10|Pk=0.5;D=0.4;mode=dip|XB",XB,1650,PRIMARY,1503,21,-0.16042289593173595,-0.28425148850819393,0.18296739853626082,-0.17778842519996,-0.1452579890873157,-0.1656592482369175,-0.17506926147800728,0.004657351962741184
H10,"H10|Pk=0.5;D=0.4;mode=dip|XB",XB,1650,NOINS,1503,21,-0.16202777727017242,-0.2853358102970896,0.18097139055222888,-0.1795935625698009,-0.14645507444926587,-0.16726368690056329,-0.17647073047236533,0.003992015968063872
H10,"H10|Pk=0.5;D=0.4;mode=dip|XB",XB,1650,L10,1433,21,-0.16528492616514473,-0.17812773966994255,0.14026517794836008,-0.18780787749110778,-0.14670300268313294,-0.1700955848132135,-0.18807896306816257,0.00418702023726448
H10,"H10|Pk=0.5;D=0.4;mode=dip|XR",XR,1650,KILL,1637,21,-0.17829733131124015,-0.34114202278493605,0.1325595601710446,-0.19959777086999114,-0.15182354504665518,-0.18743353219232492,-0.1782824442359238,0.04398289554062309
H10,"H10|Pk=0.5;D=0.4;mode=dip|XR",XR,1650,PRIMARY,1503,21,-0.18498930359696422,-0.2622696497166185,0.12574850299401197,-0.20825547025660204,-0.15955013442613233,-0.19495576437828951,-0.19219221145792376,0.04125083166999335
H10,"H10|Pk=0.5;D=0.4;mode=dip|XR",XR,1650,NOINS,1503,21,-0.1847524493152315,-0.2620170401487159,0.12441783100465735,-0.2066369880527748,-0.16006246001912003,-0.19471829161698614,-0.19172419719996833,0.041916167664670656
H10,"H10|Pk=0.5;D=0.4;mode=dip|XR",XR,1650,L10,1433,21,-0.18508041860256813,-0.18483547171211734,0.10118632240055828,-0.21115897128127706,-0.16231471803632347,-0.1931369909422415,-0.20421831372956228,0.025819958129797628
H10,"H10|Pk=0.5;D=0.4;mode=recovery|XT300",XT300,736,KILL,727,21,-0.20337490046996698,-0.6768310730809413,0.28473177441540576,-0.2706317712977246,-0.11787016391401511,-0.21766081291206896,-0.2033904647461663,0.17881705639614856
H10,"H10|Pk=0.5;D=0.4;mode=recovery|XT300",XT300,736,PRIMARY,636,21,-0.2664087507435732,-0.653664203085887,0.2468553459119497,-0.3330270874679302,-0.18736411291196067,-0.2824656343775724,-0.2570587314144736,0.1430817610062893
H10,"H10|Pk=0.5;D=0.4;mode=recovery|XT300",XT300,736,NOINS,636,21,-0.2666444533403174,-0.6538402042365951,0.2468553459119497,-0.3332779210895482,-0.18758436706881512,-0.28270245393169885,-0.2572916498002661,0.1430817610062893
H10,"H10|Pk=0.5;D=0.4;mode=recovery|XT300",XT300,736,L10,582,21,-0.24637823470153467,-0.524329970846149,0.211340206185567,-0.30163611775152166,-0.1857658131000446,-0.2833930429956487,-0.266925292584497,0.08934707903780069
H10,"H10|Pk=0.5;D=0.4;mode=recovery|XB",XB,736,KILL,727,21,-0.0853485936741196,-0.30811493648273125,0.2833562585969739,-0.1159839529234162,-0.05155239653239222,-0.08977469429996007,-0.08534806584158301,0.013755158184319119
H10,"H10|Pk=0.5;D=0.4;mode=recovery|XB",XB,736,PRIMARY,636,21,-0.17056626157148277,-0.32596932059768075,0.2468553459119497,-0.21539209800567002,-0.1324430599499564,-0.17898869516718185,-0.16375646021351753,0.03459119496855346
H10,"H10|Pk=0.5;D=0.4;mode=recovery|XB",XB,736,NOINS,636,21,-0.17233523686731855,-0.32594486006307166,0.24528301886792453,-0.2189759385677402,-0.13365499532173594,-0.18076148749711365,-0.16563897422953466,0.03459119496855346
H10,"H10|Pk=0.5;D=0.4;mode=recovery|XB",XB,736,L10,582,21,-0.1799500095426312,-0.3077342314312291,0.20962199312714777,-0.222829163011437,-0.13676712282300052,-0.19488518393471502,-0.18690062316829034,0.027491408934707903
H10,"H10|Pk=0.5;D=0.4;mode=recovery|XR",XR,736,KILL,727,21,-0.04032861669727056,-0.2570194915675837,0.2407152682255846,-0.09182387732163468,0.016516885794834884,-0.051027437787003055,-0.04033642578016764,0.11691884456671252
H10,"H10|Pk=0.5;D=0.4;mode=recovery|XR",XR,736,PRIMARY,636,21,-0.17214528910784696,-0.32792145137858175,0.1949685534591195,-0.222678306624196,-0.11388015826710507,-0.1844949883681763,-0.1644489631212672,0.10534591194968554
H10,"H10|Pk=0.5;D=0.4;mode=recovery|XR",XR,736,NOINS,636,21,-0.17283284155483297,-0.3289773812589174,0.1949685534591195,-0.22338374849477022,-0.11452692891868901,-0.18518579927060702,-0.16513822051067642,0.10534591194968554
H10,"H10|Pk=0.5;D=0.4;mode=recovery|XR",XR,736,L10,582,21,-0.1876032143309035,-0.3243771575447998,0.18384879725085912,-0.23038741457939593,-0.14358822510713712,-0.21063350795387545,-0.19544577808441804,0.07216494845360824
H10,"H10|Pk=0.5;D=0.6;mode=dip|XT300",XT300,1515,KILL,1500,21,-0.3828721415540333,-0.5953020546241481,0.07733333333333334,-0.42103749438597604,-0.3485641378204818,-0.39494649304467416,-0.38286794894713116,0.03
H10,"H10|Pk=0.5;D=0.6;mode=dip|XT300",XT300,1515,PRIMARY,1398,21,-0.2234547780905418,-0.27737886709837073,0.08726752503576538,-0.25407995697855323,-0.19780002047545203,-0.24072466039945914,-0.2467009739454625,0.01859799713876967
H10,"H10|Pk=0.5;D=0.6;mode=dip|XT300",XT300,1515,NOINS,1398,21,-0.22495897439887638,-0.27888085929434436,0.08583690987124463,-0.2554411168448183,-0.19937824457002407,-0.2422320913949411,-0.24817340510304028,0.01859799713876967
H10,"H10|Pk=0.5;D=0.6;mode=dip|XT300",XT300,1515,L10,1353,21,-0.16153642412542968,-0.11887431620146856,0.07390983000739099,-0.18720848373058813,-0.13557781179813663,-0.18124158439493115,-0.19770284423867043,0.009608277900960829
H10,"H10|Pk=0.5;D=0.6;mode=dip|XB",XB,1515,KILL,1500,21,-0.20764666386099084,-0.31051831749664194,0.12266666666666666,-0.22055464846192882,-0.19578340180251283,-0.21027279631995585,-0.20763530992843704,0
H10,"H10|Pk=0.5;D=0.6;mode=dip|XB",XB,1515,PRIMARY,1398,21,-0.14154890110536672,-0.2282794273165572,0.14377682403433475,-0.15915174428710838,-0.12764051792018385,-0.1471343465999012,-0.1551301665795534,0.001430615164520744
H10,"H10|Pk=0.5;D=0.6;mode=dip|XB",XB,1515,NOINS,1398,21,-0.14336714030077546,-0.2296743496279549,0.14234620886981403,-0.16087052005392646,-0.12960232339270608,-0.14895256862887093,-0.1570599098921132,0.001430615164520744
H10,"H10|Pk=0.5;D=0.6;mode=dip|XB",XB,1515,L10,1353,21,-0.12278445322698814,-0.11500642259301136,0.11677753141167775,-0.1413719550676232,-0.10628009787623684,-0.13012251708199069,-0.1453751850123081,0.0007390983000739098
H10,"H10|Pk=0.5;D=0.6;mode=dip|XR",XR,1515,KILL,1500,21,-0.21356426088673183,-0.37319288095119646,0.10866666666666666,-0.239373998066855,-0.19007021454522707,-0.22364600762562842,-0.2135538588135933,0.017333333333333333
H10,"H10|Pk=0.5;D=0.6;mode=dip|XR",XR,1515,PRIMARY,1398,21,-0.1735224438378624,-0.20711578032686356,0.0944206008583691,-0.19633969821102915,-0.15130544886483582,-0.18437223782931308,-0.18535333953875985,0.012160228898426323
H10,"H10|Pk=0.5;D=0.6;mode=dip|XR",XR,1515,NOINS,1398,21,-0.175369593011399,-0.20822358816526831,0.09370529327610873,-0.1981335415130894,-0.15312933003671594,-0.18622312200474495,-0.1872551902542886,0.012160228898426323
H10,"H10|Pk=0.5;D=0.6;mode=dip|XR",XR,1515,L10,1353,21,-0.1493195962772768,-0.12417350051081154,0.07095343680709534,-0.1677143054102465,-0.13129541338772724,-0.16046079014531897,-0.1724871294695515,0.005912786400591279
H10,"H10|Pk=0.5;D=0.6;mode=recovery|XT300",XT300,329,KILL,324,21,-0.16497473572208096,-0.5834057211084025,0.25,-0.23428841956857063,-0.08694480307432853,-0.19862600870756159,-0.16499914720257391,0.1419753086419753
H10,"H10|Pk=0.5;D=0.6;mode=recovery|XT300",XT300,329,PRIMARY,283,21,-0.246900960539071,-0.5682910200525998,0.20848056537102475,-0.3320440587277282,-0.14661183038909267,-0.28484378380495373,-0.23824759933998957,0.10247349823321555
H10,"H10|Pk=0.5;D=0.6;mode=recovery|XT300",XT300,329,NOINS,283,21,-0.24720999149245018,-0.5683658916056851,0.20848056537102475,-0.33234872458115194,-0.14694042915169855,-0.28515612561363773,-0.2385495625465536,0.10247349823321555
H10,"H10|Pk=0.5;D=0.6;mode=recovery|XT300",XT300,329,L10,266,21,-0.24978028390544968,-0.4801273830183269,0.17293233082706766,-0.3410257972388954,-0.16026526189834758,-0.3012689657845752,-0.27145991151261256,0.05639097744360902
H10,"H10|Pk=0.5;D=0.6;mode=recovery|XB",XB,329,KILL,324,21,-0.08592110644862633,-0.3087763096363365,0.2808641975308642,-0.10902565260998609,-0.06021523809208296,-0.09387801587567253,-0.0859086736172512,0
H10,"H10|Pk=0.5;D=0.6;mode=recovery|XB",XB,329,PRIMARY,283,21,-0.1809711144462481,-0.3273168479737182,0.22614840989399293,-0.22858126465501,-0.13460648835110475,-0.20012331096303934,-0.17336307495263112,0.014134275618374558
H10,"H10|Pk=0.5;D=0.6;mode=recovery|XB",XB,329,NOINS,283,21,-0.18062554845816653,-0.32791687846189316,0.22614840989399293,-0.22785589788551722,-0.13570966753613117,-0.19976371839899906,-0.17305177564516322,0.014134275618374558
H10,"H10|Pk=0.5;D=0.6;mode=recovery|XB",XB,329,L10,266,21,-0.1726158751728761,-0.3198988687151745,0.20300751879699247,-0.2321123602596205,-0.12349994383399905,-0.2036280409572059,-0.18759361931176666,0.015037593984962405
H10,"H10|Pk=0.5;D=0.6;mode=recovery|XR",XR,329,KILL,324,21,-0.03339095766498858,-0.25767489677130495,0.21296296296296297,-0.09509704231172515,0.03864669624974383,-0.05716598054710864,-0.033406043570095294,0.09567901234567901
H10,"H10|Pk=0.5;D=0.6;mode=recovery|XR",XR,329,PRIMARY,283,21,-0.16021978979414897,-0.33398458618450627,0.16607773851590105,-0.21515769816169328,-0.09466527979132211,-0.18895464731427447,-0.15114199492637073,0.0812720848056537
H10,"H10|Pk=0.5;D=0.6;mode=recovery|XR",XR,329,NOINS,283,21,-0.1609786850726443,-0.3351986614055242,0.16607773851590105,-0.21597281019971995,-0.09536501308234901,-0.18972167346241142,-0.15190261757575235,0.0812720848056537
H10,"H10|Pk=0.5;D=0.6;mode=recovery|XR",XR,329,L10,266,21,-0.15894684020276406,-0.3211594089885538,0.17293233082706766,-0.23065427838954256,-0.09710495405700784,-0.20546482789335724,-0.16639366341132028,0.04887218045112782
H13,"H13|a=60;theta=0;cfg=C1|XB",XB,2169,KILL,2169,17,0.15121247804184557,-0.03461657628973683,0.34024896265560167,0.10835404535534532,0.20157551833674509,0.13364057045180128,0.15121038430885872,0.0009220839096357768
H13,"H13|a=60;theta=0;cfg=C1|XB",XB,2169,PRIMARY,2169,17,0.18815839365885342,-0.026763288547025622,0.3434762563393269,0.14178551766853226,0.23632914650591036,0.17039149065729792,0.18794707800118748,0.003227293683725219
H13,"H13|a=60;theta=0;cfg=C1|XB",XB,2169,NOINS,2169,17,0.18270660738124708,-0.033136376804355425,0.33702166897187646,0.13606102248093396,0.23073134278497717,0.16493215342916895,0.18252048065157334,0.003227293683725219
H13,"H13|a=60;theta=0;cfg=C1|XB",XB,2169,L10,2121,17,0.1722094587042521,-0.026763288547025622,0.3234323432343234,0.12782762662502234,0.22156073233651252,0.15400474320563226,0.1718162828614942,0.003771805752003772
H13,"H13|a=60;theta=0.05;cfg=C1|XB",XB,1495,KILL,1495,17,0.21571393724146865,-0.03461657628973683,0.44214046822742475,0.16307693039304003,0.2827112150388329,0.19035958373597178,0.2157116133524398,0.0013377926421404682
H13,"H13|a=60;theta=0.05;cfg=C1|XB",XB,1495,PRIMARY,1495,17,0.26430555216695767,-0.026763288547025622,0.4461538461538462,0.2087884996838603,0.33292790429110003,0.23866569263220958,0.2639250408122361,0.0046822742474916385
H13,"H13|a=60;theta=0.05;cfg=C1|XB",XB,1495,NOINS,1495,17,0.2589842772901106,-0.03293452874481794,0.4367892976588629,0.20370433643453176,0.3273457086113951,0.233333718140998,0.2586397232723469,0.0046822742474916385
H13,"H13|a=60;theta=0.05;cfg=C1|XB",XB,1495,L10,1454,17,0.25351368096763455,-0.026763288547025622,0.4236588720770289,0.19747069915517237,0.32361947786136486,0.2271086673499326,0.25278712322883085,0.005502063273727648
H13,"H13|a=60;theta=0;cfg=C2|XB",XB,2551,KILL,2551,17,0.12712234812356502,-0.03461657628973683,0.3057624460995688,0.08110384284880508,0.18423323352775817,0.1121564838261595,0.1271233163887843,0.0011760094080752645
H13,"H13|a=60;theta=0;cfg=C2|XB",XB,2551,PRIMARY,2551,17,0.16219575234041492,-0.026763288547025622,0.30772246177969426,0.11394731472452811,0.21445861179664194,0.14706192195370993,0.16204237681010228,0.0031360250882007056
H13,"H13|a=60;theta=0;cfg=C2|XB",XB,2551,NOINS,2551,17,0.15670083851477304,-0.033136376804355425,0.30145041160329283,0.10844078956548249,0.2090799324038152,0.14156053844930952,0.15656879446920013,0.0031360250882007056
H13,"H13|a=60;theta=0;cfg=C2|XB",XB,2551,L10,2494,17,0.14531600893481275,-0.026763288547025622,0.28748997594226144,0.0973230301591835,0.20316724406697206,0.12980486169459413,0.14520381409419633,0.004410585404971933
H13,"H13|a=60;theta=0.05;cfg=C2|XB",XB,1527,KILL,1527,17,0.20664540854334545,-0.03461657628973683,0.44793713163064836,0.14979402268426276,0.2735249455021436,0.18180557848015894,0.20664519447897042,0.0019646365422396855
H13,"H13|a=60;theta=0.05;cfg=C2|XB",XB,1527,PRIMARY,1527,17,0.25361512174089584,-0.026763288547025622,0.45121152586771446,0.1931430267074903,0.31982329630824485,0.2284925878057764,0.25321263879402495,0.005239030779305829
H13,"H13|a=60;theta=0.05;cfg=C2|XB",XB,1527,NOINS,1527,17,0.24842029425734688,-0.032928734828430145,0.4426981008513425,0.18797278779130333,0.314600428196988,0.22328753428387293,0.2480533666135963,0.005239030779305829
H13,"H13|a=60;theta=0.05;cfg=C2|XB",XB,1527,L10,1487,17,0.2422435417471294,-0.026763288547025622,0.42837928715534634,0.18272426866469071,0.3098548311443245,0.21640291831252906,0.24142745260178095,0.00605245460659045
H13,"H13|a=60;theta=0;cfg=C3|XB",XB,2746,KILL,2746,17,0.11411818310963281,-0.03461657628973683,0.2811361981063365,0.06917636867925289,0.16857031676728795,0.10020202024968657,0.11411768519308098,0.0010924981791697013
H13,"H13|a=60;theta=0;cfg=C3|XB",XB,2746,PRIMARY,2746,17,0.14779750615804488,-0.026763288547025622,0.28368536052439913,0.1004443361956764,0.19931001109262622,0.13372379322918207,0.14767678986400207,0.0029133284777858705
H13,"H13|a=60;theta=0;cfg=C3|XB",XB,2746,NOINS,2746,17,0.14182572279578062,-0.033136376804355425,0.27785870356882736,0.09440030579063088,0.19332522526904117,0.12774547856903698,0.1417254239408379,0.0029133284777858705
H13,"H13|a=60;theta=0;cfg=C3|XB",XB,2746,L10,2687,17,0.12997776134909292,-0.026763288547025622,0.2627465574990696,0.08148075197753638,0.1859357403689897,0.11556483939747535,0.12970467983792291,0.0033494603647190174
H13,"H13|a=60;theta=0.05;cfg=C3|XB",XB,1536,KILL,1536,17,0.20452027773919876,-0.03461657628973683,0.4427083333333333,0.1472679930847548,0.27354739455233484,0.17982211961218725,0.20452010181256242,0.001953125
H13,"H13|a=60;theta=0.05;cfg=C3|XB",XB,1536,PRIMARY,1536,17,0.25195169768799525,-0.026763288547025622,0.4466145833333333,0.18745249560100896,0.3334960288303942,0.226973398934387,0.25164142278687013,0.005208333333333333
H13,"H13|a=60;theta=0.05;cfg=C3|XB",XB,1536,NOINS,1536,17,0.24670137829919983,-0.03293452874481794,0.4375,0.1821980930708227,0.3281801687607422,0.22171280494796106,0.2464264697503572,0.005208333333333333
H13,"H13|a=60;theta=0.05;cfg=C3|XB",XB,1536,L10,1494,17,0.23977068917775154,-0.026763288547025622,0.42302543507362783,0.17665986064458877,0.3198122910228929,0.21404640766557456,0.23931645601502397,0.006024096385542169
H13,"H13|a=300;theta=0;cfg=C1|XB",XB,1380,KILL,1380,17,0.0662656698072999,-0.03461657628973683,0.21304347826086956,0.028566987293567186,0.11421849654581152,0.03886211849257941,0.06625818041005571,0.002173913043478261
H13,"H13|a=300;theta=0;cfg=C1|XB",XB,1380,PRIMARY,1380,17,0.09376121907932902,-0.026763288547025622,0.21739130434782608,0.05421370963145284,0.14129704531611334,0.06560241531136067,0.09368617830704497,0.002898550724637681
H13,"H13|a=300;theta=0;cfg=C1|XB",XB,1380,NOINS,1380,17,0.08581614311525516,-0.033136376804355425,0.20869565217391303,0.046054079619736385,0.13364844623772132,0.057640029813594014,0.08574200161298226,0.002898550724637681
H13,"H13|a=300;theta=0;cfg=C1|XB",XB,1380,L10,1378,17,0.09684308647394438,-0.026763288547025622,0.21407837445573294,0.058481466554062125,0.1438601689865794,0.06864717586535371,0.09696379443759257,0.002902757619738752
H13,"H13|a=300;theta=0.05;cfg=C1|XB",XB,515,KILL,515,17,0.16757192752749217,-0.02699415949455251,0.4563106796116505,0.12117440701988506,0.22989333364803838,0.135963716837734,0.16756532535726668,0.001941747572815534
H13,"H13|a=300;theta=0.05;cfg=C1|XB",XB,515,PRIMARY,515,17,0.21580752734995393,-0.020384016782378504,0.4679611650485437,0.15571917763601786,0.2693710259661856,0.16015605523505191,0.21564940093259208,0.003883495145631068
H13,"H13|a=300;theta=0.05;cfg=C1|XB",XB,515,NOINS,515,17,0.20669975672269875,-0.026818950102392488,0.44660194174757284,0.14675330408059395,0.26049291510794037,0.15102220366981364,0.20654346747287558,0.003883495145631068
H13,"H13|a=300;theta=0.05;cfg=C1|XB",XB,515,L10,513,17,0.21720891080987012,-0.020446121572349034,0.4619883040935672,0.16075772220094353,0.26621808601834984,0.16141604038361956,0.2172470216310844,0.003898635477582846
H13,"H13|a=300;theta=0;cfg=C2|XB",XB,1492,KILL,1492,17,0.05609379980382351,-0.03461657628973683,0.20710455764075067,0.021464033551086142,0.098636697302028,0.03073100210712726,0.05608631164468968,0.0020107238605898124
H13,"H13|a=300;theta=0;cfg=C2|XB",XB,1492,PRIMARY,1492,17,0.08217278535096893,-0.026763288547025622,0.2111260053619303,0.043594111522454626,0.12610285779140862,0.05610868992472526,0.08211049370294911,0.002680965147453083
H13,"H13|a=300;theta=0;cfg=C2|XB",XB,1492,NOINS,1492,17,0.07484926054035579,-0.033136376804355425,0.2037533512064343,0.035963060053775815,0.11930949145825034,0.0487704098592864,0.07478777666463618,0.002680965147453083
H13,"H13|a=300;theta=0;cfg=C2|XB",XB,1492,L10,1490,17,0.08545745609662961,-0.026763288547025622,0.20738255033557046,0.047464996894581515,0.12908141115562866,0.05936227521031934,0.08565352940136974,0.0026845637583892616
H13,"H13|a=300;theta=0.05;cfg=C2|XB",XB,568,KILL,568,17,0.16653137308049204,-0.03461657628973683,0.4225352112676056,0.10632591938942226,0.24061346252235294,0.1182854916833947,0.16652089864093864,0.0035211267605633804
H13,"H13|a=300;theta=0.05;cfg=C2|XB",XB,568,PRIMARY,568,17,0.19804317844044889,-0.026763288547025622,0.4295774647887324,0.13574798757584797,0.27092006767169774,0.14751778592795586,0.1977606170901383,0.0035211267605633804
H13,"H13|a=300;theta=0.05;cfg=C2|XB",XB,568,NOINS,568,17,0.1895161718017487,-0.032595832222688664,0.4137323943661972,0.12776652957904835,0.2622112366402763,0.138970228584333,0.18923694428916923,0.0035211267605633804
H13,"H13|a=300;theta=0.05;cfg=C2|XB",XB,568,L10,566,17,0.20414420403422295,-0.026763288547025622,0.42579505300353354,0.14344449854761332,0.27693423655032023,0.15020936335467255,0.20406679107421166,0.0035335689045936395
H13,"H13|a=300;theta=0;cfg=C3|XB",XB,1674,KILL,1674,17,0.04557435922415198,-0.03461657628973683,0.1863799283154122,0.015625984033037835,0.08092251457582264,0.022955110814744766,0.04556728929599649,0.0017921146953405018
H13,"H13|a=300;theta=0;cfg=C3|XB",XB,1674,PRIMARY,1674,17,0.07074613076267797,-0.026763288547025622,0.1917562724014337,0.03773177987583796,0.10593912919564916,0.04750033898922345,0.07068762268343558,0.0023894862604540022
H13,"H13|a=300;theta=0;cfg=C3|XB",XB,1674,NOINS,1674,17,0.06321121141583656,-0.033136376804355425,0.18399044205495818,0.030361169724066037,0.09848369051496549,0.03995189195953181,0.06315338848085317,0.0023894862604540022
H13,"H13|a=300;theta=0;cfg=C3|XB",XB,1674,L10,1672,17,0.06976517246998654,-0.026763288547025622,0.18779904306220097,0.037789331475565825,0.1041895744198139,0.04648739486134434,0.06986913113298604,0.0023923444976076554
H13,"H13|a=300;theta=0.05;cfg=C3|XB",XB,615,KILL,615,16,0.1599220775946435,-0.03461657628973683,0.4113821138211382,0.10242724368410258,0.23312735272456422,0.11534895524853635,0.15990462529997038,0.0032520325203252032
H13,"H13|a=300;theta=0.05;cfg=C3|XB",XB,615,PRIMARY,615,16,0.1848834375217365,-0.026763288547025622,0.4211382113821138,0.12412018349322106,0.2595104825003348,0.1381737545277583,0.18464577961964612,0.0032520325203252032
H13,"H13|a=300;theta=0.05;cfg=C3|XB",XB,615,NOINS,615,16,0.1756311784491297,-0.03291504919834174,0.4032520325203252,0.11483764252303649,0.25063130886139734,0.12889896783164964,0.17539644866208215,0.0032520325203252032
H13,"H13|a=300;theta=0.05;cfg=C3|XB",XB,615,L10,613,16,0.1851146191059046,-0.026763288547025622,0.4159869494290375,0.12520042987391267,0.2593029819137326,0.13831028010180635,0.18500886709942962,0.0032626427406199023
H17,"H17|lo=0.05;hi=0.2|XT60",XT60,1790,KILL,1780,21,0.014210005769803368,-0.044143057559325405,0.34269662921348315,-0.04162106672928798,0.08297648718430878,-0.0075052241150596055,0.014256602148861377,0.006741573033707865
H17,"H17|lo=0.05;hi=0.2|XT60",XT60,1790,PRIMARY,1493,21,0.011764490421592996,-0.03549286431189392,0.33087742799732084,-0.04691771680725745,0.09181875426965626,-0.014329021151894055,0.010796444313382001,0.0053583389149363695
H17,"H17|lo=0.05;hi=0.2|XT60",XT60,1790,NOINS,1493,21,0.008171355899065685,-0.03981303631187253,0.3261888814467515,-0.05036610891984524,0.0881258087734355,-0.01792939016679483,0.007212288678747902,0.0053583389149363695
H17,"H17|lo=0.05;hi=0.2|XT60",XT60,1790,L10,1321,21,-0.03248396371524808,-0.03195088974995672,0.25889477668433003,-0.07234319718189643,0.016758565420140304,-0.047103323018738215,-0.03321530449593518,0.004542013626040878
H17,"H17|lo=0.05;hi=0.2|XT300",XT300,1790,KILL,1780,21,-0.024158319726404212,-0.15153668971692952,0.20617977528089887,-0.08505929893952388,0.059707821196952116,-0.04594525417374159,-0.024129537521704058,0.017977528089887642
H17,"H17|lo=0.05;hi=0.2|XT300",XT300,1790,PRIMARY,1493,21,-0.005560276482718001,-0.08672028057501914,0.21500334896182183,-0.06160416634955666,0.08080189871671214,-0.03174347661050949,-0.00852279761370544,0.016744809109176157
H17,"H17|lo=0.05;hi=0.2|XT300",XT300,1790,NOINS,1493,21,-0.008466931340527752,-0.0916768897281306,0.20964501004688546,-0.06437971964553486,0.0778624422201365,-0.03465598379353618,-0.011405575750349922,0.016744809109176157
H17,"H17|lo=0.05;hi=0.2|XT300",XT300,1790,L10,1321,21,-0.008059176732285204,-0.05255610813487955,0.18925056775170326,-0.04461967655946638,0.038647680945909854,-0.03766420296863486,-0.006749603387929033,0.012869038607115822
H17,"H17|lo=0.05;hi=0.2|XT1800",XT1800,1790,KILL,1780,21,-0.01888038766574505,-0.20676343687137005,0.12022471910112359,-0.09092435821820269,0.07895195544792875,-0.04065841170442622,-0.01886086713633866,0.029775280898876405
H17,"H17|lo=0.05;hi=0.2|XT1800",XT1800,1790,PRIMARY,1493,21,0.020982954031247135,-0.14533831999929278,0.12926992632283993,-0.05498662685300347,0.12774355636318974,-0.005146803350542734,0.015458793622872781,0.03014065639651708
H17,"H17|lo=0.05;hi=0.2|XT1800",XT1800,1790,NOINS,1493,21,0.018472487424789977,-0.14758170368243423,0.12659075686537175,-0.05737984311612096,0.1251713792488504,-0.007662324587751333,0.012979635551734876,0.03014065639651708
H17,"H17|lo=0.05;hi=0.2|XT1800",XT1800,1790,L10,1321,21,0.026680446846819018,-0.08445269467059588,0.1165783497350492,-0.028003306047336567,0.1023136206418215,-0.0029152888424208642,0.026355266596134606,0.026495079485238455
H17,"H17|lo=0.05;hi=0.2|XB",XB,1790,KILL,1780,21,0.16717756847572363,-0.044612790408437394,0.43202247191011234,0.1219273779204824,0.23104620646036883,0.14571995514369682,0.16732525114503097,0.010112359550561797
H17,"H17|lo=0.05;hi=0.2|XB",XB,1790,PRIMARY,1493,21,0.1619094821086866,-0.043514340887909314,0.36570663094440725,0.10544636600459642,0.2411857140033534,0.1360634694143007,0.16322141605178142,0.013395847287340924
H17,"H17|lo=0.05;hi=0.2|XB",XB,1790,NOINS,1493,21,0.15772129340730523,-0.04815945302905856,0.3610180843938379,0.1011467226543636,0.23725362947827172,0.13186684811821867,0.15903614502592595,0.013395847287340924
H17,"H17|lo=0.05;hi=0.2|XB",XB,1790,L10,1321,21,0.099561056529051,-0.05267894757168979,0.24451173353520061,0.04636345454418605,0.16479860305024613,0.07020099288737827,0.10361578117184608,0.01514004542013626
H17,"H17|lo=0.05;hi=0.2|XR",XR,1790,KILL,1780,21,0.16524059889016832,-0.04892018307546888,0.3550561797752809,0.1031949188911338,0.25224553221249646,0.14377341500886878,0.16539700151030048,0.025842696629213482
H17,"H17|lo=0.05;hi=0.2|XR",XR,1790,PRIMARY,1493,21,0.1015598331040495,-0.06836044153638679,0.2565304755525787,0.03636609571535537,0.19130007638334817,0.07559231104925139,0.10241381925258317,0.026121902210314803
H17,"H17|lo=0.05;hi=0.2|XR",XR,1790,NOINS,1493,21,0.09861107270648871,-0.07176941211727686,0.2511721366376423,0.03326415545522977,0.18832700532777225,0.07263761355021918,0.09948213188762364,0.026121902210314803
H17,"H17|lo=0.05;hi=0.2|XR",XR,1790,L10,1321,21,0.054853917488391954,-0.06632499089994406,0.17486752460257382,0.0019790655402880256,0.12454065990392166,0.025322309577547185,0.05709865502890526,0.023467070401211203
H17,"H17|lo=0.05;hi=0.2|XG",XG,1790,KILL,1780,21,0.01159321353139715,-0.21267025023630665,0.1,-0.059272551771230524,0.10883291156479845,-0.010128321692772049,0.011628226467426615,0.020786516853932586
H17,"H17|lo=0.05;hi=0.2|XG",XG,1790,PRIMARY,1493,21,0.03230282048857852,-0.14633530708486586,0.11051574012056263,-0.047303781010454654,0.14251327387665183,0.006195854784219241,0.027960580754741043,0.025452109845947757
H17,"H17|lo=0.05;hi=0.2|XG",XG,1790,NOINS,1493,21,0.029852886566332604,-0.14892055732515985,0.10917615539182854,-0.04967739045288395,0.14004975391110322,0.003740988109110647,0.025549619821803694,0.025452109845947757
H17,"H17|lo=0.05;hi=0.2|XG",XG,1790,L10,1321,21,0.0383698448456388,-0.08475447673530268,0.10749432248296745,-0.019768449103582143,0.11572238050142158,0.008800716283862212,0.039061935774243085,0.02498107494322483
H17,"H17|lo=0.2;hi=5|XT60",XT60,51341,KILL,50824,21,-0.17966780876727792,-0.2960036167354858,0.15177868723437746,-0.1881389388353303,-0.1699139105606647,-0.18039778356754324,-0.1796673668495691,0.0016921139619077601
H17,"H17|lo=0.2;hi=5|XT60",XT60,51341,PRIMARY,44346,21,-0.16972862146781484,-0.2681332909654398,0.14082442610381996,-0.17735359159107625,-0.16027938696273986,-0.17056241279739753,-0.17416268809035768,0.0007666982365940559
H17,"H17|lo=0.2;hi=5|XT60",XT60,51341,NOINS,44346,21,-0.1724855427033906,-0.2707658713144303,0.13872728092725387,-0.1801078940403736,-0.1630493887331742,-0.17331951403160054,-0.17689480592373194,0.0007666982365940559
H17,"H17|lo=0.2;hi=5|XT60",XT60,51341,L10,42833,21,-0.11511420502619897,-0.10909212445245794,0.1101954100810123,-0.11871199487892654,-0.11079505627971022,-0.11584461325876376,-0.12511141294765335,0.0002334648518665515
H17,"H17|lo=0.2;hi=5|XT300",XT300,51341,KILL,50824,21,-0.24741833192431698,-0.32579263319852647,0.0663662836455218,-0.2552996851342097,-0.2388271246610598,-0.24816444865777157,-0.2474181342366115,0.003620336848732882
H17,"H17|lo=0.2;hi=5|XT300",XT300,51341,PRIMARY,44346,21,-0.2275321652265489,-0.2905821183218935,0.06435755197763045,-0.23495084437355543,-0.21871129938869446,-0.22840190710613226,-0.2336850855346265,0.001871645695214901
H17,"H17|lo=0.2;hi=5|XT300",XT300,51341,NOINS,44346,21,-0.22994290377350246,-0.2930977121630076,0.06350065394849592,-0.237374449232906,-0.2211120502904025,-0.23081280874952795,-0.2360606579029668,0.0018490957470797818
H17,"H17|lo=0.2;hi=5|XT300",XT300,51341,L10,42833,21,-0.15151367384985637,-0.162579527189959,0.05817944108514463,-0.1563622972941229,-0.1466807206133184,-0.1523842231365213,-0.16521575911066164,0.0008171269815329302
H17,"H17|lo=0.2;hi=5|XT1800",XT1800,51341,KILL,50824,21,-0.28163000665976295,-0.3322635888761753,0.024771761372579883,-0.2881688328130912,-0.2749932129991153,-0.28239404276699,-0.2816294065956253,0.004958287423264599
H17,"H17|lo=0.2;hi=5|XT1800",XT1800,51341,PRIMARY,44346,21,-0.2594427484844872,-0.29821166598227455,0.02376764533441573,-0.26533837660186865,-0.2531038005018931,-0.26032519450602504,-0.2665702717644814,0.002886393361295269
H17,"H17|lo=0.2;hi=5|XT1800",XT1800,51341,NOINS,44346,21,-0.26172474842892546,-0.3007452473648052,0.02354214585306454,-0.2676282757197657,-0.2553998180976231,-0.2626073488364925,-0.2688131758013919,0.002886393361295269
H17,"H17|lo=0.2;hi=5|XT1800",XT1800,51341,L10,42833,21,-0.17658471393612807,-0.18092210610817006,0.02329979221628184,-0.1824028717672569,-0.1713422961337857,-0.17746856302405298,-0.19317559834577921,0.0015175215371325847
H17,"H17|lo=0.2;hi=5|XB",XB,51341,KILL,50824,21,-0.116965252979007,-0.30173657529476144,0.21232095073193766,-0.12305076765450076,-0.10953018857198146,-0.11744596509108465,-0.11696477889205993,0.00009837871871556745
H17,"H17|lo=0.2;hi=5|XB",XB,51341,PRIMARY,44346,21,-0.1380473569548389,-0.27831181084391404,0.164840120867722,-0.14436988259160058,-0.12928861795210764,-0.13868042507408432,-0.1411790137321762,0.00009019979254047716
H17,"H17|lo=0.2;hi=5|XB",XB,51341,NOINS,44346,21,-0.1410114093316576,-0.28044833315412987,0.1630812249131827,-0.1473144946311403,-0.1322619367089152,-0.14164401431235638,-0.14412304085933267,0.00009019979254047716
H17,"H17|lo=0.2;hi=5|XB",XB,51341,L10,42833,21,-0.11466820865797897,-0.15021132051824956,0.09819531669507156,-0.1179795632015943,-0.11052082758039514,-0.11519349288370212,-0.12388653103458017,0.00011673242593327574
H17,"H17|lo=0.2;hi=5|XR",XR,51341,KILL,50824,21,-0.14225844694172482,-0.25903316252922737,0.16498111128600662,-0.14993552435304386,-0.1331599963245676,-0.14300363149288822,-0.142257281920264,0.0022233590429718243
H17,"H17|lo=0.2;hi=5|XR",XR,51341,PRIMARY,44346,21,-0.18702033366104218,-0.2674011974428477,0.10059531863076715,-0.19315871046630648,-0.17882921449156544,-0.18788733473611105,-0.19148832681783215,0.0015333964731881118
H17,"H17|lo=0.2;hi=5|XR",XR,51341,NOINS,44346,21,-0.18985072369900488,-0.2702690509271821,0.09935507148333558,-0.19600208041987835,-0.181690562501156,-0.19071791626179585,-0.19430085434652938,0.0015333964731881118
H17,"H17|lo=0.2;hi=5|XR",XR,51341,L10,42833,21,-0.1455000141273221,-0.15876233491889752,0.057829243807344805,-0.14945412685403117,-0.1412759968246515,-0.14635213138052788,-0.15814637278721208,0.0009105129222795508
H17,"H17|lo=0.2;hi=5|XG",XG,51341,KILL,50824,21,-0.23830839162762524,-0.3060802198895577,0.01894774122461829,-0.24445726577291818,-0.2314568509679819,-0.23904294771152007,-0.238307875256487,0.0009837871871556745
H17,"H17|lo=0.2;hi=5|XG",XG,51341,PRIMARY,44346,21,-0.2365751791028165,-0.28760633387782214,0.02223424886122762,-0.2433402171041257,-0.2281365789835993,-0.23745085924037276,-0.24213959140043248,0.0016912461101339466
H17,"H17|lo=0.2;hi=5|XG",XG,51341,NOINS,44346,21,-0.23839452757555074,-0.28982069904510727,0.022031299328011546,-0.24514081502922933,-0.2299653476291185,-0.23926954679220064,-0.24389593265929893,0.0016686961619988274
H17,"H17|lo=0.2;hi=5|XG",XG,51341,L10,42833,21,-0.16800551207303588,-0.1778302713824513,0.021712231223589288,-0.1730447103791362,-0.16291720451131347,-0.1688568179213731,-0.1828697101700101,0.0011439777741461023
H17,"H17|lo=5;hi=Infinity|XT60",XT60,14710,KILL,14564,21,-0.2840479797380651,-0.4082903173612499,0.08033507278220268,-0.3029565723907718,-0.2631171585515866,-0.28627568251373586,-0.2839777108102201,0.012290579511123318
H17,"H17|lo=5;hi=Infinity|XT60",XT60,14710,PRIMARY,13189,21,-0.25880010999033426,-0.34393065095657316,0.07119569338084768,-0.26847072508629616,-0.2480644334043476,-0.26125197590188554,-0.2693683353691235,0.004852528622336796
H17,"H17|lo=5;hi=Infinity|XT60",XT60,14710,NOINS,13189,21,-0.26109357851780346,-0.34616398781279656,0.07043748578360755,-0.2707762822849032,-0.25035182791224875,-0.26354596622261595,-0.2716217230411258,0.004852528622336796
H17,"H17|lo=5;hi=Infinity|XT60",XT60,14710,L10,13221,21,-0.1407896080831508,-0.07570209934663441,0.05846758944104077,-0.1489827147842131,-0.13161815462241344,-0.14335595703304493,-0.16094800653618002,0.0025716662884804477
H17,"H17|lo=5;hi=Infinity|XT300",XT300,14710,KILL,14564,21,-0.3225940950537163,-0.44028908512014325,0.045042570722329034,-0.340421657798359,-0.3044649630807164,-0.3248299137241168,-0.32256083531746943,0.018538862949739082
H17,"H17|lo=5;hi=Infinity|XT300",XT300,14710,PRIMARY,13189,21,-0.2930164788014832,-0.3721558739710743,0.03768291758283418,-0.30209286051004625,-0.2829360205696515,-0.2954761294169964,-0.30441421141753505,0.010159981803017666
H17,"H17|lo=5;hi=Infinity|XT300",XT300,14710,NOINS,13189,21,-0.2950880297741354,-0.374034751927524,0.03737963454393813,-0.3041888841316641,-0.28497410437697046,-0.29754815169353427,-0.3064349153830454,0.010159981803017666
H17,"H17|lo=5;hi=Infinity|XT300",XT300,14710,L10,13221,21,-0.16423729241145324,-0.11411061047329432,0.033961122456697676,-0.17300696216797062,-0.1547404898732237,-0.1670645572156645,-0.1871681009459883,0.006202253989864609
H17,"H17|lo=5;hi=Infinity|XT1800",XT1800,14710,KILL,14564,21,-0.3412372714677727,-0.45210242276503654,0.02808294424608624,-0.35647570384276595,-0.32617516916646444,-0.34347693120526823,-0.34122011824605236,0.022177973084317494
H17,"H17|lo=5;hi=Infinity|XT1800",XT1800,14710,PRIMARY,13189,21,-0.3096669509918411,-0.3907427379871768,0.021760558040791567,-0.3172158702039948,-0.30131695379804335,-0.3121611921824182,-0.32153618959994357,0.013496095230874213
H17,"H17|lo=5;hi=Infinity|XT1800",XT1800,14710,NOINS,13189,21,-0.3117940751483929,-0.3928590041461315,0.02153309576161953,-0.31937818308633825,-0.30344461325962585,-0.3142888002781539,-0.3236178274713656,0.013420274471150202
H17,"H17|lo=5;hi=Infinity|XT1800",XT1800,14710,L10,13221,21,-0.18046470247057594,-0.15364926885812774,0.01921185991982452,-0.18984839639461917,-0.1708860036617362,-0.1832956503002204,-0.2064801512360272,0.008773920278345056
H17,"H17|lo=5;hi=Infinity|XB",XB,14710,KILL,14564,21,-0.21825460086575563,-0.32718630416397193,0.15455918703652843,-0.22740511671346433,-0.20864232502374247,-0.21922071219240613,-0.2181264241053002,0.004188409777533645
H17,"H17|lo=5;hi=Infinity|XB",XB,14710,PRIMARY,13189,21,-0.2254119976889783,-0.3188931573421045,0.1122147243915384,-0.23496544091392055,-0.21470838758574076,-0.22738235960678116,-0.23501112367271615,0.0026537265903404353
H17,"H17|lo=5;hi=Infinity|XB",XB,14710,NOINS,13189,21,-0.22830124808560742,-0.32057454352355486,0.11084995071650618,-0.23783367911200354,-0.21767605963398934,-0.23027226734765374,-0.23787978374490037,0.0026537265903404353
H17,"H17|lo=5;hi=Infinity|XB",XB,14710,L10,13221,21,-0.1432947907131876,-0.0978690903324647,0.0673927842069435,-0.14924922425997833,-0.1372259468083074,-0.14579864851439456,-0.16388980019456073,0.0018909310944709174
H17,"H17|lo=5;hi=Infinity|XR",XR,14710,KILL,14564,21,-0.2290074728487382,-0.3434178846823541,0.10944795385883,-0.24185372034745184,-0.21425844773451425,-0.2312137813883728,-0.22888823345887196,0.012908541609447955
H17,"H17|lo=5;hi=Infinity|XR",XR,14710,PRIMARY,13189,21,-0.25945753418843637,-0.3269611208136619,0.06323451360982638,-0.2686252976448267,-0.25031934529938665,-0.26191460374815023,-0.26984222322169793,0.0072029721737811815
H17,"H17|lo=5;hi=Infinity|XR",XR,14710,NOINS,13189,21,-0.26206933254740566,-0.329469517153088,0.06240048525286224,-0.2712703200877938,-0.25288496080330614,-0.2645269963233446,-0.27242112044012795,0.007127151414057169
H17,"H17|lo=5;hi=Infinity|XR",XR,14710,L10,13221,21,-0.16142850033259057,-0.11861265819265515,0.040692837153014146,-0.17002516220618416,-0.15236033706398439,-0.16407496273783984,-0.18459636471771707,0.005143332576960895
H17,"H17|lo=5;hi=Infinity|XG",XG,14710,KILL,14564,21,-0.27626619569323846,-0.3305921396945426,0.023001922548750345,-0.28930157038124754,-0.2633703282076898,-0.27843313939288694,-0.2761861414822763,0.006248283438615765
H17,"H17|lo=5;hi=Infinity|XG",XG,14710,PRIMARY,13189,21,-0.27847391211536043,-0.33440613355976223,0.02426264311168398,-0.2858322436431785,-0.2708878782089594,-0.2809560023770194,-0.28842973608703776,0.00871938736826143
H17,"H17|lo=5;hi=Infinity|XG",XG,14710,NOINS,13189,21,-0.2800880465663018,-0.3349896464050399,0.02426264311168398,-0.2874145555070895,-0.2725048844517944,-0.2825705040563458,-0.28995611253969733,0.008188642050193344
H17,"H17|lo=5;hi=Infinity|XG",XG,14710,L10,13221,21,-0.17332200150132762,-0.1463732415606129,0.019363134407382195,-0.18226464334942502,-0.16435249726416237,-0.1762623602228953,-0.19830183888873365,0.0062778912336434465
H07,"H07|S=0.5|XT60",XT60,13780,KILL,13632,21,-0.09012894128195484,-0.22971059648773692,0.2456719483568075,-0.105441352465935,-0.07267462710332952,-0.09214529638384858,-0.0901353129137966,0.014744718309859154
H07,"H07|S=0.5|XT60",XT60,13780,PRIMARY,9628,21,-0.18347903064461657,-0.2602289713322631,0.1756335687577898,-0.19301684797293303,-0.17122037159392386,-0.18571682546854423,-0.18428211476973427,0.006024096385542169
H07,"H07|S=0.5|XT60",XT60,13780,NOINS,9628,21,-0.18575138674140565,-0.2629841585015723,0.17386788533444122,-0.1952860327501617,-0.17347896755703615,-0.18798984809683084,-0.18656987375041523,0.006024096385542169
H07,"H07|S=0.5|XT60",XT60,13780,L10,9911,21,-0.14671744945032925,-0.1798995367276257,0.13843204520230049,-0.15501131195855095,-0.13785393832397586,-0.14863942953647366,-0.15368363355143666,0.0027242457875088287
H07,"H07|S=0.5|XT300",XT300,13780,KILL,13632,21,-0.20402129225784973,-0.32561989950748715,0.10313967136150234,-0.21899330884969054,-0.18744809789304012,-0.2062705198737651,-0.20402834865022243,0.023254107981220656
H07,"H07|S=0.5|XT300",XT300,13780,PRIMARY,9628,21,-0.2717451226399131,-0.33548572085450595,0.07717075197341089,-0.2841844278550075,-0.25597149591383067,-0.274562686991479,-0.2747717505622877,0.011944329040299127
H07,"H07|S=0.5|XT300",XT300,13780,NOINS,9628,21,-0.27353075893673207,-0.3377441994044367,0.07696302451184046,-0.28596162994873514,-0.2577543479037133,-0.27634887981892997,-0.27655561175514654,0.011944329040299127
H07,"H07|S=0.5|XT300",XT300,13780,L10,9911,21,-0.21557453427654755,-0.24232817214016275,0.062354959136313184,-0.22482636332440611,-0.20665589872760548,-0.21832277345692197,-0.2268690628153007,0.006053879527797397
H07,"H07|S=0.5|XT1800",XT1800,13780,KILL,13632,21,-0.2663374627695399,-0.3617886473309786,0.04262030516431925,-0.2833654764776079,-0.24844930693039372,-0.26889792988079453,-0.26634461437289275,0.027875586854460094
H07,"H07|S=0.5|XT1800",XT1800,13780,PRIMARY,9628,21,-0.32435771301010363,-0.3659156505977863,0.028874117158288325,-0.3345839226397568,-0.31144381917836,-0.3277733336002699,-0.3285193880957837,0.01651433319484836
H07,"H07|S=0.5|XT1800",XT1800,13780,NOINS,9628,21,-0.32601974928194644,-0.36731405225204417,0.028874117158288325,-0.336252033431427,-0.31306720234087493,-0.32943588786493017,-0.33017525182068996,0.01651433319484836
H07,"H07|S=0.5|XT1800",XT1800,13780,L10,9911,21,-0.2584940681274724,-0.27405959825817316,0.022096660276460497,-0.26845107215031977,-0.24836236220732016,-0.2614777915222855,-0.2731798029189663,0.009988901220865706
H07,"H07|S=0.5|XB",XB,13780,KILL,13632,21,-0.022236371410849873,-0.27052294413213274,0.32056924882629106,-0.03466802759158804,-0.0074348314671860444,-0.02264402449257313,-0.0222392463262638,0.003301056338028169
H07,"H07|S=0.5|XB",XB,13780,PRIMARY,9628,21,-0.16135470648573347,-0.2876291227435897,0.1705442459493145,-0.1686535030416516,-0.1525081771672248,-0.16237527038861937,-0.16367879358625947,0.0029081844619858743
H07,"H07|S=0.5|XB",XB,13780,NOINS,9628,21,-0.16382638879471823,-0.289667576795523,0.16898628998753634,-0.17105424085304066,-0.15514097708485886,-0.16484563931353144,-0.1662173911675723,0.0029081844619858743
H07,"H07|S=0.5|XB",XB,13780,L10,9911,21,-0.15314879367926215,-0.22129921844935713,0.11805065079204924,-0.1605043804046261,-0.1455042565263895,-0.15452956842998122,-0.16139646171175312,0.002118857834729089
H07,"H07|S=0.5|XR",XR,13780,KILL,13632,21,-0.0467050963275593,-0.17554161981990946,0.24992664319248825,-0.06431747207206384,-0.026966009789979786,-0.048702419087564744,-0.046712161188683037,0.013937793427230047
H07,"H07|S=0.5|XR",XR,13780,PRIMARY,9628,21,-0.201155850642622,-0.2713646973316609,0.11705442459493146,-0.21132878492380003,-0.18927344785217792,-0.20347446505495673,-0.2029906280219231,0.0075820523473203155
H07,"H07|S=0.5|XR",XR,13780,NOINS,9628,21,-0.20344469900353507,-0.27414450659451983,0.1165351059410054,-0.21369095681952738,-0.19144760302213942,-0.2057640268123127,-0.2052939970508617,0.0075820523473203155
H07,"H07|S=0.5|XR",XR,13780,L10,9911,21,-0.18375975020784535,-0.21995035624700263,0.07981031177479568,-0.19283379266694928,-0.17374310037315815,-0.1861329342514495,-0.1927288559836729,0.0050448996064978305
H07,"H07|S=0.5|XG",XG,13780,KILL,13632,21,-0.18734288647097422,-0.3051882742152132,0.03271713615023474,-0.20297224261060717,-0.17058820748283016,-0.18974688517794724,-0.1873481261516016,0.0035211267605633804
H07,"H07|S=0.5|XG",XG,13780,PRIMARY,9628,21,-0.25932087644713797,-0.3056998284068329,0.026173660157872872,-0.26872154487068617,-0.24702249486465527,-0.26260392482022876,-0.2616305543180238,0.00508932280847528
H07,"H07|S=0.5|XG",XG,13780,NOINS,9628,21,-0.2607771074729146,-0.30634941758612105,0.025654341503946822,-0.27026821647830973,-0.24844190567130636,-0.2640606036032043,-0.26309318993402364,0.004881595346904861
H07,"H07|S=0.5|XG",XG,13780,L10,9911,21,-0.21933732731985076,-0.24963820829593347,0.02532539602461911,-0.22665269687133502,-0.21209274112096604,-0.22230919461631532,-0.2298916643336244,0.005246695590757744
H07,"H07|S=2|XT60",XT60,5662,KILL,5599,21,-0.06102839746935045,-0.22132029252276006,0.2695124129308805,-0.08459878385056203,-0.033948241368383404,-0.06529969218667867,-0.061036318507155504,0.030362564743704232
H07,"H07|S=2|XT60",XT60,5662,PRIMARY,3536,21,-0.1799715458735743,-0.27498474061105244,0.19372171945701358,-0.19678792382007168,-0.15928385087033253,-0.18492658888332056,-0.18062000280099164,0.016968325791855202
H07,"H07|S=2|XT60",XT60,5662,NOINS,3536,21,-0.1816751764675865,-0.27747204144281207,0.19287330316742082,-0.19849707172648495,-0.16099477065750867,-0.1866316340669041,-0.18231873383348182,0.016968325791855202
H07,"H07|S=2|XT60",XT60,5662,L10,3786,21,-0.15659474441107263,-0.18734878280251965,0.1415742208135235,-0.16570048471998255,-0.14556441670353867,-0.16108985635122672,-0.16512523730087575,0.0071315372424722665
H07,"H07|S=2|XT300",XT300,5662,KILL,5599,21,-0.18447101078103367,-0.3403468882145167,0.1235934988390784,-0.20683600750824616,-0.16070809575716985,-0.18942472914378602,-0.184482380675662,0.04786569030183961
H07,"H07|S=2|XT300",XT300,5662,PRIMARY,3536,21,-0.27142432381495707,-0.3669198802891405,0.09785067873303167,-0.2933845128368257,-0.24359835694599294,-0.2783721834842733,-0.27434966105348785,0.03308823529411765
H07,"H07|S=2|XT300",XT300,5662,NOINS,3536,21,-0.2727161837089356,-0.36844381215824007,0.09785067873303167,-0.2946849580197066,-0.2448513077877252,-0.27966514029779765,-0.27562255437991634,0.03308823529411765
H07,"H07|S=2|XT300",XT300,5662,L10,3786,21,-0.22999256603235568,-0.26496567316479397,0.07263602746962493,-0.24085158117016256,-0.21704836315814385,-0.23665969627209638,-0.24337526215981087,0.016376122556788168
H07,"H07|S=2|XT1800",XT1800,5662,KILL,5599,21,-0.24943545315903287,-0.3980971792448137,0.0669762457581711,-0.27616671141549737,-0.2212382247480657,-0.2552129234911461,-0.24944568676075493,0.05643864975888552
H07,"H07|S=2|XT1800",XT1800,5662,PRIMARY,3536,21,-0.3329236392683945,-0.42153242671472635,0.05005656108597285,-0.3510445428042424,-0.30921729174187323,-0.33992372026416584,-0.3372870594467929,0.04213800904977376
H07,"H07|S=2|XT1800",XT1800,5662,NOINS,3536,21,-0.3341384626872232,-0.4225151165335177,0.05005656108597285,-0.35230426560510003,-0.31039817864469466,-0.34113957518803995,-0.3384801606221835,0.04213800904977376
H07,"H07|S=2|XT1800",XT1800,5662,L10,3786,21,-0.277323778021912,-0.3019296682020614,0.03169572107765452,-0.2920032587441869,-0.2611614356334827,-0.2841786959724212,-0.2950121734954287,0.02403592181722134
H07,"H07|S=2|XB",XB,5662,KILL,5599,21,0.03361308073674359,-0.24800601960101487,0.3984640114306126,0.012547245170426333,0.05672230586633321,0.03266387170311783,0.03361025719516349,0.007858546168958742
H07,"H07|S=2|XB",XB,5662,PRIMARY,3536,21,-0.14209185749273967,-0.28821750445688454,0.20418552036199095,-0.15436781169331967,-0.129134071788178,-0.14412246183266492,-0.14309997646828404,0.009615384615384616
H07,"H07|S=2|XB",XB,5662,NOINS,3536,21,-0.14388846246901163,-0.28950784272189833,0.20277149321266968,-0.15647338135961714,-0.13079166418451424,-0.14591589673645938,-0.1448747778569396,0.009615384615384616
H07,"H07|S=2|XB",XB,5662,L10,3786,21,-0.15160761688173063,-0.22479665884818562,0.13153724247226625,-0.16426817813390385,-0.14031005275668196,-0.15338358977428213,-0.1597462066052097,0.005810882197569995
H07,"H07|S=2|XR",XR,5662,KILL,5599,21,-0.0020527991425556926,-0.1554672603353067,0.3009465976067155,-0.029460831869225195,0.02853465075715497,-0.006376337619091838,-0.00205854665484152,0.030183961421682445
H07,"H07|S=2|XR",XR,5662,PRIMARY,3536,21,-0.179882705124793,-0.26976399597404865,0.14705882352941177,-0.19388652920811283,-0.1623019946043021,-0.1846536859710339,-0.17950023775572424,0.02234162895927602
H07,"H07|S=2|XR",XR,5662,NOINS,3536,21,-0.18187397192874524,-0.271487020595587,0.146210407239819,-0.19594131869268303,-0.16421561442182359,-0.18664664360306787,-0.18153579856190163,0.02234162895927602
H07,"H07|S=2|XR",XR,5662,L10,3786,21,-0.18133438665733306,-0.2186814005620281,0.09640781827786582,-0.19211490140727078,-0.1699704769811082,-0.18548352908681906,-0.1907303292262688,0.011885895404120444
H07,"H07|S=2|XG",XG,5662,KILL,5599,21,-0.15273603218074291,-0.30610034326650415,0.054116806572602254,-0.17801992007754533,-0.1261322710164934,-0.15827344113319314,-0.15274939847180657,0.007144132880871584
H07,"H07|S=2|XG",XG,5662,PRIMARY,3536,21,-0.23885347289360934,-0.30746397359395283,0.04807692307692308,-0.2568949467079425,-0.2183167868618601,-0.24587888780251163,-0.2395506868602586,0.013574660633484163
H07,"H07|S=2|XG",XG,5662,NOINS,3536,21,-0.23952319709724804,-0.3081629619442591,0.04807692307692308,-0.2574974534560169,-0.21913578830676692,-0.24654812844285698,-0.2402204941948936,0.013009049773755657
H07,"H07|S=2|XG",XG,5662,L10,3786,21,-0.21587298193093743,-0.2552100087915805,0.034601162176439514,-0.22756394091431795,-0.20330674542993526,-0.2223393787668854,-0.2257578133324067,0.010829371368198627
H07,"H07|S=0.5;mirror=true|XT1800",XT1800,13780,KILL,13632,21,-0.027879619470700764,-0.12137198569218302,0.28213028169014087,-0.04040977923933831,-0.013642202029029696,-0.030043206692427653,-0.02788481705674386,0.01386443661971831
H07,"H07|S=0.5;mirror=true|XT1800",XT1800,13780,PRIMARY,9628,21,-0.18372776347452432,-0.22381725846692258,0.12162442874948068,-0.19281633194473952,-0.17382474738260487,-0.1866439745434072,-0.1858797185179964,0.008205234732031575
H07,"H07|S=0.5;mirror=true|XT1800",XT1800,13780,NOINS,9628,21,-0.18628883592362994,-0.22665113152519772,0.12017033651848774,-0.19537737015394135,-0.17634674612063594,-0.1892058452193229,-0.18845803981160414,0.008205234732031575
H07,"H07|S=0.5;mirror=true|XT1800",XT1800,13780,L10,9911,21,-0.1946821155847006,-0.2085762001719424,0.06326304106548279,-0.20210741502163715,-0.1871527331537066,-0.19764651763740268,-0.20213337591095631,0.006457471496317224
H07,"H07|S=2;mirror=true|XT1800",XT1800,5662,KILL,5599,21,0.007904251919913513,-0.12457005124123179,0.3075549205215217,-0.02052802853875481,0.04114638632642311,0.0034736902088710795,0.007899005678374696,0.032684407929987495
H07,"H07|S=2;mirror=true|XT1800",XT1800,5662,PRIMARY,3536,21,-0.1731316659967126,-0.22968536402882167,0.14762443438914027,-0.1896727797286237,-0.1546625616072893,-0.17925290248420123,-0.1731897005429507,0.024321266968325792
H07,"H07|S=2;mirror=true|XT1800",XT1800,5662,NOINS,3536,21,-0.17524748095637793,-0.2325130656337725,0.14649321266968326,-0.19177550192890197,-0.1567551496092529,-0.18137051401017856,-0.17531188657061472,0.024321266968325792
H07,"H07|S=2;mirror=true|XT1800",XT1800,5662,L10,3786,21,-0.20750998875754542,-0.2269514547865939,0.0699947173798204,-0.22233720523600806,-0.1901461770339958,-0.21430954287834603,-0.21674751245392454,0.01584786053882726
