hypothesis,variant_id,exit,n_signals,setting,n,days,mean,median,win,ci_lo,ci_hi,mean_no_top3,sol_weighted,via_pool_share
H01,"H01|V=10;N=25;T=60|XT60",XT60,1423,KILL,1412,7,-0.05021101105212121,-0.3859057161335257,0.3151558073654391,-0.09760924115049176,-0.003739263122239642,-0.06289270365703879,-0.050213598309757135,0.00424929178470255
H01,"H01|V=10;N=25;T=60|XT60",XT60,1423,PRIMARY,1198,7,-0.10259926932714242,-0.31530698368724125,0.27378964941569284,-0.13757823088200524,-0.07168771571301831,-0.11371187151118738,-0.10019927590466499,0.0008347245409015025
H01,"H01|V=10;N=25;T=60|XT60",XT60,1423,NOINS,1198,7,-0.10419850477722586,-0.31685976679945993,0.27295492487479134,-0.13922201665925005,-0.07323965090147759,-0.11531455637208324,-0.10178437912822816,0.0008347245409015025
H01,"H01|V=10;N=25;T=60|XT60",XT60,1423,L10,1053,7,-0.08416412118498909,-0.1743522866072772,0.2288698955365622,-0.09833147126422002,-0.07148367800951888,-0.09835893916289064,-0.08560106857402955,0.001899335232668566
H01,"H01|V=10;N=25;T=60|XT300",XT300,1423,KILL,1412,7,-0.13051529629791608,-0.47306335505696234,0.17705382436260622,-0.15842519879838468,-0.10022325214075198,-0.1453204790219901,-0.130533538535109,0.017705382436260624
H01,"H01|V=10;N=25;T=60|XT300",XT300,1423,PRIMARY,1198,7,-0.16141109771187842,-0.4436238320559181,0.15943238731218698,-0.20169000269135484,-0.12403031613041529,-0.18020702785020484,-0.15945258787804562,0.011686143572621035
H01,"H01|V=10;N=25;T=60|XT300",XT300,1423,NOINS,1198,7,-0.16245678176556813,-0.44499459336033725,0.15776293823038398,-0.20274718717223345,-0.12507680923178505,-0.1812553369689772,-0.1604610045967014,0.011686143572621035
H01,"H01|V=10;N=25;T=60|XT300",XT300,1423,L10,1053,7,-0.13522616172514287,-0.30111997402955665,0.1396011396011396,-0.16595432826205087,-0.10172609672800867,-0.15603211629368985,-0.14484452965039585,0.007597340930674264
H01,"H01|V=10;N=25;T=60|XT1800",XT1800,1423,KILL,1412,7,-0.17411747393610394,-0.4819625640515397,0.09702549575070822,-0.20016065513519526,-0.14873819751236012,-0.18912888153111218,-0.17414853740105468,0.036827195467422094
H01,"H01|V=10;N=25;T=60|XT1800",XT1800,1423,PRIMARY,1198,7,-0.20306330315124116,-0.4681734366483804,0.08347245409015025,-0.24594548679775727,-0.15085219330809335,-0.22254872300643047,-0.2043476082415463,0.028380634390651086
H01,"H01|V=10;N=25;T=60|XT1800",XT1800,1423,NOINS,1198,7,-0.20394415015019599,-0.46945087466969515,0.08347245409015025,-0.2467796966290439,-0.1517716801601309,-0.22343178119789356,-0.2051827515810664,0.028380634390651086
H01,"H01|V=10;N=25;T=60|XT1800",XT1800,1423,L10,1053,7,-0.16834773720874024,-0.3723998043249311,0.07122507122507123,-0.20665025808303344,-0.12673343235165846,-0.19388479927878205,-0.177740451438485,0.018043684710351376
H01,"H01|V=10;N=25;T=60|XB",XB,1423,KILL,1412,7,-0.041728721818756545,-0.3090890502960052,0.34631728045325777,-0.06533034063426384,-0.023181265319895315,-0.044720543167497594,-0.04172234530109644,0
H01,"H01|V=10;N=25;T=60|XB",XB,1423,PRIMARY,1198,7,-0.08064582331542398,-0.3102003708635598,0.3063439065108514,-0.10872412779271128,-0.049367336620780466,-0.08568745531899491,-0.07836458825249952,0
H01,"H01|V=10;N=25;T=60|XB",XB,1423,NOINS,1198,7,-0.08281264226346632,-0.3112142377918573,0.3055091819699499,-0.11054599262610487,-0.05149427715085048,-0.08784125610201757,-0.08067630039997509,0
H01,"H01|V=10;N=25;T=60|XB",XB,1423,L10,1053,7,-0.0706392174164122,-0.21290519469352265,0.24121557454890788,-0.10528534990279559,-0.043971705241263294,-0.0771684637110313,-0.06831200090920633,0.000949667616334283
H01,"H01|V=10;N=25;T=60|XR",XR,1423,KILL,1412,7,0.014157287473975898,-0.2611354907716034,0.2698300283286119,-0.037794235474924574,0.05306906051076464,-0.00020301663447285493,0.014172964997754611,0.0113314447592068
H01,"H01|V=10;N=25;T=60|XR",XR,1423,PRIMARY,1198,7,-0.10234568826572832,-0.33116787201455833,0.20617696160267113,-0.13886629661898942,-0.06948660967064389,-0.11939366796624783,-0.09745573949537385,0.009181969949916527
H01,"H01|V=10;N=25;T=60|XR",XR,1423,NOINS,1198,7,-0.10376245633269439,-0.3330553834265806,0.20617696160267113,-0.14027457268334179,-0.0708361232100763,-0.12081399268036631,-0.09884392523784251,0.009181969949916527
H01,"H01|V=10;N=25;T=60|XR",XR,1423,L10,1053,7,-0.09830596719158607,-0.247525591909814,0.16049382716049382,-0.12331792615971342,-0.0737564138380506,-0.11910949343272548,-0.09755447280902634,0.00949667616334283
H01,"H01|V=10;N=25;T=60|XG",XG,1423,KILL,1412,7,-0.07784894581649802,-0.3189818715486792,0.0679886685552408,-0.10074267785849329,-0.05504363955727014,-0.09214435401148528,-0.07788061823871416,0.00424929178470255
H01,"H01|V=10;N=25;T=60|XG",XG,1423,PRIMARY,1198,7,-0.15754310708585992,-0.35435160647245845,0.0659432387312187,-0.20085853605254955,-0.11370268395632446,-0.17623848417825555,-0.15640472120758978,0.00667779632721202
H01,"H01|V=10;N=25;T=60|XG",XG,1423,NOINS,1198,7,-0.1584532435135915,-0.355833290756966,0.0659432387312187,-0.20148886320146236,-0.11466375264937696,-0.17715024856430717,-0.15728697790799517,0.00667779632721202
H01,"H01|V=10;N=25;T=60|XG",XG,1423,L10,1053,7,-0.14065514889790146,-0.3035073424296582,0.057929724596391265,-0.17510816170941015,-0.10470963728445337,-0.165528277617512,-0.14670448131786099,0.00949667616334283
H01,"H01|V=10;N=25;T=300|XT60",XT60,1589,KILL,1578,7,-0.04210641199796909,-0.3320081339236854,0.33016476552598223,-0.08087225784874601,-0.00607483670220006,-0.053436057130138326,-0.04210597318563197,0.005069708491761723
H01,"H01|V=10;N=25;T=300|XT60",XT60,1589,PRIMARY,1351,7,-0.0902677766688532,-0.27125289094238747,0.29163582531458176,-0.11724374030593385,-0.06488547172596079,-0.1000916380427103,-0.08746761149523966,0.0007401924500370096
H01,"H01|V=10;N=25;T=300|XT60",XT60,1589,NOINS,1351,7,-0.0920812942153726,-0.272820545542508,0.2908956328645448,-0.11904322947174611,-0.06667157998827583,-0.10190869037573541,-0.08927417320498326,0.0007401924500370096
H01,"H01|V=10;N=25;T=300|XT60",XT60,1589,L10,1195,7,-0.07543767945706877,-0.13711256649952008,0.2518828451882845,-0.08477773351573745,-0.06455618678366012,-0.08791954149701245,-0.07513222962226107,0.0016736401673640166
H01,"H01|V=10;N=25;T=300|XT300",XT300,1589,KILL,1578,7,-0.10791888579750054,-0.46938428933883886,0.19455006337135614,-0.13574631823835503,-0.07812346373960774,-0.12112060848113136,-0.10793994323145013,0.018377693282636248
H01,"H01|V=10;N=25;T=300|XT300",XT300,1589,PRIMARY,1351,7,-0.13343270823871317,-0.4375829812772184,0.18282753515914138,-0.1776241887862293,-0.08930750862621474,-0.1500330059737878,-0.13018268969353175,0.011843079200592153
H01,"H01|V=10;N=25;T=300|XT300",XT300,1589,NOINS,1351,7,-0.13462078924435916,-0.43759498122751794,0.18060695780903036,-0.17878428903694352,-0.0905494024432506,-0.15122373100289757,-0.13133647675129378,0.011843079200592153
H01,"H01|V=10;N=25;T=300|XT300",XT300,1589,L10,1195,7,-0.10598491508731957,-0.28631387736502023,0.16317991631799164,-0.14969717931015009,-0.058192284638967716,-0.12963755031927734,-0.11330672856963622,0.008368200836820083
H01,"H01|V=10;N=25;T=300|XT1800",XT1800,1589,KILL,1578,7,-0.13944087129323238,-0.4795667678224964,0.11280101394169835,-0.17414872884422047,-0.10029545058990123,-0.152845815236212,-0.13947992040904825,0.037389100126742715
H01,"H01|V=10;N=25;T=300|XT1800",XT1800,1589,PRIMARY,1351,7,-0.1607347734029415,-0.4641734729700548,0.10214655810510732,-0.2113536565043026,-0.09362620788747214,-0.17791436623506826,-0.1595899756072407,0.028867505551443375
H01,"H01|V=10;N=25;T=300|XT1800",XT1800,1589,NOINS,1351,7,-0.16168871831381226,-0.4651219218711087,0.10214655810510732,-0.21226362726314454,-0.09460619149001674,-0.1788704340456307,-0.1604975421442639,0.028867505551443375
H01,"H01|V=10;N=25;T=300|XT1800",XT1800,1589,L10,1195,7,-0.13402319429492257,-0.3723998043249311,0.0887029288702929,-0.1890260352997103,-0.07970366525707767,-0.15988085735748628,-0.13968510802361703,0.019246861924686193
H01,"H01|V=10;N=25;T=300|XB",XB,1589,KILL,1578,7,-0.035391311997871364,-0.3088169096064872,0.35361216730038025,-0.062467848841978896,-0.014706252526276123,-0.03805573361749918,-0.03538628873162503,0.0012674271229404308
H01,"H01|V=10;N=25;T=300|XB",XB,1589,PRIMARY,1351,7,-0.06942358441706055,-0.3083559836110711,0.3168023686158401,-0.09643520503324438,-0.04047230611492356,-0.07388479042727786,-0.06681169407484362,0
H01,"H01|V=10;N=25;T=300|XB",XB,1589,NOINS,1351,7,-0.07159795283477577,-0.30952100505802105,0.3160621761658031,-0.09796416465065408,-0.04264005562864588,-0.07604767694416437,-0.0691105228170789,0
H01,"H01|V=10;N=25;T=300|XB",XB,1589,L10,1195,7,-0.0628297374740562,-0.207345012077168,0.2535564853556485,-0.10035370633929054,-0.033351748267274495,-0.06886089623904663,-0.059199733084781415,0.0008368200836820083
H01,"H01|V=10;N=25;T=300|XR",XR,1589,KILL,1578,7,0.025140529698497713,-0.2546245758917467,0.27566539923954375,-0.025354151493767407,0.06342486039769678,0.012314676516192386,0.025151153831776255,0.012040557667934094
H01,"H01|V=10;N=25;T=300|XR",XR,1589,PRIMARY,1351,7,-0.08567483685301282,-0.32759803649719194,0.21687638786084382,-0.12772924597669547,-0.0455493515719908,-0.10107292997935609,-0.0800474055245837,0.008882309400444115
H01,"H01|V=10;N=25;T=300|XR",XR,1589,NOINS,1351,7,-0.08715472488743455,-0.32902446128671653,0.21687638786084382,-0.12927104647832335,-0.04696013443160461,-0.10255611145042413,-0.08149896337335863,0.008882309400444115
H01,"H01|V=10;N=25;T=300|XR",XR,1589,L10,1195,7,-0.07990781571348796,-0.24446633041441196,0.1682008368200837,-0.1202175298550232,-0.04013126397648319,-0.10349482066178606,-0.0797570617246412,0.0100418410041841
H01,"H01|V=10;N=25;T=300|XG",XG,1589,KILL,1578,7,-0.049505764454842664,-0.3190006566837471,0.08111533586818757,-0.09239932940711999,0.0019383328051299133,-0.06228068927225774,-0.049537530747740026,0.005703422053231939
H01,"H01|V=10;N=25;T=300|XG",XG,1589,PRIMARY,1351,7,-0.12539156371970095,-0.3553361707609271,0.07994078460399703,-0.1833653225483964,-0.05664666520387285,-0.14189343389426684,-0.12220579507122988,0.008142116950407105
H01,"H01|V=10;N=25;T=300|XG",XG,1589,NOINS,1351,7,-0.1263506970161574,-0.3563871226647162,0.07994078460399703,-0.18432068789039815,-0.05791486996491514,-0.14285411941683465,-0.12313369850669309,0.008142116950407105
H01,"H01|V=10;N=25;T=300|XG",XG,1589,L10,1195,7,-0.10760909133133255,-0.3058621034038542,0.07447698744769875,-0.164991268551537,-0.050348152848440374,-0.13341569800462466,-0.1104158299973179,0.011715481171548118
H01,"H01|V=10;N=60;T=60|XT60",XT60,5081,KILL,5017,7,-0.07883956826607867,-0.35617362320282575,0.328483157265298,-0.10294071492448208,-0.052536430860729136,-0.08262080902026493,-0.07884234080096271,0.004783735299980068
H01,"H01|V=10;N=60;T=60|XT60",XT60,5081,PRIMARY,4246,7,-0.12607722170534888,-0.32000290750019234,0.29086198775317945,-0.13946746783731903,-0.1124420007409999,-0.1306168802413073,-0.1281133678749615,0.0018841262364578427
H01,"H01|V=10;N=60;T=60|XT60",XT60,5081,NOINS,4246,7,-0.12764916719826172,-0.32133431053235006,0.2896844088553933,-0.14104997634350044,-0.11400715102073596,-0.1321899371711042,-0.12967357439843163,0.0018841262364578427
H01,"H01|V=10;N=60;T=60|XT60",XT60,5081,L10,3831,7,-0.11039553829304043,-0.18402363622143333,0.2542417123466458,-0.12248474430409581,-0.0995353624979746,-0.11452977330109333,-0.11569497137555096,0.0023492560689115116
H01,"H01|V=10;N=60;T=60|XT300",XT300,5081,KILL,5017,7,-0.1777912091918412,-0.475825570867121,0.1807853298784134,-0.19138601403133812,-0.16551133686155756,-0.1819984227979115,-0.17780038314759292,0.015746462029101058
H01,"H01|V=10;N=60;T=60|XT300",XT300,5081,PRIMARY,4246,7,-0.2141638219307102,-0.4618044741548113,0.15944418276024494,-0.2241758993336188,-0.20209209080299023,-0.2200921734232165,-0.2171585889691972,0.008478568064060292
H01,"H01|V=10;N=60;T=60|XT300",XT300,5081,NOINS,4246,7,-0.2151059425928582,-0.46272076925003425,0.15897315120113048,-0.22511072204429072,-0.20303768878546724,-0.22103496019034546,-0.2180673097238657,0.008478568064060292
H01,"H01|V=10;N=60;T=60|XT300",XT300,5081,L10,3831,7,-0.17305322444556775,-0.3594148472476031,0.1482641607935265,-0.18712891125927442,-0.15382068226960613,-0.1789796327360586,-0.18584363247952151,0.006786739754633255
H01,"H01|V=10;N=60;T=60|XT1800",XT1800,5081,KILL,5017,7,-0.25384701342867905,-0.4893592358589125,0.08989435917879211,-0.28669023637102564,-0.22644661493854665,-0.2581320192693565,-0.25385122895787005,0.032290213274865455
H01,"H01|V=10;N=60;T=60|XT1800",XT1800,5081,PRIMARY,4246,7,-0.2813822058755111,-0.48372855241076884,0.07630711257654263,-0.30681407342912576,-0.2607727077772233,-0.2873580839180616,-0.28738612028825034,0.023316062176165803
H01,"H01|V=10;N=60;T=60|XT1800",XT1800,5081,NOINS,4246,7,-0.282156600933715,-0.4845900742414707,0.07630711257654263,-0.3075880193869091,-0.2615574297956883,-0.2881330264913767,-0.28811988314815407,0.023316062176165803
H01,"H01|V=10;N=60;T=60|XT1800",XT1800,5081,L10,3831,7,-0.22931618116003735,-0.4236893598550681,0.06786739754633254,-0.25945301371911966,-0.1994822740810634,-0.2371068256944891,-0.2482642163825808,0.017227877838684416
H01,"H01|V=10;N=60;T=60|XB",XB,5081,KILL,5017,7,-0.03931742429946469,-0.30761057658822943,0.341837751644409,-0.05876125383118847,-0.021496310511599774,-0.040181285345632624,-0.03931353073484931,0.00019932230416583617
H01,"H01|V=10;N=60;T=60|XB",XB,5081,PRIMARY,4246,7,-0.10305969096238354,-0.32124826818776164,0.2958078191238813,-0.11206940561048005,-0.0921298416345713,-0.10510385287671628,-0.10306247851497016,0.000706547338671691
H01,"H01|V=10;N=60;T=60|XB",XB,5081,NOINS,4246,7,-0.10550018408187001,-0.3216233879131074,0.2936881771078662,-0.11449556927747079,-0.09439010156385488,-0.1075435004987976,-0.10551785974869109,0.000706547338671691
H01,"H01|V=10;N=60;T=60|XB",XB,5081,L10,3831,7,-0.10474468876015419,-0.2529769007573043,0.240407204385278,-0.12123429525937875,-0.08752460146580276,-0.1074045867180777,-0.10812067444737988,0.0010441138084051162
H01,"H01|V=10;N=60;T=60|XR",XR,5081,KILL,5017,7,-0.024877872528016133,-0.24113649072185464,0.26709188758222047,-0.058415962682725045,0.0012305964519273094,-0.028966940008352364,-0.024866049272203077,0.010564082120789317
H01,"H01|V=10;N=60;T=60|XR",XR,5081,PRIMARY,4246,7,-0.1555210425195576,-0.3450753481937156,0.18699952896844088,-0.1711538111190057,-0.13628591102731794,-0.1611763363820977,-0.15738760466820387,0.008243052284503062
H01,"H01|V=10;N=60;T=60|XR",XR,5081,NOINS,4246,7,-0.15687681522871405,-0.34665817690164663,0.18676401318888367,-0.17252710734127377,-0.13771604502814588,-0.16253306766885514,-0.1587186348592744,0.008243052284503062
H01,"H01|V=10;N=60;T=60|XR",XR,5081,L10,3831,7,-0.1558620252118876,-0.28336329877759375,0.150613416862438,-0.17231019213038362,-0.13882672904140908,-0.1621278914642123,-0.16323515442172398,0.007047768206734534
H01,"H01|V=10;N=60;T=60|XG",XG,5081,KILL,5017,7,-0.1283820973264786,-0.3160731107905079,0.06318517042057006,-0.15517927104396312,-0.10499583672495635,-0.13244752284519118,-0.12838900853447274,0.004385090691648395
H01,"H01|V=10;N=60;T=60|XG",XG,5081,PRIMARY,4246,7,-0.22658573277609165,-0.3716604041840404,0.05628827131417805,-0.25273584680876765,-0.20672214236552688,-0.23241376424678584,-0.23033798619118775,0.006358926048045219
H01,"H01|V=10;N=60;T=60|XG",XG,5081,NOINS,4246,7,-0.22684862646697532,-0.3718194980251335,0.05628827131417805,-0.25285020724120943,-0.2069467429492084,-0.23267684378091902,-0.23051121311133438,0.006358926048045219
H01,"H01|V=10;N=60;T=60|XG",XG,5081,L10,3831,7,-0.1991569043607282,-0.3270988601004328,0.05794831636648395,-0.23417820963918082,-0.17107037414065007,-0.20670218704483323,-0.2122233371247992,0.008613938919342208
H01,"H01|V=10;N=60;T=300|XT60",XT60,5860,KILL,5789,7,-0.07175987342222138,-0.2778048455300731,0.3437553981689411,-0.09065163923968443,-0.05195113612351961,-0.07506815100727172,-0.07176307502269799,0.004664017965106236
H01,"H01|V=10;N=60;T=300|XT60",XT60,5860,PRIMARY,4976,7,-0.11197744737003586,-0.2628899143573762,0.3133038585209003,-0.12009476225050111,-0.10323755306015242,-0.11622694464760208,-0.11333867352485996,0.0018086816720257234
H01,"H01|V=10;N=60;T=300|XT60",XT60,5860,NOINS,4976,7,-0.11380485141711326,-0.26399613093961904,0.31109324758842444,-0.12192095047243642,-0.10507093457525318,-0.1180554510821014,-0.11516292202126346,0.0018086816720257234
H01,"H01|V=10;N=60;T=300|XT60",XT60,5860,L10,4517,7,-0.09960007577117069,-0.1349718214609909,0.27983174673455835,-0.10972492766102158,-0.08976881394647089,-0.10309884963542855,-0.1027912442134842,0.0019924728802302415
H01,"H01|V=10;N=60;T=300|XT300",XT300,5860,KILL,5789,7,-0.15581729601223507,-0.47114484851499927,0.20435308343409916,-0.1665526306163391,-0.14434168902506225,-0.15946377473403978,-0.15582845519412342,0.01468301951977889
H01,"H01|V=10;N=60;T=300|XT300",XT300,5860,PRIMARY,4976,7,-0.183958498561907,-0.4527501015076407,0.1885048231511254,-0.1979284895861964,-0.16992449762937673,-0.18899838985742198,-0.18572473222723965,0.008038585209003215
H01,"H01|V=10;N=60;T=300|XT300",XT300,5860,NOINS,4976,7,-0.1850685833772581,-0.4539199210459467,0.18790192926045016,-0.19902486064506422,-0.1710549065123598,-0.1901091443240697,-0.18680647710938703,0.008038585209003215
H01,"H01|V=10;N=60;T=300|XT300",XT300,5860,L10,4517,7,-0.1499502109807191,-0.33735372703811634,0.17688731458932921,-0.16632867792694217,-0.12977383950516908,-0.15623892838832681,-0.15921479399863966,0.006420190391853
H01,"H01|V=10;N=60;T=300|XT1800",XT1800,5860,KILL,5789,7,-0.23306751292879418,-0.48438970200487536,0.10019001554672655,-0.26218990326826713,-0.20959666650033829,-0.23677140503852284,-0.2330782558502924,0.03230264294351356
H01,"H01|V=10;N=60;T=300|XT1800",XT1800,5860,PRIMARY,4976,7,-0.25385388229718175,-0.47768049618265773,0.08902733118971061,-0.2781262650590862,-0.23163057599710393,-0.25893895802890976,-0.2584950500198021,0.024316720257234727
H01,"H01|V=10;N=60;T=300|XT1800",XT1800,5860,NOINS,4976,7,-0.254679735760009,-0.4786177587680366,0.08902733118971061,-0.27894145887045607,-0.23248259671125687,-0.25976530967624045,-0.2592809448681945,0.024316720257234727
H01,"H01|V=10;N=60;T=300|XT1800",XT1800,5860,L10,4517,7,-0.21144653086587056,-0.42749478483459324,0.08080584458711534,-0.2372963003430883,-0.18680546371623313,-0.21869362708057927,-0.22766310784656005,0.018375027673234446
H01,"H01|V=10;N=60;T=300|XB",XB,5860,KILL,5789,7,-0.0368928273645719,-0.3072052534699766,0.3453100708239765,-0.05382971630586394,-0.020322202990993816,-0.03764017017388413,-0.036891634506347644,0.0008637070305752289
H01,"H01|V=10;N=60;T=300|XB",XB,5860,PRIMARY,4976,7,-0.09606842841356673,-0.3191192154415642,0.30365755627009644,-0.10322636925737301,-0.0874410127547419,-0.09780830478896863,-0.09604720402358295,0.0010048231511254019
H01,"H01|V=10;N=60;T=300|XB",XB,5860,NOINS,4976,7,-0.09858279260243892,-0.32007575658519394,0.30144694533762056,-0.10595118558201165,-0.0894098615810831,-0.10032199215654887,-0.09857503903670652,0.0010048231511254019
H01,"H01|V=10;N=60;T=300|XB",XB,5860,L10,4517,7,-0.1011564878597306,-0.2577061584303804,0.25127296878459154,-0.11733723817885745,-0.08622180636568977,-0.1034171284274629,-0.10403506577901023,0.0013283152534868275
H01,"H01|V=10;N=60;T=300|XR",XR,5860,KILL,5789,7,-0.013324176302075856,-0.2358072135714641,0.2713767490067369,-0.03808278709672153,0.006357020586447827,-0.016898943291547498,-0.013317016431167804,0.011573674209708068
H01,"H01|V=10;N=60;T=300|XR",XR,5860,PRIMARY,4976,7,-0.1455845908595527,-0.3462269221961838,0.19071543408360128,-0.15703809116955747,-0.13244330296794105,-0.15060435231935143,-0.14702161825771604,0.009445337620578777
H01,"H01|V=10;N=60;T=300|XR",XR,5860,NOINS,4976,7,-0.14698605774819987,-0.34805250890040845,0.19031350482315113,-0.15863173899074381,-0.13377406324777186,-0.1520066646356685,-0.14839993565971915,0.009445337620578777
H01,"H01|V=10;N=60;T=300|XR",XR,5860,L10,4517,7,-0.14664939228150903,-0.29419448539721993,0.15740535753818907,-0.16197510005674573,-0.1312710976130422,-0.1531916912388341,-0.15373003415196612,0.008634049147664379
H01,"H01|V=10;N=60;T=300|XG",XG,5860,KILL,5789,7,-0.11370219737916279,-0.3159917118551316,0.07116945931939886,-0.13396872579471897,-0.09785812937550395,-0.11721758000117798,-0.11371095105150501,0.0048367593712212815
H01,"H01|V=10;N=60;T=300|XG",XG,5860,PRIMARY,4976,7,-0.20628522397554214,-0.3717565045426724,0.06571543408360128,-0.22901147570015612,-0.18421089393928072,-0.2112454966487277,-0.20875635653130573,0.007636655948553055
H01,"H01|V=10;N=60;T=300|XG",XG,5860,NOINS,4976,7,-0.2065925832625019,-0.3718194980251335,0.06571543408360128,-0.22940661513478988,-0.18422856302234614,-0.21155304132271713,-0.20898464278877366,0.007636655948553055
H01,"H01|V=10;N=60;T=300|XG",XG,5860,L10,4517,7,-0.18603958549981764,-0.33455905082088677,0.06685853442550366,-0.21761016267900965,-0.1593743247522545,-0.19308155846908537,-0.197619471470314,0.009519592649988931
H01,"H01|V=20;N=25;T=60|XT60",XT60,180,KILL,179,7,0.023537608389289522,-0.2437387194666932,0.39664804469273746,-0.07456621632305195,0.09938419811360982,-0.03841718965369006,0.023574002798081077,0.0111731843575419
H01,"H01|V=20;N=25;T=60|XT60",XT60,180,PRIMARY,149,7,-0.02997237970264687,-0.2519857180288237,0.3825503355704698,-0.17999510509216635,0.10664978766368724,-0.09187726512128153,-0.02149164328271432,0.006711409395973154
H01,"H01|V=20;N=25;T=60|XT60",XT60,180,NOINS,149,7,-0.030763960736932768,-0.252188629898458,0.3825503355704698,-0.18078338789004259,0.10583982190223289,-0.09264280411782083,-0.02228026672435469,0.006711409395973154
H01,"H01|V=20;N=25;T=60|XT60",XT60,180,L10,135,7,-0.019200824917070678,-0.10038446131410458,0.2962962962962963,-0.177128951470746,0.12267051174875025,-0.09963240647880073,-0.0437026520259656,0.007407407407407408
H01,"H01|V=20;N=25;T=60|XT300",XT300,180,KILL,179,7,-0.1595541003060877,-0.6587656832993384,0.2346368715083799,-0.29017532289527304,-0.0019400970722114872,-0.23105434139279266,-0.15959601383202343,0.05027932960893855
H01,"H01|V=20;N=25;T=60|XT300",XT300,180,PRIMARY,149,7,-0.1860753130778226,-0.6101168159800296,0.2348993288590604,-0.3330855164407568,-0.080461191927839,-0.27269740751743443,-0.1932080321631115,0.03355704697986577
H01,"H01|V=20;N=25;T=60|XT300",XT300,180,NOINS,149,7,-0.18640789319123122,-0.6106653829905583,0.2348993288590604,-0.3333990542566029,-0.08082459991255606,-0.2730364880687293,-0.19351176421339378,0.03355704697986577
H01,"H01|V=20;N=25;T=60|XT300",XT300,180,L10,135,7,-0.10094603812120656,-0.42992342633052416,0.2222222222222222,-0.24284281555747328,0.06020089213264447,-0.1910880622928379,-0.12683750627843082,0.02962962962962963
H01,"H01|V=20;N=25;T=60|XT1800",XT1800,180,KILL,179,7,-0.21916875368192273,-0.6668304661459629,0.16201117318435754,-0.3273012529758411,-0.07594095028717979,-0.2916851536329883,-0.2192432550546765,0.08379888268156424
H01,"H01|V=20;N=25;T=60|XT1800",XT1800,180,PRIMARY,149,7,-0.21633512586936343,-0.646972476871149,0.1476510067114094,-0.3817546165104908,-0.05808157173704791,-0.3362038321402082,-0.23176291248816597,0.0738255033557047
H01,"H01|V=20;N=25;T=60|XT1800",XT1800,180,NOINS,149,7,-0.21659425342865024,-0.6472957980724957,0.1476510067114094,-0.3820212558055193,-0.058319100674231544,-0.3364682830509691,-0.23198988959729033,0.0738255033557047
H01,"H01|V=20;N=25;T=60|XT1800",XT1800,180,L10,135,7,-0.16338541376286111,-0.5888690089998215,0.14074074074074075,-0.32247846287963317,0.043767397567471625,-0.27708183139372267,-0.20369977367455172,0.05925925925925926
H01,"H01|V=20;N=25;T=60|XB",XB,180,KILL,179,7,0.04061283345595206,-0.30328507039450775,0.48044692737430167,-0.016621721870729637,0.09812730909717331,0.0266837941091687,0.040630518812024244,0
H01,"H01|V=20;N=25;T=60|XB",XB,180,PRIMARY,149,7,0.03025356573245195,-0.1497422803242351,0.47651006711409394,-0.08130213289247935,0.13828304481590203,-0.005567758427055401,0.03739729228821724,0
H01,"H01|V=20;N=25;T=60|XB",XB,180,NOINS,149,7,0.029259477990735805,-0.15057054191829047,0.47651006711409394,-0.08171424283775626,0.1368117480339045,-0.0065470350720565895,0.036488759541286185,0
H01,"H01|V=20;N=25;T=60|XB",XB,180,L10,135,7,0.03169823442731351,-0.05739364627018043,0.4148148148148148,-0.12702961613122843,0.14853574428723168,-0.0024441144430859623,0.027814321210811496,0.007407407407407408
H01,"H01|V=20;N=25;T=60|XR",XR,180,KILL,179,7,-0.0007315216112980736,-0.244318083677429,0.3463687150837989,-0.07629087066022944,0.10990619540128103,-0.06553441002134036,-0.0007429248144222046,0.027932960893854747
H01,"H01|V=20;N=25;T=60|XR",XR,180,PRIMARY,149,7,-0.14881831794393277,-0.3226790859351479,0.28859060402684567,-0.2538672839923528,-0.04902658163921381,-0.2104628441690047,-0.13298727871555338,0.026845637583892617
H01,"H01|V=20;N=25;T=60|XR",XR,180,NOINS,149,7,-0.1494990681964665,-0.3241297358455427,0.28859060402684567,-0.2546324108799837,-0.04968864779954234,-0.2111575819868862,-0.13363916482184274,0.026845637583892617
H01,"H01|V=20;N=25;T=60|XR",XR,180,L10,135,7,-0.065621850550164,-0.18147410504839945,0.2962962962962963,-0.19148893593629207,0.08247474454865115,-0.1284508083825429,-0.09133095713287748,0.022222222222222223
H01,"H01|V=20;N=25;T=60|XG",XG,180,KILL,179,7,-0.08903699638921041,-0.3337953932640167,0.12849162011173185,-0.19970312378013302,0.05294093311531305,-0.15852053141043806,-0.08909897765842015,0.0111731843575419
H01,"H01|V=20;N=25;T=60|XG",XG,180,PRIMARY,149,7,-0.16424702935606628,-0.4088512905445542,0.12751677852348994,-0.3094147072621055,-0.030711737004535278,-0.2818285327346899,-0.18404357130071872,0.020134228187919462
H01,"H01|V=20;N=25;T=60|XG",XG,180,NOINS,149,7,-0.1643124572852798,-0.4100705435500676,0.12751677852348994,-0.30927365469123136,-0.031036989638169594,-0.2818952977966685,-0.18397420350666527,0.020134228187919462
H01,"H01|V=20;N=25;T=60|XG",XG,180,L10,135,7,-0.17706649670510208,-0.3974709380598097,0.13333333333333333,-0.2666371043440999,-0.08216719150145062,-0.2850827172198439,-0.20489054799486406,0.02962962962962963
H01,"H01|V=20;N=25;T=300|XT60",XT60,213,KILL,212,7,0.012619977878030665,-0.12990411454558212,0.41037735849056606,-0.06032035282800172,0.07868774209039565,-0.03970919603153016,0.012646262978506167,0.018867924528301886
H01,"H01|V=20;N=25;T=300|XT60",XT60,213,PRIMARY,179,7,-0.0392650489203875,-0.1110638525926877,0.3854748603351955,-0.1626363374988276,0.07862025738783095,-0.09077636300433,-0.03299495629638813,0.00558659217877095
H01,"H01|V=20;N=25;T=300|XT60",XT60,213,NOINS,179,7,-0.04034822025722902,-0.11314442071318204,0.3854748603351955,-0.16379127787619896,0.07766026305660081,-0.09184290157637993,-0.03409307524774774,0.00558659217877095
H01,"H01|V=20;N=25;T=300|XT60",XT60,213,L10,163,7,-0.032001809509399855,-0.0847139927045727,0.3067484662576687,-0.1721834746715137,0.08202563825755134,-0.09859788275893332,-0.052031982283493865,0.006134969325153374
H01,"H01|V=20;N=25;T=300|XT300",XT300,213,KILL,212,7,-0.15052585464974005,-0.6575855081836725,0.24528301886792453,-0.2877993500448418,0.037122231287396036,-0.21060699194299845,-0.15056218290403225,0.05660377358490566
H01,"H01|V=20;N=25;T=300|XT300",XT300,213,PRIMARY,179,7,-0.16694034338273656,-0.6045660920909811,0.24581005586592178,-0.30639754641275596,-0.054041581985291194,-0.23847114383215737,-0.17167408918196325,0.0335195530726257
H01,"H01|V=20;N=25;T=300|XT300",XT300,213,NOINS,179,7,-0.1675085690798675,-0.6045883948419015,0.24581005586592178,-0.30687484571693274,-0.05469290274270663,-0.2390487786240759,-0.17222875596656698,0.0335195530726257
H01,"H01|V=20;N=25;T=300|XT300",XT300,213,L10,163,7,-0.09024499848974608,-0.42429483740893803,0.2392638036809816,-0.24347487938570736,0.06800024718272868,-0.16441152393825212,-0.10794828428081168,0.03067484662576687
H01,"H01|V=20;N=25;T=300|XT1800",XT1800,213,KILL,212,7,-0.21400967068162474,-0.664463797821004,0.16037735849056603,-0.33555691533029547,-0.05499054923496406,-0.275002058922709,-0.21409189406423376,0.08962264150943396
H01,"H01|V=20;N=25;T=300|XT1800",XT1800,213,PRIMARY,179,7,-0.20740322061674787,-0.6484420972274257,0.15083798882681565,-0.3581329790286937,-0.08051482084053366,-0.3066875126609835,-0.21967892590367788,0.07262569832402235
H01,"H01|V=20;N=25;T=300|XT1800",XT1800,213,NOINS,179,7,-0.20777047939792798,-0.6491475408007935,0.15083798882681565,-0.35849427647440296,-0.08091876655080779,-0.30706103055000944,-0.22002014592223756,0.07262569832402235
H01,"H01|V=20;N=25;T=300|XT1800",XT1800,213,L10,163,7,-0.15823651729988183,-0.5926151183848829,0.147239263803681,-0.3252987840099745,0.02237241063065737,-0.2519395200366621,-0.18321271675760342,0.06134969325153374
H01,"H01|V=20;N=25;T=300|XB",XB,213,KILL,212,7,0.026218277115596902,-0.3021753854038495,0.4669811320754717,-0.025514045584544898,0.08522193992042723,0.014281939344999231,0.02622577495664447,0.009433962264150943
H01,"H01|V=20;N=25;T=300|XB",XB,213,PRIMARY,179,7,0.017003663907175677,-0.1497422803242351,0.46368715083798884,-0.09002835582198365,0.12057675400522697,-0.012937603324437373,0.021684525308687804,0
H01,"H01|V=20;N=25;T=300|XB",XB,213,NOINS,179,7,0.015771257401604427,-0.15057054191829047,0.46368715083798884,-0.09056248993121989,0.11896418119245812,-0.014161785603708576,0.02051174296637503,0
H01,"H01|V=20;N=25;T=300|XB",XB,213,L10,163,7,-0.00646391157562826,-0.06892172000186135,0.39263803680981596,-0.16242999768186345,0.11381488213526017,-0.03534688963126291,-0.015086341143671746,0.006134969325153374
H01,"H01|V=20;N=25;T=300|XR",XR,213,KILL,212,7,0.0014933354174936112,-0.25202675488781656,0.330188679245283,-0.07595854004872324,0.10372163017965257,-0.0553200788486724,0.0014651052732336843,0.04245283018867924
H01,"H01|V=20;N=25;T=300|XR",XR,213,PRIMARY,179,7,-0.12465081978496817,-0.3389248127497446,0.27932960893854747,-0.22285354934507393,-0.03694902172340055,-0.19159426679582878,-0.1112120746228945,0.0335195530726257
H01,"H01|V=20;N=25;T=300|XR",XR,213,NOINS,179,7,-0.12542507440681253,-0.33970750833471997,0.27932960893854747,-0.22351279102231583,-0.037700082599099106,-0.192381718769583,-0.11196134512419684,0.0335195530726257
H01,"H01|V=20;N=25;T=300|XR",XR,213,L10,163,7,-0.05610575031756317,-0.18973642836964683,0.2822085889570552,-0.19417290821955574,0.09150297213941067,-0.12190489437102317,-0.07168870492950694,0.03067484662576687
H01,"H01|V=20;N=25;T=300|XG",XG,213,KILL,212,7,-0.09643976240188659,-0.33820785035570367,0.12735849056603774,-0.2148578081868171,0.060023200685277826,-0.15505847274530343,-0.09650642107604297,0.018867924528301886
H01,"H01|V=20;N=25;T=300|XG",XG,213,PRIMARY,179,7,-0.1650131776005428,-0.4296435098135182,0.12849162011173185,-0.27857409387655857,-0.07838113336136432,-0.26256543861197734,-0.18182033172046125,0.01675977653631285
H01,"H01|V=20;N=25;T=300|XG",XG,213,NOINS,179,7,-0.16528536152689766,-0.42965038471753025,0.12849162011173185,-0.27921752006521183,-0.078878209537048,-0.2628422560006908,-0.1819873855308997,0.01675977653631285
H01,"H01|V=20;N=25;T=300|XG",XG,213,L10,163,7,-0.17711782334335283,-0.4275145155621492,0.1411042944785276,-0.2820531184281546,-0.07308627722722716,-0.266232167642482,-0.19651727238430303,0.024539877300613498
H01,"H01|V=20;N=60;T=60|XT60",XT60,1280,KILL,1262,7,-0.05128370670188172,-0.2718355106711109,0.37400950871632327,-0.09252903689864084,-0.010637645145707201,-0.061079142086993395,-0.051303833252259665,0.01584786053882726
H01,"H01|V=20;N=60;T=60|XT60",XT60,1280,PRIMARY,1046,7,-0.07363471980588984,-0.27179520460198436,0.35850860420650094,-0.13354184749523276,-0.008677884896614026,-0.09085524776460671,-0.0723613091079627,0.008604206500956023
H01,"H01|V=20;N=60;T=60|XT60",XT60,1280,NOINS,1046,7,-0.07445557745588934,-0.272232323126693,0.3575525812619503,-0.13437254530222698,-0.009505819877261713,-0.09167846645231228,-0.07318540408025095,0.008604206500956023
H01,"H01|V=20;N=60;T=60|XT60",XT60,1280,L10,964,7,-0.08060170641802551,-0.208893870222227,0.30186721991701243,-0.11597246922351628,-0.049023146293711545,-0.09367449526760015,-0.08255937077537445,0.008298755186721992
H01,"H01|V=20;N=60;T=60|XT300",XT300,1280,KILL,1262,7,-0.1972831750181384,-0.6570634197303618,0.22741679873217116,-0.25286072731891895,-0.12830054124695764,-0.2074725082302582,-0.19732724450945752,0.04833597464342314
H01,"H01|V=20;N=60;T=60|XT300",XT300,1280,PRIMARY,1046,7,-0.21738541079612286,-0.6114996411996981,0.21032504780114722,-0.2928897883999414,-0.1284447936445235,-0.23636446574802264,-0.22131996025032125,0.030592734225621414
H01,"H01|V=20;N=60;T=60|XT300",XT300,1280,NOINS,1046,7,-0.21772639167291255,-0.6116010553768967,0.21032504780114722,-0.29322643256214387,-0.12878258407553222,-0.23670642735437922,-0.22164364045904347,0.030592734225621414
H01,"H01|V=20;N=60;T=60|XT300",XT300,1280,L10,964,7,-0.17502020817852035,-0.5240081717760467,0.20228215767634855,-0.22618054931074494,-0.11526544537720267,-0.19302223377784783,-0.19496061432534686,0.022821576763485476
H01,"H01|V=20;N=60;T=60|XT1800",XT1800,1280,KILL,1262,7,-0.28009094155667724,-0.6617684791801403,0.13153724247226625,-0.33782228282342786,-0.2219737277862362,-0.2904775927192482,-0.2801103320121537,0.07923930269413629
H01,"H01|V=20;N=60;T=60|XT1800",XT1800,1280,PRIMARY,1046,7,-0.29212898912982127,-0.6416870649848512,0.11567877629063097,-0.35968646917715696,-0.21555796515436995,-0.3142130787257551,-0.2993487052747963,0.06405353728489484
H01,"H01|V=20;N=60;T=60|XT1800",XT1800,1280,NOINS,1046,7,-0.29237645605585805,-0.6417359234850835,0.11567877629063097,-0.35993536434011314,-0.21580335994220926,-0.31446125733186014,-0.29957401992777843,0.06405353728489484
H01,"H01|V=20;N=60;T=60|XT1800",XT1800,1280,L10,964,7,-0.2517850736311848,-0.5936463698153478,0.10062240663900415,-0.28419668919051516,-0.22258496886577406,-0.27719677534980997,-0.28592330798769705,0.0487551867219917
H01,"H01|V=20;N=60;T=60|XB",XB,1280,KILL,1262,7,0.0002632684607795197,-0.30569732163930824,0.40729001584786056,-0.021729252705070666,0.020253493691271215,-0.002098040176117204,0.0002680021128680292,0.000792393026941363
H01,"H01|V=20;N=60;T=60|XB",XB,1280,PRIMARY,1046,7,-0.061880368598900955,-0.29780234903839076,0.3795411089866157,-0.08723342606223243,-0.038323705612587015,-0.06990840299497181,-0.0587724091758765,0.0028680688336520078
H01,"H01|V=20;N=60;T=60|XB",XB,1280,NOINS,1046,7,-0.06384393984775062,-0.29952105206731466,0.375717017208413,-0.09081585631646444,-0.038495843345457116,-0.0718722274588417,-0.06076678297016035,0.0028680688336520078
H01,"H01|V=20;N=60;T=60|XB",XB,1280,L10,964,7,-0.06950233044228103,-0.24005708986269897,0.3412863070539419,-0.10056622438948216,-0.04450750094781146,-0.07905663236610691,-0.06835406420389181,0.004149377593360996
H01,"H01|V=20;N=60;T=60|XR",XR,1280,KILL,1262,7,-0.007866928732506339,-0.22783351077060843,0.303486529318542,-0.02478699725203494,0.00663851267821425,-0.017550925415158215,-0.007864811300651716,0.030110935023771792
H01,"H01|V=20;N=60;T=60|XR",XR,1280,PRIMARY,1046,7,-0.1299144267824396,-0.3382484867688357,0.25239005736137665,-0.17964575439013922,-0.07976504460940535,-0.14707124521984213,-0.13119552013677682,0.02581261950286807
H01,"H01|V=20;N=60;T=60|XR",XR,1280,NOINS,1046,7,-0.13104044726311706,-0.3389240612785177,0.251434034416826,-0.18007179895614003,-0.08098124856691793,-0.14820050446346347,-0.13232656149631963,0.02581261950286807
H01,"H01|V=20;N=60;T=60|XR",XR,1280,L10,964,7,-0.14748394539254583,-0.31912813624566383,0.23236514522821577,-0.17401444523104886,-0.12160117282845234,-0.1609580581633986,-0.15661850042802605,0.01970954356846473
H01,"H01|V=20;N=60;T=60|XG",XG,1280,KILL,1262,7,-0.11493707711658034,-0.3202913337644893,0.09508716323296355,-0.16848686890316456,-0.0658053491506523,-0.12482352217196423,-0.11496160549279479,0.015055467511885896
H01,"H01|V=20;N=60;T=60|XG",XG,1280,PRIMARY,1046,7,-0.2178019362637646,-0.4115327195073024,0.09082217973231357,-0.31393944333110446,-0.12470043172563064,-0.239065121030919,-0.2225797824317915,0.020076481835564052
H01,"H01|V=20;N=60;T=60|XG",XG,1280,NOINS,1046,7,-0.21798557159610005,-0.4122602935485258,0.08986615678776291,-0.3131780275115922,-0.12540885618572006,-0.23924928354850436,-0.22265490861819517,0.020076481835564052
H01,"H01|V=20;N=60;T=60|XG",XG,1280,L10,964,7,-0.2094378583837062,-0.4064228729037978,0.09854771784232365,-0.2504077151815978,-0.1719799544593398,-0.23219380568077042,-0.2287851065297112,0.026970954356846474
H01,"H01|V=20;N=60;T=300|XT60",XT60,1479,KILL,1459,7,-0.04471055327399484,-0.17749514949505,0.39067854694996573,-0.07286671609054876,-0.016057216945889984,-0.05318050682498016,-0.04473049331367016,0.015764222069910898
H01,"H01|V=20;N=60;T=300|XT60",XT60,1479,PRIMARY,1224,7,-0.0635208634068935,-0.16776611160070531,0.3815359477124183,-0.11543895109739463,-0.009580476806701406,-0.07820609607826537,-0.061741919722087014,0.007352941176470588
H01,"H01|V=20;N=60;T=300|XT60",XT60,1479,NOINS,1224,7,-0.06458026203531343,-0.16867531846326972,0.3799019607843137,-0.11653029327764972,-0.010609770414145951,-0.079268097643018,-0.0628159374280633,0.007352941176470588
H01,"H01|V=20;N=60;T=300|XT60",XT60,1479,L10,1128,7,-0.07882092738706141,-0.1310124663267313,0.32092198581560283,-0.10592391615771632,-0.05710485739048359,-0.08998324538470415,-0.08040231288624355,0.0070921985815602835
H01,"H01|V=20;N=60;T=300|XT300",XT300,1479,KILL,1459,7,-0.17577015740427712,-0.6562656285756927,0.25222755311857437,-0.21953200418938182,-0.11710283919954943,-0.18453652516610258,-0.17581109018898197,0.04592186429061001
H01,"H01|V=20;N=60;T=300|XT300",XT300,1479,PRIMARY,1224,7,-0.18985292711361204,-0.605240332801561,0.24101307189542484,-0.24669814485884528,-0.12325879240346015,-0.2059975273296514,-0.19196891898897106,0.028594771241830064
H01,"H01|V=20;N=60;T=300|XT300",XT300,1479,NOINS,1224,7,-0.19032461601625283,-0.605562490016669,0.24101307189542484,-0.24720045593300466,-0.12370551905789667,-0.20647037513893884,-0.19242924683458476,0.028594771241830064
H01,"H01|V=20;N=60;T=300|XT300",XT300,1479,L10,1128,7,-0.16318059798740883,-0.5087541939245068,0.225177304964539,-0.20018552650719373,-0.12111126511243923,-0.1785267560055246,-0.1790351817385452,0.02127659574468085
H01,"H01|V=20;N=60;T=300|XT1800",XT1800,1479,KILL,1459,7,-0.25865836913659457,-0.6617661708372717,0.14119259766963674,-0.3066196680795083,-0.21064770801198754,-0.26759552304896894,-0.25867671884729837,0.0822481151473612
H01,"H01|V=20;N=60;T=300|XT1800",XT1800,1479,PRIMARY,1224,7,-0.2687940712275815,-0.6452292232606465,0.12826797385620914,-0.3261709935172091,-0.21385708090895236,-0.28760136090395466,-0.27457521133105106,0.06781045751633986
H01,"H01|V=20;N=60;T=300|XT1800",XT1800,1479,NOINS,1224,7,-0.269070823748584,-0.6455833176969359,0.12826797385620914,-0.3264321647118126,-0.2141096408749592,-0.2878787933095575,-0.27483148156097287,0.06781045751633986
H01,"H01|V=20;N=60;T=300|XT1800",XT1800,1479,L10,1128,7,-0.2406942002658774,-0.6043243859445492,0.1125886524822695,-0.2671735685486945,-0.21688168479767694,-0.2623718649161025,-0.26965898692334755,0.05230496453900709
H01,"H01|V=20;N=60;T=300|XB",XB,1479,KILL,1459,7,0.0029802688654834895,-0.3053306203671459,0.4139821795750514,-0.010120413867965992,0.019654866723204684,0.000944048691967997,0.002981287916908516,0.003427004797806717
H01,"H01|V=20;N=60;T=300|XB",XB,1479,PRIMARY,1224,7,-0.06114223807302287,-0.29855524131081657,0.3872549019607843,-0.08089238442680594,-0.0454665746676778,-0.06799811479990608,-0.05860190599248026,0.004084967320261438
H01,"H01|V=20;N=60;T=300|XB",XB,1479,NOINS,1224,7,-0.06287022678125255,-0.29985365631199457,0.3839869281045752,-0.08371904363184207,-0.04582350053410307,-0.06972574098204586,-0.06034356302433399,0.004084967320261438
H01,"H01|V=20;N=60;T=300|XB",XB,1479,L10,1128,7,-0.07529927472178947,-0.2407881022101454,0.34397163120567376,-0.09937633110259103,-0.056564353931970346,-0.08493790247031895,-0.07688051401375204,0.0062056737588652485
H01,"H01|V=20;N=60;T=300|XR",XR,1479,KILL,1459,7,0.011953762349598522,-0.22181486493209293,0.30843043180260454,-0.0012441149761185616,0.03057246149858912,0.0036208710376397454,0.011954046284361563,0.03564084989718986
H01,"H01|V=20;N=60;T=300|XR",XR,1479,PRIMARY,1224,7,-0.11954140253268122,-0.3447781588039006,0.25326797385620914,-0.16843735347500835,-0.07110235194675615,-0.13417157661741655,-0.120491185728021,0.031862745098039214
H01,"H01|V=20;N=60;T=300|XR",XR,1479,NOINS,1224,7,-0.12061603591953167,-0.34580836741101767,0.25245098039215685,-0.1693807185889667,-0.07255580462362354,-0.13524885035518333,-0.12156643915441798,0.031862745098039214
H01,"H01|V=20;N=60;T=300|XR",XR,1479,L10,1128,7,-0.14810607848631274,-0.32990497388685147,0.22606382978723405,-0.1617382216630505,-0.13320146531507876,-0.15961762406148675,-0.15724597911947313,0.024822695035460994
H01,"H01|V=20;N=60;T=300|XG",XG,1479,KILL,1459,7,-0.09432415331549712,-0.32092195413163527,0.1041809458533242,-0.1465019991642415,-0.0434920596892348,-0.10283658916204731,-0.09434910119253637,0.01644962302947224
H01,"H01|V=20;N=60;T=300|XG",XG,1479,PRIMARY,1224,7,-0.19283623589170665,-0.4277667669950951,0.10294117647058823,-0.2809706686166762,-0.10943338326203923,-0.21519702260449072,-0.2000230565026701,0.022058823529411766
H01,"H01|V=20;N=60;T=300|XG",XG,1479,NOINS,1224,7,-0.19308872613101713,-0.4263302249406025,0.10212418300653595,-0.28034863012875655,-0.11054779035330262,-0.21545005971592973,-0.20018336274723483,0.022058823529411766
H01,"H01|V=20;N=60;T=300|XG",XG,1479,L10,1128,7,-0.19569017596461022,-0.4179619076768276,0.10815602836879433,-0.243284591033362,-0.1585897292830058,-0.2181401014458558,-0.2158459424268343,0.02925531914893617
H01,"H01|V=35;N=25;T=60|XT60",XT60,15,KILL,15,5,0.038414331848921464,0.0037659220934281876,0.5333333333333333,-0.0955152212413062,0.26671919605989747,-0.19886043949957902,0.038267932724511386,0.06666666666666667
H01,"H01|V=35;N=25;T=60|XT60",XT60,15,PRIMARY,14,5,0.0021327549205647184,0.04848319099188534,0.5714285714285714,-0.25826461703327264,0.13789334669435202,-0.18893430265868094,-0.006686332227090461,0
H01,"H01|V=35;N=25;T=60|XT60",XT60,15,NOINS,14,5,0.0012965951105581139,0.04745348660434606,0.5714285714285714,-0.2587840854340051,0.13710133539183156,-0.18972529928495116,-0.007586611614305004,0
H01,"H01|V=35;N=25;T=60|XT60",XT60,15,L10,14,5,-0.16431833164549786,-0.04436090154915278,0.35714285714285715,-0.3488097469512511,0.0999042956460647,-0.3262471507984651,-0.20491725686557308,0
H01,"H01|V=35;N=25;T=60|XT300",XT300,15,KILL,15,5,-0.031231594820280897,-0.3652924829610467,0.3333333333333333,-0.5029685082002554,0.2832596807663687,-0.3911682342181857,-0.03136659172453128,0.13333333333333333
H01,"H01|V=35;N=25;T=60|XT300",XT300,15,PRIMARY,14,5,-0.08365282371624556,-0.1492469712247926,0.42857142857142855,-0.5238455263723961,0.1723888250019979,-0.3706463279701006,-0.1119606207927363,0.07142857142857142
H01,"H01|V=35;N=25;T=60|XT300",XT300,15,NOINS,14,5,-0.08390759780645733,-0.15058450463595224,0.42857142857142855,-0.5239020272399715,0.17219221925423442,-0.37094248769275767,-0.11223503765726629,0.07142857142857142
H01,"H01|V=35;N=25;T=60|XT300",XT300,15,L10,14,5,-0.031218102906922767,-0.15091905169115763,0.35714285714285715,-0.5305087656121051,0.29185232590231297,-0.3432391413832944,-0.06825846638758025,0.07142857142857142
H01,"H01|V=35;N=25;T=60|XT1800",XT1800,15,KILL,15,5,-0.024051426173469108,-0.7955424307248395,0.3333333333333333,-0.6633274953153243,0.402132619921101,-0.47512602923027697,-0.024187911104036928,0.26666666666666666
H01,"H01|V=35;N=25;T=60|XT1800",XT1800,15,PRIMARY,14,5,-0.11539592901750262,-0.7597421869987295,0.2857142857142857,-0.7731894762433574,0.3101391498468029,-0.6134344785735901,-0.07706257153930283,0.21428571428571427
H01,"H01|V=35;N=25;T=60|XT1800",XT1800,15,NOINS,14,5,-0.11555462119359174,-0.7597422657062076,0.2857142857142857,-0.7732387902255805,0.31002422897623316,-0.6136364476554286,-0.07723427123750218,0.21428571428571427
H01,"H01|V=35;N=25;T=60|XT1800",XT1800,15,L10,14,5,-0.09186581877794335,-0.7468806469682568,0.2857142857142857,-0.7184378593727108,0.31356314866572976,-0.5262510252190364,-0.05111164583473717,0.21428571428571427
H01,"H01|V=35;N=25;T=60|XB",XB,15,KILL,15,5,-0.0583890705921796,-0.3112627630466146,0.4,-0.3217227983299721,0.10655112172638712,-0.20836485920933048,-0.05850072222995961,0
H01,"H01|V=35;N=25;T=60|XB",XB,15,PRIMARY,14,5,0.04278976072356204,0.052831096087096574,0.5,-0.2986068638646384,0.20221979457294295,-0.23924595338226026,0.004352281798533352,0
H01,"H01|V=35;N=25;T=60|XB",XB,15,NOINS,14,5,0.04192521979369481,0.05172181812257515,0.5,-0.2995948613342717,0.20118174230689584,-0.23977917615903177,0.0034988339578656325,0
H01,"H01|V=35;N=25;T=60|XB",XB,15,L10,14,5,0.04693059734635153,0.18928490308565732,0.5,-0.47414312703872397,0.45190683285552286,-0.21802120678595782,0.011163563051922327,0.07142857142857142
H01,"H01|V=35;N=25;T=60|XR",XR,15,KILL,15,5,0.13857011750791492,-0.21435235062932192,0.4,-0.21554150871432598,0.3746445349894088,-0.15908244208248776,0.13842515668211933,0.13333333333333333
H01,"H01|V=35;N=25;T=60|XR",XR,15,PRIMARY,14,5,-0.03621300713082089,-0.34242740873457567,0.42857142857142855,-0.45318613296336563,0.19543872944281512,-0.41771174994716137,-0.04518754865825316,0.14285714285714285
H01,"H01|V=35;N=25;T=60|XR",XR,15,NOINS,14,5,-0.03658945805690957,-0.34331745663742697,0.42857142857142855,-0.45348445731047693,0.19501887486173897,-0.41803649407924826,-0.045558362227233105,0.14285714285714285
H01,"H01|V=35;N=25;T=60|XR",XR,15,L10,14,5,-0.012504755767893474,-0.16518080564599152,0.42857142857142855,-0.49548474936933307,0.3980377837466257,-0.3706866082960094,-0.03731101563844879,0.14285714285714285
H01,"H01|V=35;N=25;T=60|XG",XG,15,KILL,15,5,0.07301873532129072,-0.323712571513855,0.26666666666666666,-0.4379616304329801,0.41367231249080455,-0.3075292780607972,0.07288486036224243,0
H01,"H01|V=35;N=25;T=60|XG",XG,15,PRIMARY,14,5,-0.15874523914785316,-0.596488002088742,0.21428571428571427,-0.6875388048906241,0.2417609821625258,-0.631646811525823,-0.14440022291151494,0
H01,"H01|V=35;N=25;T=60|XG",XG,15,NOINS,14,5,-0.15902949824653914,-0.5965606442594392,0.21428571428571427,-0.687667172016716,0.2414315103176049,-0.631872173523795,-0.14469189313762776,0
H01,"H01|V=35;N=25;T=60|XG",XG,15,L10,14,5,-0.16489884754803433,-0.5466799899998184,0.21428571428571427,-0.6611031897018443,0.20871245373009964,-0.598221643582502,-0.143689049218734,0.07142857142857142
H01,"H01|V=35;N=25;T=300|XT60",XT60,22,KILL,22,7,-0.11182745302715026,-0.03327555345505199,0.36363636363636365,-0.2514168025157167,-0.012478028773462865,-0.2854075904382145,-0.11190995109355534,0.13636363636363635
H01,"H01|V=35;N=25;T=300|XT60",XT60,22,PRIMARY,18,6,-0.08678257353811661,-0.02047200962553429,0.4444444444444444,-0.3897020589057882,0.041533728736253564,-0.24468148145463295,-0.09381294480461284,0
H01,"H01|V=35;N=25;T=300|XT60",XT60,22,NOINS,18,6,-0.08768038683724197,-0.02196109992054828,0.4444444444444444,-0.39035362676447377,0.040286402894365914,-0.24555850578350882,-0.09477260092217502,0
H01,"H01|V=35;N=25;T=300|XT60",XT60,22,L10,18,5,-0.19809235148699533,-0.07072214977839025,0.2777777777777778,-0.3534868895028694,-0.09316197576069035,-0.32359495616747097,-0.2462155117191859,0
H01,"H01|V=35;N=25;T=300|XT300",XT300,22,KILL,22,7,-0.20804453761286643,-0.5730264315208199,0.22727272727272727,-0.5600386199618398,0.1002046669023023,-0.46329077451563555,-0.20811619700953934,0.18181818181818182
H01,"H01|V=35;N=25;T=300|XT300",XT300,22,PRIMARY,18,6,-0.2164046632820426,-0.5052067948572883,0.3333333333333333,-0.603848353504672,0.07825423022100496,-0.45341693431469576,-0.24999053746750258,0.05555555555555555
H01,"H01|V=35;N=25;T=300|XT300",XT300,22,NOINS,18,6,-0.21666918618227646,-0.5055711127749166,0.3333333333333333,-0.6039578033476363,0.07817931521847002,-0.4537137564407273,-0.25024724903503837,0.05555555555555555
H01,"H01|V=35;N=25;T=300|XT300",XT300,22,L10,18,5,-0.08719170108520985,-0.141735181540623,0.2777777777777778,-0.41454051280051274,0.15816361867280698,-0.3272018489368732,-0.12272803290525637,0.05555555555555555
H01,"H01|V=35;N=25;T=300|XT1800",XT1800,22,KILL,22,7,-0.20493423656600876,-0.8112283169991543,0.22727272727272727,-0.6470469628376698,0.17221903766572658,-0.5183839032954464,-0.20500644127043705,0.2727272727272727
H01,"H01|V=35;N=25;T=300|XT1800",XT1800,22,PRIMARY,18,6,-0.24324620912131678,-0.8045436159073938,0.2222222222222222,-0.7539475082727779,0.1761730732246506,-0.6340445348165439,-0.224747587607995,0.16666666666666666
H01,"H01|V=35;N=25;T=300|XT1800",XT1800,22,NOINS,18,6,-0.2434322026433968,-0.804659735791664,0.2222222222222222,-0.7540767084068353,0.1760610395134337,-0.6342677250053713,-0.22491867801220317,0.16666666666666666
H01,"H01|V=35;N=25;T=300|XT1800",XT1800,22,L10,18,5,-0.14210244701464883,-0.525546231611668,0.2222222222222222,-0.5573970268010904,0.16987186145239463,-0.4706989240521249,-0.10994072451652115,0.16666666666666666
H01,"H01|V=35;N=25;T=300|XB",XB,22,KILL,22,7,-0.12657328178969166,-0.3174876672802348,0.3181818181818182,-0.29028897772133083,0.007985986676368038,-0.2346191407591689,-0.12664154945022643,0.09090909090909091
H01,"H01|V=35;N=25;T=300|XB",XB,22,PRIMARY,18,6,-0.08594324832420469,-0.34242740873457567,0.3888888888888889,-0.3960398297419129,0.1286983202842387,-0.3185160404780278,-0.11976376015373293,0
H01,"H01|V=35;N=25;T=300|XB",XB,22,NOINS,18,6,-0.08676432778502062,-0.34331745663742697,0.3888888888888889,-0.3968340869567244,0.12801180769285514,-0.31908546099942997,-0.12057684725270776,0
H01,"H01|V=35;N=25;T=300|XB",XB,22,L10,18,5,-0.034086980957957175,-0.07480821132413946,0.3888888888888889,-0.40881938992691325,0.18818074387925107,-0.24458848631584573,-0.05469159556782849,0.05555555555555555
H01,"H01|V=35;N=25;T=300|XR",XR,22,KILL,22,7,-0.05105414253384278,-0.29809965175861897,0.2727272727272727,-0.36532117266139325,0.22704885060296778,-0.2689859054396379,-0.051131118562516814,0.18181818181818182
H01,"H01|V=35;N=25;T=300|XR",XR,22,PRIMARY,18,6,-0.14738984554428025,-0.4288180995285079,0.3333333333333333,-0.477431872561866,0.06800429346554987,-0.44939095795895523,-0.15903033969128347,0.1111111111111111
H01,"H01|V=35;N=25;T=300|XR",XR,22,NOINS,18,6,-0.1478312994466018,-0.42958836355347807,0.3333333333333333,-0.47798650567142115,0.06768446556207705,-0.449807494140922,-0.15946087810484633,0.1111111111111111
H01,"H01|V=35;N=25;T=300|XR",XR,22,L10,18,5,-0.08036452243989084,-0.20257015841162673,0.3333333333333333,-0.45036616598533047,0.13556001728570827,-0.356603167628242,-0.09768801713863189,0.1111111111111111
H01,"H01|V=35;N=25;T=300|XG",XG,22,KILL,22,7,-0.09574826675199564,-0.3464791104920153,0.18181818181818182,-0.49017459081637726,0.2535206429882375,-0.3627418018469912,-0.09582008894958544,0.09090909090909091
H01,"H01|V=35;N=25;T=300|XG",XG,22,PRIMARY,18,6,-0.24269269266863874,-0.5233278077958655,0.16666666666666666,-0.6594215389396013,0.1403055919284611,-0.6062766697833072,-0.23766892865652112,0
H01,"H01|V=35;N=25;T=300|XG",XG,22,NOINS,18,6,-0.24306244181631373,-0.5241873644865104,0.16666666666666666,-0.6597230157397195,0.1399133621555771,-0.6066203257335896,-0.2380367359638427,0
H01,"H01|V=35;N=25;T=300|XG",XG,22,L10,18,5,-0.19884321587581283,-0.3388055276723789,0.16666666666666666,-0.6268834166124332,0.14310806998237294,-0.5234021399666448,-0.19199516987238355,0.05555555555555555
H01,"H01|V=35;N=60;T=60|XT60",XT60,140,KILL,140,7,0.021469504414047186,-0.034620138301577036,0.4785714285714286,-0.06990089595968083,0.11610133497048716,-0.021214552368896838,0.02146802773388206,0.09285714285714286
H01,"H01|V=35;N=60;T=60|XT60",XT60,140,PRIMARY,107,7,0.02618841604459639,-0.03530465351837667,0.45794392523364486,-0.10106537989625305,0.13663062801029638,-0.04470234004999181,0.007851383711029364,0.06542056074766354
H01,"H01|V=35;N=60;T=60|XT60",XT60,140,NOINS,107,7,0.025644047041210725,-0.03538100930301492,0.45794392523364486,-0.10150932945870336,0.13595653791763215,-0.04524607048281726,0.00729790773913393,0.06542056074766354
H01,"H01|V=35;N=60;T=60|XT60",XT60,140,L10,93,7,0.026173627477633216,-0.04235802092331345,0.41935483870967744,-0.07965989935594373,0.10181329161171826,-0.06657480300367605,0.024644685217180714,0.053763440860215055
H01,"H01|V=35;N=60;T=60|XT300",XT300,140,KILL,140,7,-0.06756772844527457,-0.709741948161783,0.37857142857142856,-0.14490485532992972,-0.002800064285207737,-0.1126702909166319,-0.0675759157467514,0.17857142857142858
H01,"H01|V=35;N=60;T=60|XT300",XT300,140,PRIMARY,107,7,-0.06722765377941876,-0.6562252885254694,0.34579439252336447,-0.2446874030115098,0.04799554945636453,-0.15504130445520245,-0.08236129221084389,0.12149532710280374
H01,"H01|V=35;N=60;T=60|XT300",XT300,140,NOINS,107,7,-0.06741167771293745,-0.6562253808170194,0.34579439252336447,-0.24488875301243163,0.04781179825445026,-0.15523050513148717,-0.08254653435496706,0.12149532710280374
H01,"H01|V=35;N=60;T=60|XT300",XT300,140,L10,93,7,-0.06454718739722035,-0.38432233733548216,0.3333333333333333,-0.2868664725040992,0.09876052105323095,-0.16180109947008872,-0.05322352411009272,0.08602150537634409
H01,"H01|V=35;N=60;T=60|XT1800",XT1800,140,KILL,140,7,-0.11676527291899644,-0.7986881100442764,0.3,-0.20200231900238452,-0.03474447529227848,-0.1632876575963881,-0.11682336902149816,0.24285714285714285
H01,"H01|V=35;N=60;T=60|XT1800",XT1800,140,PRIMARY,107,7,-0.114170527042764,-0.7537852783846907,0.2616822429906542,-0.2694940860071124,0.03393922154993835,-0.21615209911115535,-0.11499142201212238,0.205607476635514
H01,"H01|V=35;N=60;T=60|XT1800",XT1800,140,NOINS,107,7,-0.11427578808171567,-0.7537885613251025,0.2616822429906542,-0.2696179587869216,0.03382272380787614,-0.21626039593425256,-0.11508970765275414,0.205607476635514
H01,"H01|V=35;N=60;T=60|XT1800",XT1800,140,L10,93,7,-0.11374045526324951,-0.6775424243219536,0.23655913978494625,-0.2696037888746842,-0.006769423425743039,-0.22113819932091197,-0.10263364810004472,0.16129032258064516
H01,"H01|V=35;N=60;T=60|XB",XB,140,KILL,140,7,0.07191096586336214,-0.16752393413263023,0.4928571428571429,-0.0049015841591151105,0.16580633473922513,0.05600906040361938,0.07191735506360773,0.007142857142857143
H01,"H01|V=35;N=60;T=60|XB",XB,140,PRIMARY,107,7,0.06013141222493548,0.06508490520142708,0.514018691588785,-0.052866966037225994,0.17815206104061215,0.023369719890289596,0.058372890117206686,0.018691588785046728
H01,"H01|V=35;N=60;T=60|XB",XB,140,NOINS,107,7,0.060559370400021434,0.06399907874712642,0.514018691588785,-0.05373912271191514,0.18179882758987065,0.02388253831540789,0.059298504220823736,0.018691588785046728
H01,"H01|V=35;N=60;T=60|XB",XB,140,L10,93,7,0.05523884642872414,-0.03631938795944164,0.46236559139784944,-0.0606750908046343,0.14540599859077408,0.004385365347523419,0.06306724300786475,0.03225806451612903
H01,"H01|V=35;N=60;T=60|XR",XR,140,KILL,140,7,0.06394891934020078,-0.1447424207750858,0.36428571428571427,-0.02746052621894637,0.17023039812205162,0.022445433724665897,0.06391431586157502,0.12857142857142856
H01,"H01|V=35;N=60;T=60|XR",XR,140,PRIMARY,107,7,0.027675360359409568,-0.15460813862759828,0.34579439252336447,-0.12364820209326628,0.19091961880810804,-0.04981365333097025,0.021305745041127134,0.12149532710280374
H01,"H01|V=35;N=60;T=60|XR",XR,140,NOINS,107,7,0.0266757932696275,-0.15582085445639815,0.34579439252336447,-0.1242584912603532,0.19044209017878413,-0.050842053814028065,0.02023207572436815,0.12149532710280374
H01,"H01|V=35;N=60;T=60|XR",XR,140,L10,93,7,0.05146571338317961,-0.10347244280024619,0.3655913978494624,-0.06706323291494283,0.12266966467078305,-0.04043964756794498,0.05505206499376475,0.11827956989247312
H01,"H01|V=35;N=60;T=60|XG",XG,140,KILL,140,7,0.06283498081102698,-0.3132054872891896,0.2357142857142857,-0.04042958271685888,0.17020366036446316,0.02226199075025682,0.0627994735593047,0.05714285714285714
H01,"H01|V=35;N=60;T=60|XG",XG,140,PRIMARY,107,7,-0.02345525341219264,-0.3606546796523907,0.24299065420560748,-0.15972808821725407,0.10996305502561936,-0.12282003874124074,-0.02619266241931596,0.07476635514018691
H01,"H01|V=35;N=60;T=60|XG",XG,140,NOINS,107,7,-0.023903648483654852,-0.3612081141505603,0.24299065420560748,-0.16011899833397944,0.10952748052381499,-0.12328136769394,-0.026654383506448408,0.07476635514018691
H01,"H01|V=35;N=60;T=60|XG",XG,140,L10,93,7,-0.03334919094879576,-0.3864755996443569,0.24731182795698925,-0.1770770265101572,0.06109599295322685,-0.13806722619597644,-0.017506173967253257,0.0967741935483871
H01,"H01|V=35;N=60;T=300|XT60",XT60,198,KILL,196,7,-0.0158722498063163,-0.015290537784189841,0.4897959183673469,-0.07784549913812286,0.03290616013098526,-0.04675173707017328,-0.015864708578261447,0.07653061224489796
H01,"H01|V=35;N=60;T=300|XT60",XT60,198,PRIMARY,160,7,-0.00221928991817368,-0.01173327648835204,0.48125,-0.10106995497808789,0.07551740843809841,-0.04972159406929126,-0.013774150345162477,0.05
H01,"H01|V=35;N=60;T=300|XT60",XT60,198,NOINS,160,7,-0.0031183643190521525,-0.013592224368967187,0.48125,-0.10183771543608593,0.07449796934334606,-0.05062702327815847,-0.0146995752162317,0.04375
H01,"H01|V=35;N=60;T=300|XT60",XT60,198,L10,143,7,-0.02337344692313944,-0.03785270934233448,0.43356643356643354,-0.09417831712386404,0.030831860912167986,-0.08405916096971176,-0.02909913948797553,0.04195804195804196
H01,"H01|V=35;N=60;T=300|XT300",XT300,198,KILL,196,7,-0.12191200150055596,-0.7326719516441969,0.3622448979591837,-0.17416413072351886,-0.07131136881187465,-0.155017072814382,-0.12190322356019827,0.15306122448979592
H01,"H01|V=35;N=60;T=300|XT300",XT300,198,PRIMARY,160,7,-0.12200741451925867,-0.6644505056570278,0.34375,-0.25910351079195176,-0.03199203919678783,-0.18122371357977513,-0.13242266795404065,0.1
H01,"H01|V=35;N=60;T=300|XT300",XT300,198,NOINS,160,7,-0.12233393694487955,-0.6644533983328893,0.34375,-0.2593512766318387,-0.032297947131172094,-0.18155638808643976,-0.13275420505655036,0.1
H01,"H01|V=35;N=60;T=300|XT300",XT300,198,L10,143,7,-0.11815179896347464,-0.29069527528837136,0.32867132867132864,-0.26477827072586235,0.002987691864272174,-0.18182084125816672,-0.12150984437644166,0.06993006993006994
H01,"H01|V=35;N=60;T=300|XT1800",XT1800,198,KILL,196,7,-0.17839599091533553,-0.7999302771006418,0.28061224489795916,-0.22573923514786884,-0.14081755368977827,-0.21240681120555588,-0.17843378835571733,0.22959183673469388
H01,"H01|V=35;N=60;T=300|XT1800",XT1800,198,PRIMARY,160,7,-0.18057931686692058,-0.7729730574370516,0.25625,-0.3003777780625534,-0.10208713369468672,-0.2494029465776544,-0.1827501816023338,0.19375
H01,"H01|V=35;N=60;T=300|XT1800",XT1800,198,NOINS,160,7,-0.1807011101836485,-0.7729841669706211,0.25625,-0.30050297130937625,-0.10220560387579843,-0.24952706676307293,-0.18286078763859068,0.19375
H01,"H01|V=35;N=60;T=300|XT1800",XT1800,198,L10,143,7,-0.17726197212632921,-0.7287028237567317,0.23776223776223776,-0.2942319735627057,-0.10067648342063117,-0.24884893536159985,-0.18852327460554133,0.16083916083916083
H01,"H01|V=35;N=60;T=300|XB",XB,198,KILL,196,7,0.02219891198898244,-0.3015453062036715,0.45408163265306123,-0.040053673659659804,0.09037765009142239,0.010138304685314601,0.022217954419262796,0.025510204081632654
H01,"H01|V=35;N=60;T=300|XB",XB,198,PRIMARY,160,7,-0.032381304103120956,-0.11251747948533414,0.4625,-0.11464275907582154,0.020952625229566625,-0.058500757299218865,-0.036403676296492,0.025
H01,"H01|V=35;N=60;T=300|XB",XB,198,NOINS,160,7,-0.0322074963891138,-0.1141058058522525,0.4625,-0.11476564995744658,0.022426126686925098,-0.058275592804191534,-0.0359086901768633,0.025
H01,"H01|V=35;N=60;T=300|XB",XB,198,L10,143,7,-0.04837341105374819,-0.07189089440766222,0.4195804195804196,-0.13444856457895357,0.01716253526209599,-0.08328519726628729,-0.06128986725413267,0.03496503496503497
H01,"H01|V=35;N=60;T=300|XR",XR,198,KILL,196,7,0.04801449160375938,-0.1571293567484205,0.34183673469387754,-0.012313873911487411,0.10509052223665077,0.017657424916741594,0.04799586779921494,0.14795918367346939
H01,"H01|V=35;N=60;T=300|XR",XR,198,PRIMARY,160,7,-0.03452729690023131,-0.27226638578269435,0.31875,-0.15503161011894306,0.06833176065309489,-0.08718678436706657,-0.03835368404415013,0.1375
H01,"H01|V=35;N=60;T=300|XR",XR,198,NOINS,160,7,-0.03532345752295336,-0.273331458278228,0.31875,-0.1554279526256331,0.06723116638950766,-0.08799815806940334,-0.03918924646534472,0.1375
H01,"H01|V=35;N=60;T=300|XR",XR,198,L10,143,7,-0.02451678171603858,-0.22273344450589158,0.32867132867132864,-0.0924312936947837,0.02514881264236812,-0.08801237341080054,-0.03575859195886679,0.13286713286713286
H01,"H01|V=35;N=60;T=300|XG",XG,198,KILL,196,7,0.0132076129815386,-0.32055327325988475,0.22959183673469388,-0.06890935061047251,0.09606266327560152,-0.016823884843616122,0.013184816419378513,0.05612244897959184
H01,"H01|V=35;N=60;T=300|XG",XG,198,PRIMARY,160,7,-0.09335067295852706,-0.39654313528079715,0.2375,-0.22165557833389624,0.006832957806299862,-0.1605075132952152,-0.09575162908872142,0.075
H01,"H01|V=35;N=60;T=300|XG",XG,198,NOINS,160,7,-0.09382581203707484,-0.39688188642414024,0.2375,-0.22204030816045872,0.006299176897641556,-0.16099173107229703,-0.09623744973724081,0.075
H01,"H01|V=35;N=60;T=300|XG",XG,198,L10,143,7,-0.09862221799901565,-0.3975696085390549,0.24475524475524477,-0.20632094477174068,-0.027397488990211223,-0.1685240436458436,-0.10310286066066061,0.09090909090909091
H02,"H02|W=60;U=15|XT60",XT60,9168,KILL,9085,7,-0.0829187900929936,-0.05788150838266753,0.3140341221794166,-0.08970459859915568,-0.07606104743824543,-0.08452871089581401,-0.08291963396426659,0.005613648871766648
H02,"H02|W=60;U=15|XT60",XT60,9168,PRIMARY,8925,7,-0.07515497879710976,-0.04857535376602448,0.3174229691876751,-0.08319822847042797,-0.06695105809491081,-0.07638792878852832,-0.07536935572123166,0.00515406162464986
H02,"H02|W=60;U=15|XT60",XT60,9168,NOINS,8925,7,-0.0780981039185348,-0.05316900346474587,0.3138375350140056,-0.08607963491127744,-0.06984135002428965,-0.07933067092014548,-0.0783261084222116,0.005042016806722689
H02,"H02|W=60;U=15|XT60",XT60,9168,L10,8432,7,-0.07165914496289875,-0.04159062994142842,0.2977941176470588,-0.07776788664375979,-0.06259104646392856,-0.07315017560390263,-0.07201952296165569,0.004506641366223909
H02,"H02|W=60;U=15|XT300",XT300,9168,KILL,9085,7,-0.15250512383212106,-0.24599500522362072,0.2003302146395157,-0.16936152768944387,-0.13599602660922047,-0.15508369628963165,-0.15250295774124561,0.020693450742982938
H02,"H02|W=60;U=15|XT300",XT300,9168,PRIMARY,8925,7,-0.14404243507780595,-0.2244409128112171,0.20056022408963586,-0.1613029273950856,-0.12730363316705792,-0.14645548603852057,-0.1448746217487294,0.020280112044817927
H02,"H02|W=60;U=15|XT300",XT300,9168,NOINS,8925,7,-0.14607088785082264,-0.22687239398631437,0.20011204481792716,-0.16330636064985296,-0.12925444362674993,-0.1484844139864266,-0.14690323370376857,0.020280112044817927
H02,"H02|W=60;U=15|XT300",XT300,9168,L10,8432,7,-0.13551211119980822,-0.17004754951485399,0.19058349146110057,-0.14939447764283895,-0.12110447969410877,-0.13800500891908285,-0.13841663249289918,0.01838235294117647
H02,"H02|W=60;U=15|XT1800",XT1800,9168,KILL,9085,7,-0.2568159146348004,-0.423855181334262,0.09697303247110622,-0.27327453974745086,-0.24150616925986737,-0.260108971428344,-0.25681226314121713,0.04556962025316456
H02,"H02|W=60;U=15|XT1800",XT1800,9168,PRIMARY,8925,7,-0.24563191050864402,-0.40615259977024126,0.09747899159663866,-0.26432435644116087,-0.22830692553415258,-0.24905288756886132,-0.2476294426792288,0.04470588235294118
H02,"H02|W=60;U=15|XT1800",XT1800,9168,NOINS,8925,7,-0.2474130958324367,-0.4074198680863118,0.09725490196078432,-0.26603150868133857,-0.230179480987968,-0.25083467179117624,-0.24940960902970932,0.04470588235294118
H02,"H02|W=60;U=15|XT1800",XT1800,9168,L10,8432,7,-0.23045926624263077,-0.3661770186181677,0.0941650853889943,-0.2506080711258509,-0.21428750507912997,-0.23415288860349928,-0.23612272268040513,0.04079696394686907
H02,"H02|W=60;U=15|XB",XB,9168,KILL,9085,7,-0.07465412336683432,-0.3006970100990001,0.23082003302146395,-0.08246533224175044,-0.06711044138013521,-0.07531980646350217,-0.07465193188752933,0.007594936708860759
H02,"H02|W=60;U=15|XB",XB,9168,PRIMARY,8925,7,-0.1028387871230339,-0.23206730932520853,0.22969187675070027,-0.1147719892379835,-0.09059074663084933,-0.10405365486927202,-0.10342428008668642,0.008515406162464986
H02,"H02|W=60;U=15|XB",XB,9168,NOINS,8925,7,-0.10554480326122405,-0.23546020526156783,0.22823529411764706,-0.11750932910378677,-0.09330638414801398,-0.10675648505470416,-0.10612518633314916,0.008515406162464986
H02,"H02|W=60;U=15|XB",XB,9168,L10,8432,7,-0.10098633258040077,-0.16602407287187923,0.21880929791271347,-0.11204584371990872,-0.08872908990170222,-0.10235665904137492,-0.10291389295383636,0.008776091081593928
H02,"H02|W=60;U=15|XR",XR,9168,KILL,9085,7,-0.07038992579102309,-0.17373166509128898,0.18811227297743532,-0.08405174814527566,-0.055798743395145456,-0.07232734369415932,-0.07038415731407208,0.021684094661529995
H02,"H02|W=60;U=15|XR",XR,9168,PRIMARY,8925,7,-0.15320974252598268,-0.2258173494094305,0.14969187675070028,-0.17074819056675172,-0.1357090267812612,-0.15493270038714307,-0.15390826830738338,0.02196078431372549
H02,"H02|W=60;U=15|XR",XR,9168,NOINS,8925,7,-0.15492324080857806,-0.22775826119905287,0.14913165266106443,-0.17302356506901417,-0.1368215265669723,-0.15664674803502623,-0.15563392904605644,0.02196078431372549
H02,"H02|W=60;U=15|XR",XR,9168,L10,8432,7,-0.14946465568000303,-0.18623688545216954,0.14468690702087286,-0.16371679918013096,-0.13515427761566126,-0.15196687184371974,-0.15375530658437514,0.020635673624288427
H02,"H02|W=60;U=15|XG",XG,9168,KILL,9085,7,-0.14554526790089783,-0.3053520421869559,0.059988992845349476,-0.15638189190586044,-0.13565280287815015,-0.1489239490213288,-0.14553575894636947,0.009135938359933957
H02,"H02|W=60;U=15|XG",XG,9168,PRIMARY,8925,7,-0.19879689546071028,-0.30758174078753703,0.06252100840336135,-0.21340185721966332,-0.18571396187329928,-0.20237732723327964,-0.19983021242814428,0.01546218487394958
H02,"H02|W=60;U=15|XG",XG,9168,NOINS,8925,7,-0.200738496355079,-0.3078451326107587,0.06218487394957983,-0.21538241602635302,-0.18758902253958581,-0.2043195806710462,-0.201754593804904,0.015350140056022409
H02,"H02|W=60;U=15|XG",XG,9168,L10,8432,7,-0.1919398027134734,-0.2833471123541328,0.06807400379506641,-0.2062105410249818,-0.1811225419865499,-0.19572533548178717,-0.19663989859164535,0.0200426944971537
H02,"H02|W=60;U=30|XT60",XT60,7241,KILL,7182,7,-0.0812688957303179,-0.06479266703149097,0.3401559454191033,-0.08932822971933367,-0.07223926061234781,-0.08313872249240217,-0.08127041119017725,0.006961849067112225
H02,"H02|W=60;U=30|XT60",XT60,7241,PRIMARY,7040,7,-0.07401310434721826,-0.054590319582368485,0.34488636363636366,-0.08173623632912273,-0.06529363352090918,-0.07526319448081328,-0.07416610737984498,0.006392045454545455
H02,"H02|W=60;U=30|XT60",XT60,7241,NOINS,7040,7,-0.07665667502999056,-0.059066100594375906,0.34147727272727274,-0.08439491852434507,-0.06800781374369458,-0.07790580630196854,-0.07682487335544795,0.00625
H02,"H02|W=60;U=30|XT60",XT60,7241,L10,6610,7,-0.07123127269085243,-0.046042272742806305,0.3237518910741301,-0.0772151860760652,-0.061130855475723,-0.07265387300439943,-0.07138697945623192,0.005748865355521936
H02,"H02|W=60;U=30|XT300",XT300,7241,KILL,7182,7,-0.1529551263460091,-0.2815361176060892,0.21679197994987467,-0.17102229460413093,-0.1343589513256249,-0.15621741149249704,-0.15295509607655364,0.02603731551099972
H02,"H02|W=60;U=30|XT300",XT300,7241,PRIMARY,7040,7,-0.1454017144132428,-0.26317112684232113,0.2171875,-0.1641124624842499,-0.1261332007567003,-0.14846172841203473,-0.14627515499730853,0.02556818181818182
H02,"H02|W=60;U=30|XT300",XT300,7241,NOINS,7040,7,-0.14708673830501892,-0.2642874485586684,0.21676136363636364,-0.16581633760248055,-0.12772739105322886,-0.15014720835379014,-0.14795933845889123,0.02556818181818182
H02,"H02|W=60;U=30|XT300",XT300,7241,L10,6610,7,-0.13855824027875466,-0.21538553656297305,0.20574886535552195,-0.15430791246455558,-0.1221276670827465,-0.1417399828643449,-0.1415613807730387,0.023449319213313162
H02,"H02|W=60;U=30|XT1800",XT1800,7241,KILL,7182,7,-0.2720486726347003,-0.4656301427789662,0.10679476468950153,-0.29352764379187424,-0.2527597800939015,-0.27615982254860155,-0.2720493966148181,0.05541631857421331
H02,"H02|W=60;U=30|XT1800",XT1800,7241,PRIMARY,7040,7,-0.2610430504278235,-0.4486050836542399,0.10710227272727273,-0.28612555439499976,-0.23900686360567547,-0.26533344128576297,-0.2630073254505992,0.05454545454545454
H02,"H02|W=60;U=30|XT1800",XT1800,7241,NOINS,7040,7,-0.26250439580103796,-0.44929493632259937,0.10710227272727273,-0.28745169397184506,-0.24043374874022672,-0.2667954096207869,-0.2644667273510916,0.05454545454545454
H02,"H02|W=60;U=30|XT1800",XT1800,7241,L10,6610,7,-0.24813152091183488,-0.41155399042435004,0.10242057488653555,-0.27544993273233886,-0.22752891791420635,-0.25285175091694395,-0.2541470692798984,0.05007564296520423
H02,"H02|W=60;U=30|XB",XB,7241,KILL,7182,7,-0.07320040788958879,-0.30181209484821975,0.2475633528265107,-0.08192713490813283,-0.06421078536079311,-0.07402050126964738,-0.07319769096188672,0.009468114731272625
H02,"H02|W=60;U=30|XB",XB,7241,PRIMARY,7040,7,-0.10519649881209867,-0.2508747517161258,0.24616477272727272,-0.11770420414832244,-0.0923349861063423,-0.10671091052973007,-0.10570823421882065,0.01065340909090909
H02,"H02|W=60;U=30|XB",XB,7241,NOINS,7040,7,-0.10779989737336584,-0.2529402294237899,0.2447443181818182,-0.120316166204415,-0.09503348215945198,-0.10930999309697016,-0.10832226916963916,0.01065340909090909
H02,"H02|W=60;U=30|XB",XB,7241,L10,6610,7,-0.10067033932872146,-0.18872566588435907,0.23751891074130105,-0.11355058155234904,-0.08615326809021265,-0.10233583959078331,-0.10238236400465142,0.011043872919818457
H02,"H02|W=60;U=30|XR",XR,7241,KILL,7182,7,-0.06758648661118696,-0.190976871797423,0.20189362294625451,-0.08322024061067218,-0.050217809347177816,-0.0700363012202887,-0.06758193643963757,0.026594263436368698
H02,"H02|W=60;U=30|XR",XR,7241,PRIMARY,7040,7,-0.15852290599165272,-0.24277246131168884,0.16008522727272728,-0.17648663490764727,-0.140367334445975,-0.16059177503567787,-0.15913259878074223,0.026988636363636364
H02,"H02|W=60;U=30|XR",XR,7241,NOINS,7040,7,-0.15994460360117743,-0.24474065932596528,0.15965909090909092,-0.17834030401998408,-0.14110143819638835,-0.16201404476805975,-0.16056802317429994,0.026988636363636364
H02,"H02|W=60;U=30|XR",XR,7241,L10,6610,7,-0.15533844560848378,-0.21167982802782703,0.15642965204236006,-0.1692927409885668,-0.14061292599113515,-0.1584660026035864,-0.15973900605083485,0.02556732223903177
H02,"H02|W=60;U=30|XG",XG,7241,KILL,7182,7,-0.15036370035466773,-0.30652987413561517,0.0644667223614592,-0.16608997838723283,-0.13515870820241208,-0.1546400114332424,-0.1503586102029003,0.01113895850737956
H02,"H02|W=60;U=30|XG",XG,7241,PRIMARY,7040,7,-0.2086911841434436,-0.312636199390705,0.06732954545454546,-0.22720382773497136,-0.19269613658771664,-0.2131970594605093,-0.209561745710695,0.01875
H02,"H02|W=60;U=30|XG",XG,7241,NOINS,7040,7,-0.21042730338039087,-0.31287431724436693,0.0671875,-0.22894258536571363,-0.1943780692855562,-0.2149339177771304,-0.21128316953325166,0.018607954545454546
H02,"H02|W=60;U=30|XG",XG,7241,L10,6610,7,-0.2022815190407141,-0.30116987435037634,0.07276853252647504,-0.22071452982552522,-0.18795286751820564,-0.20711567688135404,-0.2071124363156845,0.024508320726172466
H02,"H02|W=60;U=60|XT60",XT60,4046,KILL,4011,7,-0.08229826457992206,-0.06015928560768121,0.3844427823485415,-0.09206182216127179,-0.0714765559352827,-0.08428636131130089,-0.0823043079121397,0.009972575417601595
H02,"H02|W=60;U=60|XT60",XT60,4046,PRIMARY,3920,7,-0.07598590526686354,-0.052253839094168995,0.38801020408163267,-0.08495772308691481,-0.0666101212022495,-0.07801781033800091,-0.07591346217796965,0.009183673469387756
H02,"H02|W=60;U=60|XT60",XT60,4046,NOINS,3920,7,-0.07823779916728599,-0.05531705309461836,0.3852040816326531,-0.08721664331220405,-0.06883571234338146,-0.08027030990502068,-0.07818587596673775,0.008928571428571428
H02,"H02|W=60;U=60|XT60",XT60,4046,L10,3659,7,-0.07699287898615251,-0.04748168067648294,0.36130090188576114,-0.09013676201856731,-0.06110950869307652,-0.07956848212906541,-0.07673587620618136,0.0073790653183930036
H02,"H02|W=60;U=60|XT300",XT300,4046,KILL,4011,7,-0.17291517176911422,-0.3576584747027511,0.22887060583395663,-0.20474020141197083,-0.13610506932526578,-0.17760480954995642,-0.17292085324239825,0.037147843430565944
H02,"H02|W=60;U=60|XT300",XT300,4046,PRIMARY,3920,7,-0.16321128962750317,-0.3386976448895191,0.2288265306122449,-0.19408484766820608,-0.1296799263773763,-0.16793646781603228,-0.16440636856163213,0.036734693877551024
H02,"H02|W=60;U=60|XT300",XT300,4046,NOINS,3920,7,-0.16447249949590043,-0.34054849671477017,0.2288265306122449,-0.1954106416540313,-0.13082985143901768,-0.1691986435927165,-0.16566492955137302,0.036734693877551024
H02,"H02|W=60;U=60|XT300",XT300,4046,L10,3659,7,-0.15428071975110863,-0.3072236751411018,0.21945886854331784,-0.18350415020051028,-0.1228549632730521,-0.15915980529580137,-0.15754619252387608,0.033342443290516534
H02,"H02|W=60;U=60|XT1800",XT1800,4046,KILL,4011,7,-0.30601111057292435,-0.544864066464355,0.12016953378209923,-0.3366215538994185,-0.26997187196359507,-0.3117887469994983,-0.3060211299136881,0.07529294440289205
H02,"H02|W=60;U=60|XT1800",XT1800,4046,PRIMARY,3920,7,-0.2934683008481707,-0.5317406055497294,0.12091836734693878,-0.3273056322632828,-0.2580201372241912,-0.2994384950913566,-0.2951417165254533,0.07423469387755102
H02,"H02|W=60;U=60|XT1800",XT1800,4046,NOINS,3920,7,-0.29454891380693604,-0.5318311511865951,0.12091836734693878,-0.3284629948104912,-0.2589316255674271,-0.3005199356319088,-0.2962185026439133,0.07423469387755102
H02,"H02|W=60;U=60|XT1800",XT1800,4046,L10,3659,7,-0.27701705006089433,-0.47865773501960773,0.11587865537031976,-0.31170279766199266,-0.24204023031554295,-0.28325830086987797,-0.28222143093830876,0.06941787373599344
H02,"H02|W=60;U=60|XB",XB,4046,KILL,4011,7,-0.07339392756564454,-0.303169732849112,0.2675143355771628,-0.08312301793574117,-0.062168944800001576,-0.07457657306284475,-0.07339595046906745,0.013213662428322115
H02,"H02|W=60;U=60|XB",XB,4046,PRIMARY,3920,7,-0.11498888401481723,-0.27264730568331,0.26505102040816325,-0.13073465224931216,-0.09882131187910212,-0.11722446056546969,-0.11525974542979635,0.014540816326530611
H02,"H02|W=60;U=60|XB",XB,4046,NOINS,3920,7,-0.1171099120891965,-0.2736564073201318,0.2642857142857143,-0.132856449950527,-0.10082247947912758,-0.11933922311841007,-0.11741352421936661,0.014540816326530611
H02,"H02|W=60;U=60|XB",XB,4046,L10,3659,7,-0.11478889024697052,-0.22899417381783632,0.2536212079803225,-0.1295355202550969,-0.09628073331899524,-0.11738348743675446,-0.11687217253731975,0.015304728067778082
H02,"H02|W=60;U=60|XR",XR,4046,KILL,4011,7,-0.06809647378515588,-0.2157383314262972,0.21540762902019447,-0.08327888665949869,-0.04795400448743114,-0.07165577365289276,-0.06809505720747241,0.036150585888805785
H02,"H02|W=60;U=60|XR",XR,4046,PRIMARY,3920,7,-0.17875105588348306,-0.2717850917435263,0.1635204081632653,-0.19719026372232162,-0.1519515106592499,-0.18221762385920914,-0.17922453581006834,0.036989795918367346
H02,"H02|W=60;U=60|XR",XR,4046,NOINS,3920,7,-0.17944736444564147,-0.2735503633734912,0.16301020408163266,-0.19878993130933645,-0.1507518674988409,-0.18291441208033393,-0.17996545401715644,0.036989795918367346
H02,"H02|W=60;U=60|XR",XR,4046,L10,3659,7,-0.17513323639633757,-0.25676156155103264,0.1609729434271659,-0.19280835648826147,-0.15045923113380633,-0.17940640210947345,-0.1798763334611382,0.034982235583492755
H02,"H02|W=60;U=60|XG",XG,4046,KILL,4011,7,-0.16852198963799753,-0.307850406907503,0.07155322862129145,-0.1820586615930536,-0.15544792916670638,-0.1738494876584861,-0.1685238814278372,0.011967090501121914
H02,"H02|W=60;U=60|XG",XG,4046,PRIMARY,3920,7,-0.23369045906354086,-0.3235974863035046,0.075,-0.25617461002622777,-0.20908421313173392,-0.23919904998578934,-0.23454941863849987,0.02142857142857143
H02,"H02|W=60;U=60|XG",XG,4046,NOINS,3920,7,-0.2348515494379026,-0.3238190378641398,0.075,-0.25744942177773344,-0.21011644845572625,-0.24036098362510183,-0.2357120908762726,0.021173469387755103
H02,"H02|W=60;U=60|XG",XG,4046,L10,3659,7,-0.22588622162475808,-0.31675060835312346,0.080896419786827,-0.25103002898624777,-0.19854259740902896,-0.23139116307305532,-0.23091366620269602,0.030609456135556164
H02,"H02|W=180;U=15|XT60",XT60,10708,KILL,10591,7,-0.05342401429353228,-0.03523725187801602,0.22509678028514776,-0.05651606658345668,-0.050214550609118086,-0.05425150770592557,-0.05342089850419493,0.0039656311962987445
H02,"H02|W=180;U=15|XT60",XT60,10708,PRIMARY,10553,7,-0.04512171079662093,-0.027297713658146965,0.2353833033260684,-0.048889613057445186,-0.04146990996875044,-0.0459658334978624,-0.0447963822738164,0.0040746707097507814
H02,"H02|W=180;U=15|XT60",XT60,10708,NOINS,10553,7,-0.04940547581622392,-0.033403086758903154,0.23083483369657917,-0.053202470904348605,-0.045714851234063644,-0.05024965910061086,-0.049083978855638734,0.003979910925803089
H02,"H02|W=180;U=15|XT60",XT60,10708,L10,10314,7,-0.04247274547661121,-0.027297713658146965,0.22648826837308514,-0.048039946445892184,-0.037068018453037865,-0.043616400989961356,-0.04202473098083959,0.0034904013961605585
H02,"H02|W=180;U=15|XT300",XT300,10708,KILL,10591,7,-0.09295913077138665,-0.04748712004377892,0.18213577565857803,-0.10169879744518057,-0.08492095505390321,-0.09447960180173245,-0.09295995685485009,0.01520158625247852
H02,"H02|W=180;U=15|XT300",XT300,10708,PRIMARY,10553,7,-0.08435249050261819,-0.03944487288347236,0.18364446129062825,-0.09357298109359012,-0.07625339389717085,-0.08575661683083076,-0.08448222760255168,0.015161565431630816
H02,"H02|W=180;U=15|XT300",XT300,10708,NOINS,10553,7,-0.08791888683420582,-0.0454220068927626,0.1817492656116744,-0.0971436487974034,-0.07982421219806161,-0.08932305632805301,-0.08804768990245544,0.01497204586373543
H02,"H02|W=180;U=15|XT300",XT300,10708,L10,10314,7,-0.0817867735626472,-0.03777465246580975,0.17733178204382394,-0.08960556082865943,-0.07431733065543776,-0.08326562053365519,-0.082492130060773,0.014834205933682374
H02,"H02|W=180;U=15|XT1800",XT1800,10708,KILL,10591,7,-0.1667004193952711,-0.10326153922690413,0.09404211122651308,-0.1852183905024796,-0.1504577349493764,-0.16964025774124983,-0.16669657105724878,0.037012557832121616
H02,"H02|W=180;U=15|XT1800",XT1800,10708,PRIMARY,10553,7,-0.1569624565482644,-0.0897173268068528,0.0959916611390126,-0.17407863203403204,-0.14161249267895448,-0.16009132832636394,-0.15764531617515715,0.03648251681986165
H02,"H02|W=180;U=15|XT1800",XT1800,10708,NOINS,10553,7,-0.16019709723853393,-0.09441212726637031,0.0946650241637449,-0.1771871146194186,-0.14477936952565124,-0.1633268887972899,-0.16087252614726397,0.03638775703591396
H02,"H02|W=180;U=15|XT1800",XT1800,10708,L10,10314,7,-0.15143384490297448,-0.07772828030567903,0.09239868140391701,-0.16629113761947784,-0.139092225251563,-0.15433366692891595,-0.1527777750060516,0.03422532480124103
H02,"H02|W=180;U=15|XB",XB,10708,KILL,10591,7,-0.06016630938493144,-0.06407253870583565,0.17278821641015957,-0.06589672408802495,-0.05482216310744553,-0.060668587598153016,-0.060163618353282426,0.00849778113492588
H02,"H02|W=180;U=15|XB",XB,10708,PRIMARY,10553,7,-0.07365246916465666,-0.05290655811398032,0.17634795792665592,-0.08235173999703073,-0.06675404573759942,-0.07472444080568903,-0.0735710145516334,0.008244101203449256
H02,"H02|W=180;U=15|XB",XB,10708,NOINS,10553,7,-0.0772603309600744,-0.058943639178862195,0.17416848289585898,-0.08576063422569273,-0.07043544941593118,-0.07832960241988976,-0.0771715798838708,0.008149341419501563
H02,"H02|W=180;U=15|XB",XB,10708,L10,10314,7,-0.0747497625267767,-0.048783864310072075,0.17015706806282724,-0.0829647017077955,-0.06712065330401716,-0.07596141733264128,-0.07493598429862935,0.008435136707388016
H02,"H02|W=180;U=15|XR",XR,10708,KILL,10591,7,-0.05007556445415405,-0.065603104323168,0.14861675007081485,-0.056806607352564285,-0.04462958051377401,-0.052423320781684955,-0.0500741228008115,0.021338872627702767
H02,"H02|W=180;U=15|XR",XR,10708,PRIMARY,10553,7,-0.10027271470597507,-0.06582092802557314,0.12413531697147731,-0.11235428849124986,-0.08863019297157486,-0.10283429233118249,-0.1002220264035807,0.021320951388230834
H02,"H02|W=180;U=15|XR",XR,10708,NOINS,10553,7,-0.10379624288905,-0.07090160292650326,0.12252440064436652,-0.11582982627933225,-0.09226623161857951,-0.10635882245622955,-0.1037435484771528,0.021131431820335448
H02,"H02|W=180;U=15|XR",XR,10708,L10,10314,7,-0.0996565664224426,-0.06024671594825433,0.12235796005429514,-0.11178611196531052,-0.08794005740609129,-0.10229436923849157,-0.10038680028482401,0.02006980802792321
H02,"H02|W=180;U=15|XG",XG,10708,KILL,10591,7,-0.10089157577320151,-0.1572856076812099,0.06175054291379473,-0.11359568805962914,-0.08740114313250025,-0.10377505891648034,-0.10088781217610442,0.007459163440657161
H02,"H02|W=180;U=15|XG",XG,10708,PRIMARY,10553,7,-0.13376550708638033,-0.13186549897845348,0.06500521178811712,-0.14929915377167516,-0.11882167033397556,-0.13678879860906518,-0.13430089067369064,0.010707855586089264
H02,"H02|W=180;U=15|XG",XG,10708,NOINS,10553,7,-0.1370662187746192,-0.13710021477448678,0.06339429546100635,-0.15230090673878466,-0.12248078570286348,-0.14009026772412064,-0.13759435154663388,0.010328816450298494
H02,"H02|W=180;U=15|XG",XG,10708,L10,10314,7,-0.13396788775157242,-0.09979133869357416,0.06476633701764592,-0.14533791059691992,-0.1232343522963676,-0.13694622338161616,-0.13501489895057717,0.0144463835563312
H02,"H02|W=180;U=30|XT60",XT60,8717,KILL,8631,7,-0.05644673732631806,-0.0365037759315457,0.24620553817634108,-0.06062325267925149,-0.052466040975134055,-0.05732798454409935,-0.056443728926434504,0.004866180048661801
H02,"H02|W=180;U=30|XT60",XT60,8717,PRIMARY,8596,7,-0.0481780379855716,-0.027312711652764596,0.2575616565844579,-0.05290998826805889,-0.04361855373361531,-0.04910006717014797,-0.047751260178140284,0.005002326663564449
H02,"H02|W=180;U=30|XT60",XT60,8717,NOINS,8596,7,-0.05219687518076599,-0.03365591099493296,0.2533736621684504,-0.05698615481806185,-0.04761133822605678,-0.053118822832449085,-0.05177392148032641,0.004885993485342019
H02,"H02|W=180;U=30|XT60",XT60,8717,L10,8374,7,-0.044990292908650906,-0.027312711652764596,0.24779078098877477,-0.05117716462669715,-0.03953161343965122,-0.04616808269212348,-0.04448582101266873,0.0042990207786004295
H02,"H02|W=180;U=30|XT300",XT300,8717,KILL,8631,7,-0.10116655909529759,-0.0555523904283369,0.1954582319545823,-0.11122713451034179,-0.09161267121792997,-0.10303528528379174,-0.1011678788893237,0.018421967327076814
H02,"H02|W=180;U=30|XT300",XT300,8717,PRIMARY,8596,7,-0.09262809573068603,-0.046674651615803406,0.19765006979990693,-0.10311852661327012,-0.08306189784450005,-0.09435489191110356,-0.0927328851851595,0.018380642159143788
H02,"H02|W=180;U=30|XT300",XT300,8717,NOINS,8596,7,-0.0958848310266684,-0.05205853874793561,0.19555607259190322,-0.10641264117696954,-0.08631694635863245,-0.09761157209412608,-0.09598783127665421,0.01814797580269893
H02,"H02|W=180;U=30|XT300",XT300,8717,L10,8374,7,-0.08967186218408105,-0.0440623052250683,0.19106759016001912,-0.09961172891416784,-0.0804024741791076,-0.09149626146540107,-0.09056533255908046,0.018032003821351804
H02,"H02|W=180;U=30|XT1800",XT1800,8717,KILL,8631,7,-0.18822162330843153,-0.14893272971493957,0.10091530529486734,-0.21307771171499293,-0.16825582571796893,-0.19158038033228508,-0.18821901789886292,0.043911481867686245
H02,"H02|W=180;U=30|XT1800",XT1800,8717,PRIMARY,8596,7,-0.17883448822007947,-0.13077637980120874,0.10225686365751513,-0.20242569831407245,-0.15936479957480257,-0.18221868988329365,-0.1794601954031137,0.043275942298743604
H02,"H02|W=180;U=30|XT1800",XT1800,8717,NOINS,8596,7,-0.18178557415112825,-0.13498655958964273,0.10109353187529083,-0.2054711884814552,-0.1622953255040542,-0.18517080607596678,-0.18240167874870067,0.04315960912052117
H02,"H02|W=180;U=30|XT1800",XT1800,8717,L10,8374,7,-0.1736752836119355,-0.10691720693800111,0.09780272271315978,-0.19571420658669625,-0.1568012450233896,-0.17657798962035964,-0.1752350340005092,0.04060186290900406
H02,"H02|W=180;U=30|XB",XB,8717,KILL,8631,7,-0.0631756614599636,-0.07908861250684046,0.18468311898968834,-0.07013083673660321,-0.05638636100139089,-0.06366748596429783,-0.06317308449263803,0.010195805816243773
H02,"H02|W=180;U=30|XB",XB,8717,PRIMARY,8596,7,-0.07951730077333917,-0.06549075970231258,0.18857608189855746,-0.08914163844212539,-0.07109165765766752,-0.080835034098279,-0.07941198149685126,0.009888320148906468
H02,"H02|W=180;U=30|XB",XB,8717,NOINS,8596,7,-0.08293819089402263,-0.07142248139453575,0.18648208469055375,-0.09236877864683717,-0.07453438250165043,-0.0842524741284093,-0.08281956965758402,0.009771986970684038
H02,"H02|W=180;U=30|XB",XB,8717,L10,8374,7,-0.08005623133440735,-0.05997529867881082,0.18246954860281825,-0.08879991323524584,-0.07168546599721198,-0.08155059187791375,-0.08036462423332603,0.010031048483401002
H02,"H02|W=180;U=30|XR",XR,8717,KILL,8631,7,-0.055353628891016526,-0.07826179792050146,0.15826671301123857,-0.0631465254697349,-0.048060552502943776,-0.05789818853958262,-0.055351205076877866,0.02548951454060943
H02,"H02|W=180;U=30|XR",XR,8717,PRIMARY,8596,7,-0.11105559104889018,-0.08508696368812746,0.1318054909260121,-0.12509734140758488,-0.09786154562129028,-0.11365680100482163,-0.11079583924519881,0.025476966030711957
H02,"H02|W=180;U=30|XR",XR,8717,NOINS,8596,7,-0.11434291567899113,-0.08946966242360964,0.13029315960912052,-0.12836536931261913,-0.10112618590084894,-0.11694527330089065,-0.11408021691966248,0.025244299674267102
H02,"H02|W=180;U=30|XR",XR,8717,L10,8374,7,-0.11068373042364242,-0.07387227910693772,0.1310007165034631,-0.1250655566925716,-0.09729552736642068,-0.11330454468265788,-0.11148835679160336,0.0240028660138524
H02,"H02|W=180;U=30|XG",XG,8717,KILL,8631,7,-0.10721351369219935,-0.24493541614845032,0.06522998493801413,-0.12296081193392447,-0.09225674462655263,-0.11059425548782865,-0.10721103014174944,0.008921330089213302
H02,"H02|W=180;U=30|XG",XG,8717,PRIMARY,8596,7,-0.14552002249541127,-0.19642742120773188,0.06817124243834341,-0.16465417284044323,-0.12803563744511245,-0.14883812811918523,-0.14593712717223212,0.012563983248022336
H02,"H02|W=180;U=30|XG",XG,8717,NOINS,8596,7,-0.1486411288636185,-0.19994947455381512,0.06665891112145184,-0.1673047331195257,-0.13180412305249348,-0.1519600907837861,-0.149049522536037,0.01209865053513262
H02,"H02|W=180;U=30|XG",XG,8717,L10,8374,7,-0.14647409966085417,-0.1428306320220767,0.06842608072605684,-0.16064559747384863,-0.13497036235946355,-0.14956180109981476,-0.14755589022881183,0.016718414139001672
H02,"H02|W=180;U=60|XT60",XT60,5547,KILL,5490,7,-0.05762677498779138,-0.03705973600635173,0.29034608378870674,-0.06575260324595875,-0.04962007973666645,-0.05898998334266214,-0.05762293542582275,0.007650273224043716
H02,"H02|W=180;U=60|XT60",XT60,5547,PRIMARY,5460,7,-0.04989404410301725,-0.027771559862144746,0.3009157509157509,-0.059560480394217796,-0.04058552351478738,-0.051262484880861714,-0.04948807869507169,0.007692307692307693
H02,"H02|W=180;U=60|XT60",XT60,5547,NOINS,5460,7,-0.0533825449827461,-0.0336857999100944,0.2967032967032967,-0.0630947110417419,-0.044042683826437584,-0.05475170890468218,-0.05297874006824204,0.007509157509157509
H02,"H02|W=180;U=60|XT60",XT60,5547,L10,5268,7,-0.04792423893158635,-0.02786770316519254,0.2898633257403189,-0.057848441322360465,-0.03873430925647557,-0.0493548334070559,-0.04723207734499878,0.006643887623386484
H02,"H02|W=180;U=60|XT300",XT300,5547,KILL,5490,7,-0.1095422257783177,-0.07609168200587035,0.22513661202185792,-0.1276513944106971,-0.09256532342097576,-0.11241687932502245,-0.10954363296831929,0.027868852459016394
H02,"H02|W=180;U=60|XT300",XT300,5547,PRIMARY,5460,7,-0.10154527701771605,-0.06277737657390887,0.22673992673992674,-0.12026962353293463,-0.08486257497375965,-0.10424373692813112,-0.10214082924197951,0.02783882783882784
H02,"H02|W=180;U=60|XT300",XT300,5547,NOINS,5460,7,-0.1042275671706747,-0.06800232869167885,0.22545787545787546,-0.12305229273965054,-0.08754169530855861,-0.10692562449031237,-0.10481757400420655,0.027472527472527472
H02,"H02|W=180;U=60|XT300",XT300,5547,L10,5268,7,-0.10003234821437149,-0.05828172239335104,0.21848899012908124,-0.11712221555226007,-0.08328161001849586,-0.1029298711314464,-0.10190170351722574,0.02733485193621868
H02,"H02|W=180;U=60|XT1800",XT1800,5547,KILL,5490,7,-0.21441998403005919,-0.275897711556639,0.1209471766848816,-0.24359240922646205,-0.18724139137849663,-0.21971576509145474,-0.21441585736517474,0.062477231329690346
H02,"H02|W=180;U=60|XT1800",XT1800,5547,PRIMARY,5460,7,-0.20509130755842692,-0.25022575295939264,0.12252747252747252,-0.23237074095861923,-0.17919147237895072,-0.21043475915270926,-0.2062716040621007,0.06153846153846154
H02,"H02|W=180;U=60|XT1800",XT1800,5547,NOINS,5460,7,-0.20754393672204277,-0.2529439338694371,0.12106227106227106,-0.23473123246555833,-0.1814648503641867,-0.21288873661535287,-0.2087072512472728,0.06135531135531135
H02,"H02|W=180;U=60|XT1800",XT1800,5547,L10,5268,7,-0.2018718830262805,-0.20083313895210686,0.11769172361427487,-0.22592339328874878,-0.1809821113716484,-0.20644516266928783,-0.2047997616079977,0.05789673500379651
H02,"H02|W=180;U=60|XB",XB,5547,KILL,5490,7,-0.0630738420893132,-0.13236621561116363,0.21548269581056467,-0.07558633683847288,-0.0507421835914371,-0.0637378035227433,-0.06306723338073919,0.015300546448087432
H02,"H02|W=180;U=60|XB",XB,5547,PRIMARY,5460,7,-0.0867683782347631,-0.1048276594641184,0.21978021978021978,-0.10076976087082333,-0.07369842745831032,-0.08864237774896096,-0.08683007236800662,0.014835164835164835
H02,"H02|W=180;U=60|XB",XB,5547,NOINS,5460,7,-0.0895203808544916,-0.11055538697053077,0.2173992673992674,-0.10363009219432052,-0.07644000494200193,-0.09138879610145116,-0.08954961280053345,0.014652014652014652
H02,"H02|W=180;U=60|XB",XB,5547,L10,5268,7,-0.08808923092223517,-0.08446648982043065,0.2126044039483675,-0.09997366384594115,-0.07679260063628303,-0.0903473110435524,-0.08862192757810584,0.015186028853454821
H02,"H02|W=180;U=60|XR",XR,5547,KILL,5490,7,-0.05620095841821316,-0.10546790209442317,0.18360655737704917,-0.06953127462724339,-0.04238379286880712,-0.060202599139273935,-0.05619393062067753,0.03570127504553734
H02,"H02|W=180;U=60|XR",XR,5547,PRIMARY,5460,7,-0.12167672047284317,-0.1275472903451376,0.15457875457875458,-0.14005202283204765,-0.10389427555014427,-0.12577861905074247,-0.1216687931281468,0.03571428571428571
H02,"H02|W=180;U=60|XR",XR,5547,NOINS,5460,7,-0.1246378832666906,-0.13102115067042125,0.15256410256410258,-0.14309664776975808,-0.1066985599635508,-0.12874140973686624,-0.12462343974594274,0.03534798534798535
H02,"H02|W=180;U=60|XR",XR,5547,L10,5268,7,-0.12185666364114121,-0.10937302994298517,0.15527714502657555,-0.13846868273305135,-0.10624937343455858,-0.1260299504335192,-0.12357345550229365,0.033599088838268794
H02,"H02|W=180;U=60|XG",XG,5547,KILL,5490,7,-0.11623177119368279,-0.3022103974926621,0.07613843351548269,-0.13804538292615964,-0.09312268907111963,-0.12118983792568377,-0.11622432610996937,0.012568306010928962
H02,"H02|W=180;U=60|XG",XG,5547,PRIMARY,5460,7,-0.16503283280011274,-0.27280165609772966,0.07893772893772893,-0.18930114169609732,-0.14171987484835463,-0.1700473278070478,-0.16588463956940372,0.018131868131868133
H02,"H02|W=180;U=60|XG",XG,5547,NOINS,5460,7,-0.16709139836180018,-0.27418756332760563,0.07747252747252747,-0.1912847180451534,-0.14383813437987575,-0.1721067497686822,-0.16792407111394492,0.0173992673992674
H02,"H02|W=180;U=60|XG",XG,5547,L10,5268,7,-0.1673118190111287,-0.21894112253224723,0.07953682611996962,-0.18507914727477895,-0.15002714469309045,-0.17174694763187914,-0.1692573345629258,0.02410782080485953
H03,"H03|D=30;F=3|XT60",XT60,8955,KILL,8874,7,-0.05363260115728175,-0.054702002480022535,0.4133423484336263,-0.06508694091650774,-0.04188941943835708,-0.05559432312299066,-0.0536322486999482,0.00552174892945684
H03,"H03|D=30;F=3|XT60",XT60,8955,PRIMARY,8445,7,-0.06317088731548079,-0.05674141449653191,0.40023682652457077,-0.07299949766836547,-0.05266448369409573,-0.06501959750632004,-0.06300847833172861,0.0053285968028419185
H03,"H03|D=30;F=3|XT60",XT60,8955,NOINS,8445,7,-0.0656629841679659,-0.06000939335212968,0.3950266429840142,-0.07545663459140421,-0.05524284626299585,-0.06751257590297881,-0.0655141791232284,0.0053285968028419185
H03,"H03|D=30;F=3|XT60",XT60,8955,L10,7926,7,-0.06982796143290493,-0.057072766926578755,0.37648246278072167,-0.08004069707436916,-0.059729235082035544,-0.0714116393125557,-0.07001901985580729,0.0040373454453696694
H03,"H03|D=30;F=3|XT300",XT300,8955,KILL,8874,7,-0.12090568930965336,-0.2965890751703895,0.2927653820148749,-0.13846595814042487,-0.10222077183444105,-0.12374686944815441,-0.12090787787928665,0.021523551949515437
H03,"H03|D=30;F=3|XT300",XT300,8955,PRIMARY,8445,7,-0.12851516397099452,-0.29632047026640895,0.28608644168146835,-0.14589471924799824,-0.1110237220113285,-0.13114317011163398,-0.12895192553602802,0.021314387211367674
H03,"H03|D=30;F=3|XT300",XT300,8955,NOINS,8445,7,-0.12983515504135967,-0.298049078097164,0.28549437537004146,-0.147163997064097,-0.11241909362300039,-0.1324628148380855,-0.13027363372615808,0.0211959739490823
H03,"H03|D=30;F=3|XT300",XT300,8955,L10,7926,7,-0.12796882061913023,-0.2659976708948759,0.2735301539237951,-0.1427216660250978,-0.11302535546232519,-0.13118223225028708,-0.12920593610478026,0.019934393136512744
H03,"H03|D=30;F=3|XT1800",XT1800,8955,KILL,8874,7,-0.2373262045449107,-0.49218063777921495,0.14931259860265944,-0.2547989305099573,-0.2155354104654021,-0.24083120599446659,-0.23732122175192186,0.05420329051160694
H03,"H03|D=30;F=3|XT1800",XT1800,8955,PRIMARY,8445,7,-0.2486877927860423,-0.4915001811040178,0.14493783303730018,-0.2651198009741342,-0.2280747891879445,-0.2519687365710802,-0.24889092895562318,0.05316755476613381
H03,"H03|D=30;F=3|XT1800",XT1800,8955,NOINS,8445,7,-0.24964359894594942,-0.49246143340243803,0.14422735346358792,-0.26589222309725064,-0.2293276059470549,-0.2529248823790543,-0.24985444790108013,0.05304914150384843
H03,"H03|D=30;F=3|XT1800",XT1800,8955,L10,7926,7,-0.24584984973371643,-0.4665594434124326,0.13865758263941458,-0.2681699456078258,-0.2205940528894091,-0.24980252217493293,-0.24914141321286104,0.04844814534443603
H03,"H03|D=30;F=3|XB",XB,8955,KILL,8874,7,-0.03988526295292706,-0.3036360031839212,0.3328825783186838,-0.048840913092469476,-0.030839062472135352,-0.04051604486764271,-0.03988818977962356,0.008226279017354067
H03,"H03|D=30;F=3|XB",XB,8955,PRIMARY,8445,7,-0.09535380708891786,-0.3031519274169972,0.31746595618709295,-0.11145746275788776,-0.07904204603854197,-0.09635245424299578,-0.09588828852276242,0.008999407933688574
H03,"H03|D=30;F=3|XB",XB,8955,NOINS,8445,7,-0.09809500397433212,-0.3037249671428876,0.31450562462995857,-0.11332261430629907,-0.08267324500490068,-0.09909163813258566,-0.0986665729935748,0.008880994671403197
H03,"H03|D=30;F=3|XB",XB,8955,L10,7926,7,-0.10528660932962389,-0.2759454416716205,0.2948523845571537,-0.12075737552711556,-0.08901402761797303,-0.10676672589947066,-0.10621027027481121,0.008957860206913955
H03,"H03|D=30;F=3|XR",XR,8955,KILL,8874,7,-0.015911285212531497,-0.22385096761355155,0.27586206896551724,-0.0285957482883528,-0.000734192278341164,-0.01899847826733777,-0.015914170833429317,0.027270678386297046
H03,"H03|D=30;F=3|XR",XR,8955,PRIMARY,8445,7,-0.1463984604559115,-0.29847416212976374,0.20355239786856127,-0.15952164042403533,-0.13117059876911935,-0.14964305408731202,-0.14690755652576032,0.027116637063351094
H03,"H03|D=30;F=3|XR",XR,8955,NOINS,8445,7,-0.14779182344792824,-0.3007228410169322,0.20260509177027827,-0.16089179862084443,-0.1326855479080776,-0.15103691222022886,-0.1483069246035765,0.02699822380106572
H03,"H03|D=30;F=3|XR",XR,8955,L10,7926,7,-0.1534020534097362,-0.28789737882529864,0.19782992682311382,-0.16570081831343325,-0.13691892296337063,-0.15725188559156023,-0.1552913264025452,0.025738077214231644
H03,"H03|D=30;F=3|XG",XG,8955,KILL,8874,7,-0.1107316389885526,-0.30967886672304856,0.10018030200585981,-0.12382658081970231,-0.09655031022326109,-0.11411984519624573,-0.110732620373439,0.011945007888212756
H03,"H03|D=30;F=3|XG",XG,8955,PRIMARY,8445,7,-0.1970271791833814,-0.33537007315189254,0.09816459443457667,-0.21196896670720966,-0.1797628816258007,-0.20035419724078093,-0.19714901016396186,0.018354055654233273
H03,"H03|D=30;F=3|XG",XG,8955,NOINS,8445,7,-0.19807372047602392,-0.3361390622360354,0.09757252812314979,-0.2133042402185548,-0.18063617078352118,-0.20140066998889825,-0.19817808749493793,0.018354055654233273
H03,"H03|D=30;F=3|XG",XG,8955,L10,7926,7,-0.2052317803137303,-0.3325218795180719,0.09803179409538229,-0.22554261805763673,-0.181328534441985,-0.20919341906151295,-0.20773283986614005,0.022836235175372192
H03,"H03|D=30;F=8|XT60",XT60,4441,KILL,4406,7,-0.060101851604610075,-0.05418802049649271,0.4164775306400363,-0.07668572776197266,-0.04196153069038902,-0.0632785861579969,-0.06011029142796178,0.01270994098955969
H03,"H03|D=30;F=8|XT60",XT60,4441,PRIMARY,4161,7,-0.0611182315775298,-0.049944887867738874,0.4260994953136265,-0.07012950408784265,-0.0501222696779708,-0.06378777098161055,-0.06030393036921678,0.011535688536409516
H03,"H03|D=30;F=8|XT60",XT60,4441,NOINS,4161,7,-0.06270354566937916,-0.05146033767037616,0.42249459264599853,-0.07163059645004347,-0.051734698427866425,-0.06537376544994304,-0.06189774353180336,0.011535688536409516
H03,"H03|D=30;F=8|XT60",XT60,4441,L10,3845,7,-0.06909447470663442,-0.049162901026229514,0.41716514954486345,-0.07683050485475915,-0.06053621145482651,-0.07125868114518251,-0.0679268986035506,0.009362808842652795
H03,"H03|D=30;F=8|XT300",XT300,4441,KILL,4406,7,-0.13419796705725795,-0.358410283070494,0.3334089877439855,-0.15788410166844033,-0.10657756979427732,-0.13849246721288633,-0.13420850548643304,0.0463004993191103
H03,"H03|D=30;F=8|XT300",XT300,4441,PRIMARY,4161,7,-0.13446257473252723,-0.33576035399623905,0.33357366017784185,-0.15830258969361688,-0.10632370181008634,-0.13887121883085551,-0.13410642406373524,0.045662100456621
H03,"H03|D=30;F=8|XT300",XT300,4441,NOINS,4161,7,-0.13526616040067785,-0.33648934085834475,0.3330930064888248,-0.15927654058021193,-0.10718604581185476,-0.13967538427449785,-0.1349061704417373,0.04518144676760394
H03,"H03|D=30;F=8|XT300",XT300,4441,L10,3845,7,-0.139841114821515,-0.2855980133869628,0.32249674902470743,-0.16533010857663086,-0.11263421360658353,-0.1457992728406124,-0.1406903485437139,0.042652795838751624
H03,"H03|D=30;F=8|XT1800",XT1800,4441,KILL,4406,7,-0.24969240320515115,-0.6252830903935127,0.20040853381752155,-0.27742041390185296,-0.21794037265331234,-0.2546362430640602,-0.24969147574631329,0.10962324103495234
H03,"H03|D=30;F=8|XT1800",XT1800,4441,PRIMARY,4161,7,-0.25397331859026256,-0.6250431350410862,0.20115356885364094,-0.2815651315771039,-0.22121823579965696,-0.25869487585228457,-0.2544198592882209,0.10934871425138187
H03,"H03|D=30;F=8|XT1800",XT1800,4441,NOINS,4161,7,-0.25491490601066713,-0.6251573233530684,0.2009132420091324,-0.28229984067065483,-0.22245679923043496,-0.25963714260569454,-0.255370593577578,0.10886806056236481
H03,"H03|D=30;F=8|XT1800",XT1800,4441,L10,3845,7,-0.25586632556438893,-0.6020073233325917,0.19375812743823148,-0.2879039861688135,-0.22350509186887896,-0.26346931531729967,-0.2616824474271855,0.10039011703511053
H03,"H03|D=30;F=8|XB",XB,4441,KILL,4406,7,-0.012548154798908494,-0.3046636634993284,0.37380844303222877,-0.021863256757651,-0.0031336561274389434,-0.013770257741605438,-0.012553185612338123,0.019745801180208807
H03,"H03|D=30;F=8|XB",XB,4441,PRIMARY,4161,7,-0.0880099067740934,-0.3033650032400544,0.3513578466714732,-0.10577079043584603,-0.06941483795090064,-0.08948371835410096,-0.08740956115504814,0.02259072338380197
H03,"H03|D=30;F=8|XB",XB,4441,NOINS,4161,7,-0.08917526288081043,-0.3039054144855761,0.3501562124489305,-0.10742233202121626,-0.07014180898215741,-0.0906479127939315,-0.08856824688303548,0.022110069694784906
H03,"H03|D=30;F=8|XB",XB,4441,L10,3845,7,-0.10016325935694531,-0.2608605577408847,0.3308192457737321,-0.11354755385071047,-0.08770882730184637,-0.10227466352159881,-0.09912013949124732,0.0223667100130039
H03,"H03|D=30;F=8|XR",XR,4441,KILL,4406,7,-0.008278795746023825,-0.21013153076961344,0.29868361325465276,-0.02494962761782314,0.008362324121205156,-0.012256812051211883,-0.008290805428553144,0.05787562414888788
H03,"H03|D=30;F=8|XR",XR,4441,PRIMARY,4161,7,-0.14145725574180273,-0.2899366514638728,0.24369142033165103,-0.15948073120014508,-0.11865134757894907,-0.14569849961973108,-0.1410832996917815,0.058399423215573176
H03,"H03|D=30;F=8|XR",XR,4441,NOINS,4161,7,-0.1425932376964611,-0.29187113287966904,0.2427301129536169,-0.1601888755806946,-0.12030084919207877,-0.14683530115938662,-0.14222753447733294,0.05791876952655611
H03,"H03|D=30;F=8|XR",XR,4441,L10,3845,7,-0.1456227628754592,-0.2666260648842593,0.24265279583875163,-0.16925883780229642,-0.11699723260992556,-0.15184488565275187,-0.14751543509687934,0.05617685305591678
H03,"H03|D=30;F=8|XG",XG,4441,KILL,4406,7,-0.08011101457713705,-0.3125203372966519,0.13231956423059466,-0.09420493082978777,-0.06384831873091461,-0.0847972546222748,-0.080108839277138,0.02292328642759873
H03,"H03|D=30;F=8|XG",XG,4441,PRIMARY,4161,7,-0.18587136537790772,-0.34569533304021793,0.1316991107906753,-0.2053954524474987,-0.16309863948960734,-0.19099951424248315,-0.18728916720967645,0.03484739245373708
H03,"H03|D=30;F=8|XG",XG,4441,NOINS,4161,7,-0.1859934276949507,-0.3460687322283168,0.1316991107906753,-0.20583705973338373,-0.16294205158328293,-0.1911216473064444,-0.1873816571766196,0.034126411920211486
H03,"H03|D=30;F=8|XG",XG,4441,L10,3845,7,-0.19055176977474292,-0.34139207017019063,0.13342002600780234,-0.2179499009352941,-0.16021078352928292,-0.19871874470031836,-0.19498381082307228,0.04655396618985696
H03,"H03|D=120;F=3|XT60",XT60,10435,KILL,10325,7,-0.06518406576694459,-0.046390886025570864,0.3915738498789346,-0.07302109802665256,-0.05634064136678524,-0.06689288139681102,-0.06518697909045579,0.004164648910411622
H03,"H03|D=120;F=3|XT60",XT60,10435,PRIMARY,9965,7,-0.06757945649275234,-0.04310291626327087,0.3835423983943803,-0.0752797138151215,-0.06003131611093024,-0.06895721157493624,-0.06727925086168855,0.0035122930255895636
H03,"H03|D=120;F=3|XT60",XT60,10435,NOINS,9965,7,-0.07045053217396346,-0.04706774781378861,0.37782237832413446,-0.07808484349513628,-0.06294026278877524,-0.0718287838891225,-0.07015911749593574,0.0035122930255895636
H03,"H03|D=120;F=3|XT60",XT60,10435,L10,9473,7,-0.0674989680608248,-0.042373300705100043,0.36545972764699675,-0.07462643091389004,-0.06096774284245239,-0.06861780508246251,-0.06751458191677887,0.0034835849255779585
H03,"H03|D=120;F=3|XT300",XT300,10435,KILL,10325,7,-0.13232296809560612,-0.2849764390631203,0.2762227602905569,-0.1449536837766383,-0.11962995829136044,-0.13483006372530673,-0.1323249420885659,0.01801452784503632
H03,"H03|D=120;F=3|XT300",XT300,10435,PRIMARY,9965,7,-0.1335989060345977,-0.267466254304576,0.2733567486201706,-0.1463383381742245,-0.12245585551332906,-0.1358297365050218,-0.1336976807801203,0.0173607626693427
H03,"H03|D=120;F=3|XT300",XT300,10435,NOINS,9965,7,-0.13536014474750002,-0.2699690719540378,0.2719518314099348,-0.14804142901387674,-0.12429219796817619,-0.137590814597674,-0.13545347291928025,0.01716006021073758
H03,"H03|D=120;F=3|XT300",XT300,10435,L10,9473,7,-0.13073027828808514,-0.2316771479729766,0.2625356275731025,-0.14230305159436216,-0.11827168589650551,-0.13340206143761257,-0.1324595334233579,0.015623350575319328
H03,"H03|D=120;F=3|XT1800",XT1800,10435,KILL,10325,7,-0.23136008194817637,-0.4350508832870187,0.14169491525423727,-0.25333195278624027,-0.20840557632172815,-0.23441502396754965,-0.2313622201555915,0.04406779661016949
H03,"H03|D=120;F=3|XT1800",XT1800,10435,PRIMARY,9965,7,-0.23180079774640508,-0.42719436392465177,0.13878575012543903,-0.253844617993609,-0.20959500037860665,-0.2349211784576777,-0.23211667178264314,0.04305067737079779
H03,"H03|D=120;F=3|XT1800",XT1800,10435,NOINS,9965,7,-0.23312896339314668,-0.42863826981669245,0.13808329152032112,-0.25499436246459495,-0.21109899358608963,-0.2362497440599609,-0.23344301242074786,0.042950326141495236
H03,"H03|D=120;F=3|XT1800",XT1800,10435,L10,9473,7,-0.22644915329764362,-0.39680249369941994,0.13300960624934022,-0.25283181683046996,-0.20100052371399535,-0.2299173067072113,-0.23060030534306253,0.03916393961786129
H03,"H03|D=120;F=3|XB",XB,10435,KILL,10325,7,-0.061432887984468325,-0.3029612855081837,0.30004842615012106,-0.07049799440238053,-0.05543760826107776,-0.061997969724916197,-0.061435107170547336,0.006779661016949152
H03,"H03|D=120;F=3|XB",XB,10435,PRIMARY,9965,7,-0.10647106965023208,-0.300618787844698,0.28911189162067236,-0.11515897429284257,-0.10000181748348536,-0.10725791088986202,-0.10694537419401658,0.007626693426994481
H03,"H03|D=120;F=3|XB",XB,10435,NOINS,9965,7,-0.1092671890629299,-0.3012519054992258,0.28640240842950326,-0.1176424273851726,-0.10276218686201151,-0.11005325224538715,-0.10975018694609584,0.007526342197691922
H03,"H03|D=120;F=3|XB",XB,10435,L10,9473,7,-0.10912468722930246,-0.2648021377553569,0.27298638234983635,-0.11544464649581627,-0.10431045386870795,-0.1101235774453887,-0.11089629214863933,0.00812836482634857
H03,"H03|D=120;F=3|XR",XR,10435,KILL,10325,7,-0.037696345416764386,-0.22710676085766876,0.24997578692493946,-0.05244765749450954,-0.023573940639625143,-0.04052363191908413,-0.0377002039174219,0.023535108958837772
H03,"H03|D=120;F=3|XR",XR,10435,PRIMARY,9965,7,-0.1493442412076068,-0.2879144115083382,0.18866031108881084,-0.16285780216974707,-0.13392240456571572,-0.15225753776340803,-0.14932928009265575,0.023381836427496236
H03,"H03|D=120;F=3|XR",XR,10435,NOINS,9965,7,-0.1510329457372847,-0.2908214295117909,0.18765679879578526,-0.16450469532109965,-0.13577418141518768,-0.15394675082688522,-0.15101042803761722,0.023281485198193678
H03,"H03|D=120;F=3|XR",XR,10435,L10,9473,7,-0.15062487252510978,-0.273707578900692,0.18452443787606881,-0.1669203722666421,-0.13281932000417454,-0.15402553250576095,-0.153325959041187,0.022379394067349307
H03,"H03|D=120;F=3|XG",XG,10435,KILL,10325,7,-0.11875532080470254,-0.30849224416695686,0.09404358353510896,-0.1339864238656555,-0.10152622008109571,-0.12166956691145697,-0.11875464685355068,0.010653753026634382
H03,"H03|D=120;F=3|XG",XG,10435,PRIMARY,9965,7,-0.19253998411896187,-0.32793027036434813,0.09322629202207727,-0.21084666535383945,-0.17191694851357253,-0.19549734889393777,-0.1930433224706846,0.01625689914701455
H03,"H03|D=120;F=3|XG",XG,10435,NOINS,9965,7,-0.19377524431875578,-0.32859029019529495,0.09262418464626192,-0.21237631798512885,-0.17281498519974045,-0.196732524206893,-0.19426352312641373,0.016156547917711993
H03,"H03|D=120;F=3|XG",XG,10435,L10,9473,7,-0.1995516102074998,-0.3207574356156601,0.09384566663147895,-0.2211305020720556,-0.17447374698691026,-0.20295924773902665,-0.20307899244831043,0.020057004116964004
H03,"H03|D=120;F=8|XT60",XT60,6896,KILL,6828,7,-0.07360158278814542,-0.05525241530272126,0.4108084358523726,-0.0825945204689689,-0.06291628003458148,-0.07568641303165548,-0.07360511673191375,0.006590509666080844
H03,"H03|D=120;F=8|XT60",XT60,6896,PRIMARY,6598,7,-0.07744836318810797,-0.05275571672514853,0.4054258866323128,-0.08521608949643884,-0.06932692955714044,-0.07885921380828753,-0.07719916372690638,0.005456198848135798
H03,"H03|D=120;F=8|XT60",XT60,6896,NOINS,6598,7,-0.07955654277128638,-0.055146561110833624,0.4022431039709003,-0.08722302357907226,-0.07153986714051294,-0.08096713014480005,-0.07931438790278408,0.005456198848135798
H03,"H03|D=120;F=8|XT60",XT60,6896,L10,6179,7,-0.07162930743786813,-0.04871868097850755,0.40038841236446027,-0.07992407105732015,-0.06344011755826678,-0.0727955691267846,-0.07126805231907736,0.005340670011328694
H03,"H03|D=120;F=8|XT300",XT300,6896,KILL,6828,7,-0.14199321014642688,-0.38961020347246406,0.30199179847686,-0.15813811045536452,-0.12627103638571915,-0.14491759727604883,-0.14199173113652583,0.027240773286467488
H03,"H03|D=120;F=8|XT300",XT300,6896,PRIMARY,6598,7,-0.14759731869978163,-0.37422848026241184,0.29721127614428616,-0.16550257002750526,-0.13172479243566912,-0.15067070972096885,-0.14831911867174494,0.02622006668687481
H03,"H03|D=120;F=8|XT300",XT300,6896,NOINS,6598,7,-0.1485799343090768,-0.37605400560479496,0.2966050318278266,-0.16644306140143142,-0.13278978043488007,-0.15165273371433197,-0.14929576026841407,0.025916944528645045
H03,"H03|D=120;F=8|XT300",XT300,6896,L10,6179,7,-0.1439039230880624,-0.3199635729130474,0.28791066515617414,-0.1603229214976244,-0.12669051644156795,-0.1476658814296521,-0.14560370991989607,0.023952095808383235
H03,"H03|D=120;F=8|XT1800",XT1800,6896,KILL,6828,7,-0.2675438956930302,-0.5640346301179047,0.15978324545987113,-0.29570055149585545,-0.2392544757875364,-0.2710406537647085,-0.2675370192345654,0.06649091974223785
H03,"H03|D=120;F=8|XT1800",XT1800,6896,PRIMARY,6598,7,-0.272959294384294,-0.5600847526075478,0.1570172779630191,-0.30077530536836766,-0.24522966585205644,-0.27683701516368586,-0.27392211685649187,0.06411033646559564
H03,"H03|D=120;F=8|XT1800",XT1800,6896,NOINS,6598,7,-0.27367375861476917,-0.5606509727884305,0.15686571688390422,-0.3014019085577856,-0.24620139353220688,-0.27755180437717775,-0.27463645979229345,0.06395877538648075
H03,"H03|D=120;F=8|XT1800",XT1800,6896,L10,6179,7,-0.2670494133314262,-0.5388841553121857,0.1497005988023952,-0.30300950832484946,-0.2354967623044121,-0.271489829486044,-0.27220986822198534,0.05923288558019097
H03,"H03|D=120;F=8|XB",XB,6896,KILL,6828,7,-0.0411786968713362,-0.30535551962588925,0.336115992970123,-0.0507474087880753,-0.032783514899021246,-0.041998003365900885,-0.04118018150625052,0.010984182776801407
H03,"H03|D=120;F=8|XB",XB,6896,PRIMARY,6598,7,-0.10708057923680388,-0.31108834304015076,0.3226735374355865,-0.11699909393390717,-0.09859598270723105,-0.10801731125086764,-0.10756346396153435,0.012428008487420431
H03,"H03|D=120;F=8|XB",XB,6896,NOINS,6598,7,-0.10974283404857052,-0.31155322599533686,0.3204001212488633,-0.11958960664550954,-0.1009024078191684,-0.11067826341606898,-0.11021763470007714,0.012276447408305547
H03,"H03|D=120;F=8|XB",XB,6896,L10,6179,7,-0.10869110006505432,-0.2886123578413887,0.3110535685385985,-0.11648924749122185,-0.10074841873439543,-0.11008639399169831,-0.10954663136736091,0.01262340184495873
H03,"H03|D=120;F=8|XR",XR,6896,KILL,6828,7,-0.022080256348641223,-0.2265403412765534,0.2722612770943175,-0.03912625801644156,-0.005562568907065671,-0.025251856988514357,-0.022079148658417685,0.035442296426479204
H03,"H03|D=120;F=8|XR",XR,6896,PRIMARY,6598,7,-0.16237422232915455,-0.3224363573950825,0.20657775083358593,-0.17431504236735387,-0.14688252446688427,-0.1656679605208594,-0.16301097453880495,0.03485904819642316
H03,"H03|D=120;F=8|XR",XR,6896,NOINS,6598,7,-0.16336976034501047,-0.3245214633401895,0.20642618975447105,-0.17534297391202058,-0.14791705807210864,-0.1666639513851508,-0.16398102614335705,0.034707487117308276
H03,"H03|D=120;F=8|XR",XR,6896,L10,6179,7,-0.16116496273246306,-0.30832961801492836,0.20909532286777796,-0.17891475669577156,-0.1387287734252143,-0.16554483167268613,-0.16521263484711682,0.03398608189027351
H03,"H03|D=120;F=8|XG",XG,6896,KILL,6828,7,-0.10573978351248697,-0.31196959852743644,0.1057410661980082,-0.1256450030145123,-0.0856745629515507,-0.10893980702331602,-0.10572859921616096,0.015524311657879321
H03,"H03|D=120;F=8|XG",XG,6896,PRIMARY,6598,7,-0.20886697758909525,-0.3574189339101905,0.10321309487723553,-0.23225364755411917,-0.1847006047688502,-0.2127914694585274,-0.21088883766079047,0.023643528341921793
H03,"H03|D=120;F=8|XG",XG,6896,NOINS,6598,7,-0.20935817926130224,-0.3580078311340414,0.10306153379812064,-0.23268044684207356,-0.1851728222864905,-0.21328273141288853,-0.2113602411067459,0.02349196726280691
H03,"H03|D=120;F=8|XG",XG,6896,L10,6179,7,-0.21719048454030576,-0.36366909097038114,0.1043858229486972,-0.2455334996408902,-0.18434060902569607,-0.2220459773984061,-0.2214274955028293,0.029616442790095485
H04,"H04|A=300;r=0.6|XT60",XT60,452,KILL,448,7,-0.053457289604289845,-0.01470478583155067,0.4419642857142857,-0.08356011673699665,-0.021576893132165823,-0.05965752767562613,-0.05345710005859899,0.004464285714285714
H04,"H04|A=300;r=0.6|XT60",XT60,452,PRIMARY,447,7,-0.05044483015605799,-0.006614984266520154,0.47874720357941836,-0.08063929996602273,-0.018268802381131252,-0.056453787671907354,-0.050187313632824256,0.0022371364653243847
H04,"H04|A=300;r=0.6|XT60",XT60,452,NOINS,447,7,-0.05321918330550658,-0.009592567803806004,0.4720357941834452,-0.08335178529831053,-0.021203873918572463,-0.059228443831433296,-0.052962286793380435,0.0022371364653243847
H04,"H04|A=300;r=0.6|XT60",XT60,452,L10,441,7,-0.050374051721247856,-0.002679639031692996,0.4852607709750567,-0.0827000482229523,-0.014463667240081197,-0.056324000797710876,-0.05120729897146353,0.0022675736961451248
H04,"H04|A=300;r=0.6|XT300",XT300,452,KILL,448,7,-0.12395125486596678,-0.06720363166011642,0.4174107142857143,-0.1529826459644578,-0.09168109935058505,-0.1380419889199137,-0.12395734051650154,0.011160714285714286
H04,"H04|A=300;r=0.6|XT300",XT300,452,PRIMARY,447,7,-0.12581263717583058,-0.0678843114729534,0.4161073825503356,-0.1478101792122926,-0.10332651390867358,-0.13959572249062643,-0.12570090025990946,0.008948545861297539
H04,"H04|A=300;r=0.6|XT300",XT300,452,NOINS,447,7,-0.127426502997642,-0.07076232955396833,0.4116331096196868,-0.1494937374991692,-0.10489449230597578,-0.1412130253376151,-0.12731444046986493,0.008948545861297539
H04,"H04|A=300;r=0.6|XT300",XT300,452,L10,441,7,-0.13716649311695417,-0.08165587587542569,0.3922902494331066,-0.1507324379457147,-0.12119974615569107,-0.15120657476329194,-0.1391253809150926,0.009070294784580499
H04,"H04|A=300;r=0.6|XT1800",XT1800,452,KILL,448,7,-0.38556496792495104,-0.63711633252077,0.16741071428571427,-0.4626687229560144,-0.3120058302020871,-0.41070630941567887,-0.3855707211583192,0.05803571428571429
H04,"H04|A=300;r=0.6|XT1800",XT1800,452,PRIMARY,447,7,-0.3837786137447764,-0.6371272763598221,0.16778523489932887,-0.4597178517048814,-0.30708793318415073,-0.4076133701760934,-0.3837115135858386,0.05592841163310962
H04,"H04|A=300;r=0.6|XT1800",XT1800,452,NOINS,447,7,-0.38429427653564485,-0.6377148893661655,0.16778523489932887,-0.46014067377317974,-0.3076626402559717,-0.4081325170689317,-0.38422671429565297,0.05592841163310962
H04,"H04|A=300;r=0.6|XT1800",XT1800,452,L10,441,7,-0.38078153298915046,-0.6259671157022068,0.16099773242630386,-0.45594685332722307,-0.3102720346794038,-0.4044725489055971,-0.3841387945310409,0.05442176870748299
H04,"H04|A=300;r=0.6|XB",XB,452,KILL,448,7,-0.026603054621258965,-0.30389282622755087,0.37276785714285715,-0.06604349929480781,0.017077451317063213,-0.03435831601222623,-0.02660704195922674,0.008928571428571428
H04,"H04|A=300;r=0.6|XB",XB,452,PRIMARY,447,7,-0.13907270320018061,-0.3195064082713151,0.3691275167785235,-0.18420807695048488,-0.092443288256856,-0.1484382958138363,-0.1390762233942184,0.008948545861297539
H04,"H04|A=300;r=0.6|XB",XB,452,NOINS,447,7,-0.1393104065437916,-0.320424165880457,0.3691275167785235,-0.18443032545434768,-0.0924613598393389,-0.14865808445267398,-0.13931823624441997,0.008948545861297539
H04,"H04|A=300;r=0.6|XB",XB,452,L10,441,7,-0.16056441345764738,-0.32133410311979765,0.35147392290249435,-0.20834665699826635,-0.11497169715147458,-0.16900251068916142,-0.1624111261760844,0.009070294784580499
H04,"H04|A=300;r=0.6|XR",XR,452,KILL,448,7,-0.03920625440546118,-0.20587607084224666,0.30357142857142855,-0.07437815598206894,0.0012944228620370012,-0.061538213691897554,-0.03921539012734787,0.04017857142857143
H04,"H04|A=300;r=0.6|XR",XR,452,PRIMARY,447,7,-0.3053671906486009,-0.433547984616153,0.19015659955257272,-0.3547483796593402,-0.25673540736815553,-0.3282766144910884,-0.3052220646095868,0.03803131991051454
H04,"H04|A=300;r=0.6|XR",XR,452,NOINS,447,7,-0.30658515742922965,-0.43505395334898356,0.19015659955257272,-0.3556096333204503,-0.25750112054914415,-0.3295028106889685,-0.30643849676999274,0.03803131991051454
H04,"H04|A=300;r=0.6|XR",XR,452,L10,441,7,-0.3202179323158158,-0.44925795914289995,0.17233560090702948,-0.3859730388663391,-0.258162936654334,-0.34312332329053896,-0.3240572175034536,0.036281179138321996
H04,"H04|A=300;r=0.6|XG",XG,452,KILL,448,7,-0.13109364783651994,-0.3132793542609821,0.12946428571428573,-0.18336601406094385,-0.08400812924003181,-0.16371007094341355,-0.13106677384278106,0.017857142857142856
H04,"H04|A=300;r=0.6|XG",XG,452,PRIMARY,447,7,-0.3310691525657774,-0.5035108236351831,0.12751677852348994,-0.39956736314431684,-0.2607020692315493,-0.35985146968677517,-0.33129097804954116,0.020134228187919462
H04,"H04|A=300;r=0.6|XG",XG,452,NOINS,447,7,-0.3316799857886172,-0.5044954198092003,0.12751677852348994,-0.3999644708887229,-0.26147854726452396,-0.36045247639433,-0.33190224036528126,0.020134228187919462
H04,"H04|A=300;r=0.6|XG",XG,452,L10,441,7,-0.36763329268232575,-0.5287037232198185,0.11564625850340136,-0.4384710341560976,-0.29470907147825387,-0.38971619684763514,-0.37214407857718335,0.027210884353741496
H04,"H04|A=300;r=0.8|XT60",XT60,162,KILL,161,7,-0.08771874043901148,-0.006698741356151435,0.4658385093167702,-0.13480023469611838,-0.03444376541212085,-0.09886567204348896,-0.08771443259094128,0
H04,"H04|A=300;r=0.8|XT60",XT60,162,PRIMARY,161,7,-0.0835443186627277,0.0027614443557039577,0.5093167701863354,-0.12549789007395437,-0.036825336545076436,-0.09273969341582738,-0.08415218417529013,0
H04,"H04|A=300;r=0.8|XT60",XT60,162,NOINS,161,7,-0.08618923856690079,0.0003571532207188131,0.5031055900621118,-0.12800757423924086,-0.039579100823961905,-0.09537878343762189,-0.08679639258620675,0
H04,"H04|A=300;r=0.8|XT60",XT60,162,L10,160,7,-0.09338152784680316,0.0026960490118341338,0.525,-0.12645699447180198,-0.05363703569638677,-0.10277705651736663,-0.09537599014276706,0
H04,"H04|A=300;r=0.8|XT300",XT300,162,KILL,161,7,-0.24724994460931787,-0.18182491418337396,0.37888198757763975,-0.2967455808331394,-0.19311203847256855,-0.27492593976094654,-0.2472597428917083,0.006211180124223602
H04,"H04|A=300;r=0.8|XT300",XT300,162,PRIMARY,161,7,-0.24990700991441725,-0.18367222444089457,0.38509316770186336,-0.3045780997690749,-0.18868507078855826,-0.2796904443463171,-0.25119432106078776,0.006211180124223602
H04,"H04|A=300;r=0.8|XT300",XT300,162,NOINS,161,7,-0.2514189363816476,-0.18634512779552714,0.37888198757763975,-0.30584160530447196,-0.19048710254567064,-0.281163692576353,-0.25270573005301544,0.006211180124223602
H04,"H04|A=300;r=0.8|XT300",XT300,162,L10,160,7,-0.25017406691601635,-0.19685508342566915,0.35,-0.3052505805614034,-0.1922858589281276,-0.27896759969660395,-0.2546319070517435,0.00625
H04,"H04|A=300;r=0.8|XT1800",XT1800,162,KILL,161,7,-0.5197548951372161,-0.7167436644943037,0.10559006211180125,-0.6127693413888452,-0.4084458365041907,-0.5665496774490286,-0.5197326073766328,0.024844720496894408
H04,"H04|A=300;r=0.8|XT1800",XT1800,162,PRIMARY,161,7,-0.5143973391874771,-0.7055419569518927,0.11180124223602485,-0.6073275711912387,-0.4016592778958389,-0.5620932700928862,-0.5153115813098225,0.024844720496894408
H04,"H04|A=300;r=0.8|XT1800",XT1800,162,NOINS,161,7,-0.514937004331189,-0.7055434368874876,0.11180124223602485,-0.607754478652466,-0.40250378674437337,-0.5626431817875623,-0.5158513734047699,0.024844720496894408
H04,"H04|A=300;r=0.8|XT1800",XT1800,162,L10,160,7,-0.5139210478129187,-0.7047806001536994,0.1125,-0.602557574566169,-0.4131251366899502,-0.559538527126707,-0.5190427518893147,0.025
H04,"H04|A=300;r=0.8|XB",XB,162,KILL,161,7,-0.07248554638306785,-0.3086147654345555,0.33540372670807456,-0.10167437739431612,-0.03266375019469433,-0.08444128096883334,-0.07250439151490737,0
H04,"H04|A=300;r=0.8|XB",XB,162,PRIMARY,161,7,-0.2233877556708129,-0.3567194745517207,0.32919254658385094,-0.25814931781909767,-0.17454602088989324,-0.2390259385201306,-0.22422586169105246,0
H04,"H04|A=300;r=0.8|XB",XB,162,NOINS,161,7,-0.2243351612107337,-0.3576317366764897,0.32919254658385094,-0.25901301922567377,-0.17539596580417113,-0.23996646184509454,-0.22517398566591462,0
H04,"H04|A=300;r=0.8|XB",XB,162,L10,160,7,-0.23072592049265248,-0.359680960410085,0.31875,-0.2706114938695237,-0.1765940373574462,-0.25213432759556464,-0.2328164138232697,0
H04,"H04|A=300;r=0.8|XR",XR,162,KILL,161,7,-0.13579616932404417,-0.22988042385950946,0.2422360248447205,-0.1811616763124296,-0.08226996663195194,-0.16925155506867562,-0.1358005759789232,0.018633540372670808
H04,"H04|A=300;r=0.8|XR",XR,162,PRIMARY,161,7,-0.4651990418023373,-0.6289600519454572,0.10559006211180125,-0.5377041446305036,-0.37045673741007873,-0.5058914029047422,-0.46634704653600745,0.018633540372670808
H04,"H04|A=300;r=0.8|XR",XR,162,NOINS,161,7,-0.4656633342254884,-0.6296213675640577,0.10559006211180125,-0.538403347982766,-0.37091732053525,-0.5063645108779474,-0.4668114241576124,0.018633540372670808
H04,"H04|A=300;r=0.8|XR",XR,162,L10,160,7,-0.4775541572588353,-0.6430317588206573,0.1,-0.5465541152015087,-0.3890060710996819,-0.5192452851326853,-0.4837862869660357,0.01875
H04,"H04|A=300;r=0.8|XG",XG,162,KILL,161,7,-0.25633366028739246,-0.3182816775284812,0.06832298136645963,-0.30070240627268163,-0.19369893806076227,-0.297125833583233,-0.256315488778853,0.012422360248447204
H04,"H04|A=300;r=0.8|XG",XG,162,PRIMARY,161,7,-0.49563004587680676,-0.6364807152489885,0.07453416149068323,-0.5726664839022324,-0.3915847359397248,-0.5414806627068636,-0.496450821069273,0.012422360248447204
H04,"H04|A=300;r=0.8|XG",XG,162,NOINS,161,7,-0.4961172622224374,-0.6367438489585935,0.07453416149068323,-0.5727891063592675,-0.39236652621515916,-0.5419767172197513,-0.4969385725753506,0.012422360248447204
H04,"H04|A=300;r=0.8|XG",XG,162,L10,160,7,-0.5150657899505525,-0.6700643322600048,0.06875,-0.5955688492866292,-0.41806815545571846,-0.5597208355798668,-0.5221157658114827,0.0125
H04,"H04|A=900;r=0.6|XT60",XT60,149,KILL,148,7,-0.017246983342193153,-0.03461657628973683,0.3108108108108108,-0.0387129885427061,0.010392395397500065,-0.028061549588334317,-0.017249528357687293,0.006756756756756757
H04,"H04|A=900;r=0.6|XT60",XT60,149,PRIMARY,148,7,-0.010959882267268708,-0.025782813092451125,0.3716216216216216,-0.028286693725030492,0.011551736192212024,-0.021482339533450166,-0.011479834607764923,0.006756756756756757
H04,"H04|A=900;r=0.6|XT60",XT60,149,NOINS,148,7,-0.014262151207249874,-0.029262279606413266,0.34459459459459457,-0.03166202486059202,0.008371613638588621,-0.024797875543931883,-0.014780137562280684,0.006756756756756757
H04,"H04|A=900;r=0.6|XT60",XT60,149,L10,147,7,-0.02011994961327648,-0.025062903950851607,0.3673469387755102,-0.0347606321549704,-0.005859661533774547,-0.028640573161612663,-0.019822489407254208,0
H04,"H04|A=900;r=0.6|XT300",XT300,149,KILL,148,7,-0.0578983193057001,-0.03461657628973683,0.35135135135135137,-0.08105837671275708,-0.03198402068818517,-0.08203639469707413,-0.057925742650123,0.006756756756756757
H04,"H04|A=900;r=0.6|XT300",XT300,149,PRIMARY,148,7,-0.05161370090631589,-0.026763288547025622,0.3716216216216216,-0.07436531493496808,-0.027729800971239758,-0.07587875780951116,-0.05200101613467875,0.006756756756756757
H04,"H04|A=900;r=0.6|XT300",XT300,149,NOINS,148,7,-0.054224231095946034,-0.030770436042155735,0.36486486486486486,-0.07697933392910539,-0.030207984341493434,-0.07848205568781952,-0.054609507595462355,0.006756756756756757
H04,"H04|A=900;r=0.6|XT300",XT300,149,L10,147,7,-0.06277625013968574,-0.026763288547025622,0.3741496598639456,-0.08114272189068913,-0.04364573070031559,-0.08716403395600733,-0.06268972848158164,0
H04,"H04|A=900;r=0.6|XT1800",XT1800,149,KILL,148,7,-0.1455207865316584,-0.2520556302917192,0.31756756756756754,-0.2237101403725991,-0.05791457838756999,-0.207293943670939,-0.1455520563524177,0.033783783783783786
H04,"H04|A=900;r=0.6|XT1800",XT1800,149,PRIMARY,148,7,-0.13820948498109412,-0.24433672094380773,0.3310810810810811,-0.21678289727397002,-0.049397136195612874,-0.20024529906472682,-0.13894947961294454,0.033783783783783786
H04,"H04|A=900;r=0.6|XT1800",XT1800,149,NOINS,148,7,-0.13960314749020358,-0.24589496340194633,0.31756756756756754,-0.21786574003792225,-0.05105299551409072,-0.20164647800960803,-0.14034250504057155,0.033783783783783786
H04,"H04|A=900;r=0.6|XT1800",XT1800,149,L10,147,7,-0.14510738765540146,-0.2298390307071793,0.3197278911564626,-0.23151109740954046,-0.050863194069035556,-0.20771771230921854,-0.14653049820406705,0.027210884353741496
H04,"H04|A=900;r=0.6|XB",XB,149,KILL,148,7,-0.03140418425877119,-0.14331374060991992,0.3783783783783784,-0.08259070879232557,0.016957442163243713,-0.04780714212271569,-0.031420874322816546,0.006756756756756757
H04,"H04|A=900;r=0.6|XB",XB,149,PRIMARY,148,7,-0.08644119955941112,-0.13589478547525097,0.38513513513513514,-0.14560917739961157,-0.03661975895862162,-0.10355673354842514,-0.0868069948219574,0.006756756756756757
H04,"H04|A=900;r=0.6|XB",XB,149,NOINS,148,7,-0.09107318058524377,-0.13796652015383848,0.3716216216216216,-0.15052986973589275,-0.03841238026252517,-0.10822385053541396,-0.091431663872381,0.006756756756756757
H04,"H04|A=900;r=0.6|XB",XB,149,L10,147,7,-0.11366416104301794,-0.19354457762487645,0.35374149659863946,-0.17284097468590756,-0.060148444619786,-0.1339842433234274,-0.11366183491848204,0.006802721088435374
H04,"H04|A=900;r=0.6|XR",XR,149,KILL,148,7,0.0020830001940985534,-0.14960844734092832,0.34459459459459457,-0.023556651923354932,0.029030812010629934,-0.056636285495683725,0.0020496060573471885,0.033783783783783786
H04,"H04|A=900;r=0.6|XR",XR,149,PRIMARY,148,7,-0.09240688046990528,-0.2468018605347883,0.32432432432432434,-0.14201534750905312,-0.04707316192886473,-0.15349505446020303,-0.09308036365672277,0.033783783783783786
H04,"H04|A=900;r=0.6|XR",XR,149,NOINS,148,7,-0.09425332788193766,-0.25139606288034455,0.3108108108108108,-0.14432264807020592,-0.04893171281237463,-0.15535838627151585,-0.0949259507993104,0.033783783783783786
H04,"H04|A=900;r=0.6|XR",XR,149,L10,147,7,-0.11415462656013627,-0.2216804013578275,0.29931972789115646,-0.17112833073907666,-0.059118000038103295,-0.17612010202446898,-0.11501335829906625,0.027210884353741496
H04,"H04|A=900;r=0.6|XG",XG,149,KILL,148,7,-0.02568158007144496,-0.3038511417342421,0.2702702702702703,-0.06459868365019861,0.023455600542091098,-0.09829362576587711,-0.025724115124547985,0.02027027027027027
H04,"H04|A=900;r=0.6|XG",XG,149,PRIMARY,148,7,-0.12029354348446995,-0.3179722541331602,0.28378378378378377,-0.15603403192833615,-0.080718691985,-0.19324472849962068,-0.12088903503661384,0.033783783783783786
H04,"H04|A=900;r=0.6|XG",XG,149,NOINS,148,7,-0.12154898506391708,-0.3186990509964537,0.28378378378378377,-0.15726021090609854,-0.08191618784656764,-0.19448428571888252,-0.12214547650109935,0.033783783783783786
H04,"H04|A=900;r=0.6|XG",XG,149,L10,147,7,-0.13588287662658974,-0.3241246790869587,0.2789115646258503,-0.18105855477262986,-0.0953855955964609,-0.20818513232020275,-0.13670015376877817,0.034013605442176874
H04,"H04|A=900;r=0.8|XT60",XT60,36,KILL,35,7,0.008065751505173928,-0.03461657628973683,0.2571428571428571,-0.034295408842072196,0.0584022175738235,-0.031591662595777975,0.008063039585725492,0.02857142857142857
H04,"H04|A=900;r=0.8|XT60",XT60,36,PRIMARY,35,7,0.01053073761079225,-0.026763288547025622,0.34285714285714286,-0.023460466439995317,0.04932306005142725,-0.02980628212299195,0.009130366395687303,0.02857142857142857
H04,"H04|A=900;r=0.8|XT60",XT60,36,NOINS,35,7,0.0072836556073627,-0.029578172188637904,0.3142857142857143,-0.02666665383472156,0.04587963414480463,-0.033080576001409,0.005887084831185784,0.02857142857142857
H04,"H04|A=900;r=0.8|XT60",XT60,36,L10,34,7,-0.021775608752156395,-0.021818413654938786,0.3235294117647059,-0.06772024714791498,0.021097685516251234,-0.046612823969071314,-0.02131155517261805,0
H04,"H04|A=900;r=0.8|XT300",XT300,36,KILL,35,7,-0.011497520930010642,-0.02204179891547684,0.34285714285714286,-0.0972883329237246,0.08206510229774845,-0.09923113120537384,-0.01156222700969748,0.02857142857142857
H04,"H04|A=900;r=0.8|XT300",XT300,36,PRIMARY,35,7,-0.011552439112392917,-0.014557989417633043,0.37142857142857144,-0.09944000475446843,0.08386964366026932,-0.09910786552467199,-0.013702410559428372,0.02857142857142857
H04,"H04|A=900;r=0.8|XT300",XT300,36,NOINS,35,7,-0.014181862705846645,-0.016430511022387823,0.37142857142857144,-0.10183565771352346,0.08095978365073354,-0.10170525504966883,-0.016325761736576377,0.02857142857142857
H04,"H04|A=900;r=0.8|XT300",XT300,36,L10,34,7,-0.04377125516006129,-0.018567812654284033,0.38235294117647056,-0.11563653290112831,0.04088198489109873,-0.12117013853781558,-0.0427054102687449,0
H04,"H04|A=900;r=0.8|XT1800",XT1800,36,KILL,35,7,-0.1182447107654888,-0.03223169991542709,0.42857142857142855,-0.3531577831271113,0.1342297426666986,-0.2394643916788937,-0.11836536845874876,0.02857142857142857
H04,"H04|A=900;r=0.8|XT1800",XT1800,36,PRIMARY,35,7,-0.10961366510919811,-0.02731218809760114,0.4857142857142857,-0.34101560129654857,0.1403891221953371,-0.23121347369682763,-0.11215131366411399,0.02857142857142857
H04,"H04|A=900;r=0.8|XT1800",XT1800,36,NOINS,35,7,-0.11114285913130478,-0.028275844327594994,0.42857142857142855,-0.34204232001884505,0.1380678032902369,-0.2326380060208264,-0.11367825076171031,0.02857142857142857
H04,"H04|A=900;r=0.8|XT1800",XT1800,36,L10,34,7,-0.14860347831690066,-0.13004060558042832,0.47058823529411764,-0.36843016951524066,0.09112155480622407,-0.26957216436135095,-0.14779007411029196,0
H04,"H04|A=900;r=0.8|XB",XB,36,KILL,35,7,0.023488071269014515,-0.006475319635839013,0.4857142857142857,-0.08623424647223137,0.1893835883452513,-0.034213422497254245,0.02340686525846682,0
H04,"H04|A=900;r=0.8|XB",XB,36,PRIMARY,35,7,-0.018411928384382333,0.0014904150641826082,0.5142857142857142,-0.13766282553564266,0.1473112943789437,-0.08301025116819558,-0.02015861028906044,0.02857142857142857
H04,"H04|A=900;r=0.8|XB",XB,36,NOINS,35,7,-0.020183169303149402,-0.002112092303081764,0.45714285714285713,-0.13956108403706102,0.14541463760378232,-0.08464596102474024,-0.02193130963651241,0.02857142857142857
H04,"H04|A=900;r=0.8|XB",XB,36,L10,34,7,-0.10873642358337324,-0.24330406657480735,0.47058823529411764,-0.25432548008501354,0.070244513938721,-0.1723553230515094,-0.10845879833775049,0
H04,"H04|A=900;r=0.8|XR",XR,36,KILL,35,7,0.014415597372270763,-0.1344288940848714,0.42857142857142855,-0.14333178756502543,0.2013455246003915,-0.09436717965321913,0.014342758722615704,0.02857142857142857
H04,"H04|A=900;r=0.8|XR",XR,36,PRIMARY,35,7,-0.06523825226802127,-0.2298390307071793,0.4857142857142857,-0.27449652020022364,0.1641437206631811,-0.18267786590179047,-0.06736862532893909,0.02857142857142857
H04,"H04|A=900;r=0.8|XR",XR,36,NOINS,35,7,-0.06697696113458738,-0.2321749538526395,0.42857142857142855,-0.27576772305540026,0.1619380339374641,-0.18433155508691673,-0.06910656691833778,0.02857142857142857
H04,"H04|A=900;r=0.8|XR",XR,36,L10,34,7,-0.11013165106636866,-0.24330406657480735,0.47058823529411764,-0.3220375445049332,0.11219533282037915,-0.2273772570543158,-0.10981088969897354,0
H04,"H04|A=900;r=0.8|XG",XG,36,KILL,35,7,0.07324362998322205,-0.30364485348987613,0.34285714285714286,-0.12972381236952346,0.2737058826692222,-0.12276263180276155,0.07315160582530894,0.02857142857142857
H04,"H04|A=900;r=0.8|XG",XG,36,PRIMARY,35,7,-0.021921191761852036,-0.315102602267619,0.34285714285714286,-0.2236084551038678,0.1763092206290939,-0.22854920538004053,-0.023861673290028994,0.05714285714285714
H04,"H04|A=900;r=0.8|XG",XG,36,NOINS,35,7,-0.023326305669486506,-0.3165557564557215,0.34285714285714286,-0.2244523704911617,0.1745381959745381,-0.2299671863345169,-0.025269684895653555,0.05714285714285714
H04,"H04|A=900;r=0.8|XG",XG,36,L10,34,7,-0.053903960064147036,-0.34622993727356477,0.3235294117647059,-0.2626028457696993,0.16062575255704506,-0.2695114811240226,-0.054377245599190376,0.029411764705882353
H05,"H05|P=0.7;Tfast=120|XG",XG,1073,KILL,1054,7,-0.04279853984916893,-0.3034144818665738,0.3738140417457306,-0.07052600989492552,-0.016520079132707442,-0.044607744959391044,-0.04280487346795929,0.09297912713472485
H05,"H05|P=0.7;Tfast=120|XG",XG,1073,PRIMARY,920,7,-0.15394493751700206,-0.28273250030829666,0.31630434782608696,-0.20911359994033957,-0.10653600300941565,-0.16126838497419518,-0.15139420940176598,0.15
H05,"H05|P=0.7;Tfast=120|XG",XG,1073,NOINS,920,7,-0.15393654663668896,-0.28319244475803446,0.31521739130434784,-0.20767860461043247,-0.10758821262608713,-0.1612599666261281,-0.15144654816454567,0.14565217391304347
H05,"H05|P=0.7;Tfast=120|XG",XG,1073,L10,845,7,-0.15708261566518014,-0.26344905830911436,0.31242603550295855,-0.1973514312977902,-0.11976180285029367,-0.17478152948245354,-0.1619749684823964,0.15621301775147928
H05,"H05|P=0.7;Tfast=120|XT300",XT300,1073,KILL,1054,7,-0.13446333133453728,-0.052432958559275655,0.45540796963946867,-0.1775364020232175,-0.09568174453502058,-0.13653628474045937,-0.13448464136013577,0.35294117647058826
H05,"H05|P=0.7;Tfast=120|XT300",XT300,1073,PRIMARY,920,7,-0.18861338147483436,-0.22638424113603062,0.40108695652173915,-0.24079339369778452,-0.13857487579476852,-0.1961494649260933,-0.18287575971631462,0.2728260869565217
H05,"H05|P=0.7;Tfast=120|XT300",XT300,1073,NOINS,920,7,-0.18891866688359144,-0.226703706342532,0.40108695652173915,-0.24095664643464104,-0.1392141679105443,-0.1964557490534347,-0.18319926405224995,0.2717391304347826
H05,"H05|P=0.7;Tfast=120|XT300",XT300,1073,L10,845,7,-0.17637082099090215,-0.20683136802198598,0.38461538461538464,-0.21353479735664924,-0.13203327506805837,-0.19520351776180453,-0.18334042336895384,0.2272189349112426
H05,"H05|P=0.7;Tfast=120|XB",XB,1073,KILL,1054,7,-0.04187353182280223,-0.30372911795433066,0.3586337760910816,-0.06670198515200372,-0.018178589467545418,-0.043680736835656604,-0.04187714943877497,0.16698292220113853
H05,"H05|P=0.7;Tfast=120|XB",XB,1073,PRIMARY,920,7,-0.15585687629709125,-0.28273250030829666,0.31521739130434784,-0.20440805587641156,-0.11250447130267793,-0.16042999960547621,-0.15263585664539508,0.18369565217391304
H05,"H05|P=0.7;Tfast=120|XB",XB,1073,NOINS,920,7,-0.15648185663497927,-0.28319244475803446,0.31521739130434784,-0.20410141685955133,-0.11351245178810816,-0.16105547746950452,-0.15329551801767116,0.1826086956521739
H05,"H05|P=0.7;Tfast=120|XB",XB,1073,L10,845,7,-0.1438710945854427,-0.24596331548199907,0.3384615384615385,-0.18671662908114797,-0.09928607391948556,-0.15280446200985098,-0.1493646650002095,0.1727810650887574
H05,"H05|P=0.7;Tfast=600|XG",XG,1654,KILL,1627,7,-0.05522414880699952,-0.3046926620566141,0.3534111862323294,-0.07040159738143748,-0.03945187481476733,-0.056417961244017864,-0.0552374051246035,0.08174554394591273
H05,"H05|P=0.7;Tfast=600|XG",XG,1654,PRIMARY,1486,7,-0.173571799333967,-0.3010083790648439,0.3183041722745626,-0.21315120515541403,-0.1332911798294783,-0.1781398923236476,-0.17122949013724728,0.1271870794078062
H05,"H05|P=0.7;Tfast=600|XG",XG,1654,NOINS,1486,7,-0.17373014350074845,-0.301204736969025,0.31763122476446837,-0.21273024168479507,-0.1340186011121583,-0.17829855679873122,-0.17143112685969905,0.12314939434724091
H05,"H05|P=0.7;Tfast=600|XG",XG,1654,L10,1403,7,-0.17789853390766797,-0.2810939500976253,0.31076265146115467,-0.21814372871108487,-0.13500727781099625,-0.18858777189971934,-0.18015550301131666,0.14540270848182466
H05,"H05|P=0.7;Tfast=600|XT300",XT300,1654,KILL,1627,7,-0.14842425025412126,-0.09698970821754664,0.43331284572833434,-0.17540804513142394,-0.12029325340477412,-0.14979175867658437,-0.14844791470187133,0.2894898586355255
H05,"H05|P=0.7;Tfast=600|XT300",XT300,1654,PRIMARY,1486,7,-0.18067237710097642,-0.15771952980971538,0.4004037685060565,-0.20931303971771303,-0.147935476514678,-0.18531618391937363,-0.1756616583021769,0.23216689098250337
H05,"H05|P=0.7;Tfast=600|XT300",XT300,1654,NOINS,1486,7,-0.18098500445098756,-0.1584055946506493,0.3997308209959623,-0.20951081505755736,-0.14841393850222884,-0.18562944367044026,-0.17598628411905512,0.23082099596231495
H05,"H05|P=0.7;Tfast=600|XT300",XT300,1654,L10,1403,7,-0.17063763217819428,-0.14975914277398622,0.38987883107626514,-0.1983079858241886,-0.13591345881385522,-0.18195186868866656,-0.17296435897399848,0.20171062009978616
H05,"H05|P=0.7;Tfast=600|XB",XB,1654,KILL,1627,7,-0.056585718087991656,-0.30496901548233424,0.3368162261831592,-0.07403911735591416,-0.036855149609819296,-0.05778246726811316,-0.05659694187519983,0.1450522433927474
H05,"H05|P=0.7;Tfast=600|XB",XB,1654,PRIMARY,1486,7,-0.1719147281381182,-0.2993900867446584,0.31695827725437414,-0.2117832140271475,-0.13087732123988072,-0.17477496254763372,-0.16965635453515227,0.1695827725437416
H05,"H05|P=0.7;Tfast=600|XB",XB,1654,NOINS,1486,7,-0.17330905129252722,-0.29961061405495515,0.3162853297442799,-0.21247459539155097,-0.1324010681992836,-0.17617114966692538,-0.17123393973595163,0.16823687752355315
H05,"H05|P=0.7;Tfast=600|XB",XB,1654,L10,1403,7,-0.16395556034794737,-0.26344905830911436,0.3285816108339273,-0.20780122211231766,-0.11882615411029,-0.16937138089697557,-0.168074926321313,0.17177476835352815
H05,"H05|P=0.85;Tfast=120|XG",XG,441,KILL,437,7,-0.035388771185015294,0.10352802348141883,0.6361556064073226,-0.05950763862680573,-0.016157348826755548,-0.03713636109431094,-0.035347194585437836,0.15789473684210525
H05,"H05|P=0.85;Tfast=120|XG",XG,441,PRIMARY,304,7,-0.10903772792019295,-0.022160239013004075,0.4868421052631579,-0.18990431015674455,-0.06122406622645802,-0.12890876500994838,-0.11324514778405911,0.2730263157894737
H05,"H05|P=0.85;Tfast=120|XG",XG,441,NOINS,304,7,-0.10860504968982898,-0.030348877757080738,0.48355263157894735,-0.18751581066268908,-0.060132165510986185,-0.1284717743719726,-0.11300437265229807,0.25
H05,"H05|P=0.85;Tfast=120|XG",XG,441,L10,264,7,-0.11521287751889636,-0.10121902394274783,0.4128787878787879,-0.1987103237100392,-0.0384121764901671,-0.16646619849019462,-0.1456900585851314,0.2803030303030303
H05,"H05|P=0.85;Tfast=120|XT300",XT300,441,KILL,437,7,-0.09169334939743594,0.17479717426993682,0.6567505720823799,-0.1576866906848752,-0.040070480689746744,-0.09383937905007661,-0.09190394884269056,0.6796338672768879
H05,"H05|P=0.85;Tfast=120|XT300",XT300,441,PRIMARY,304,7,-0.1354978076377789,0.08748729397379579,0.5723684210526315,-0.23770766388833844,-0.04758672364928636,-0.15563256645229417,-0.13993361904149457,0.5427631578947368
H05,"H05|P=0.85;Tfast=120|XT300",XT300,441,NOINS,304,7,-0.13554739503492635,0.08748544686462134,0.5723684210526315,-0.23773358665800975,-0.04763148522588029,-0.15568264807599144,-0.13998452532063055,0.5427631578947368
H05,"H05|P=0.85;Tfast=120|XT300",XT300,441,L10,264,7,-0.10435250869548474,0.02899073619806645,0.5189393939393939,-0.20703111195428217,-0.0136950261570103,-0.16080247893696847,-0.1436043513012182,0.4696969696969697
H05,"H05|P=0.85;Tfast=120|XB",XB,441,KILL,437,7,-0.049377499516114545,0.13788144868414506,0.551487414187643,-0.07521693548220831,-0.02543498190728315,-0.051231023293999395,-0.049400889327223245,0.5881006864988558
H05,"H05|P=0.85;Tfast=120|XB",XB,441,PRIMARY,304,7,-0.1350375527946828,-0.19875791242772878,0.45723684210526316,-0.21729973475724415,-0.07006873938418136,-0.15516772435162562,-0.13905106812393628,0.45394736842105265
H05,"H05|P=0.85;Tfast=120|XB",XB,441,NOINS,304,7,-0.1342521618926707,-0.19905892928337787,0.45394736842105265,-0.21728171244343214,-0.06923490847430475,-0.15437450563331448,-0.13846872019638667,0.4506578947368421
H05,"H05|P=0.85;Tfast=120|XB",XB,441,L10,264,7,-0.14477382811456,-0.14314962783423546,0.45454545454545453,-0.23933914834900735,-0.07284713333341832,-0.16511409679211528,-0.15436970052049542,0.38257575757575757
H05,"H05|P=0.85;Tfast=600|XG",XG,871,KILL,862,7,-0.05295863604758095,0.09724025670364658,0.5974477958236659,-0.06451801010251426,-0.041034911595063964,-0.0539066820259592,-0.05297541970226715,0.11252900232018562
H05,"H05|P=0.85;Tfast=600|XG",XG,871,PRIMARY,721,7,-0.1096781172348083,0.016107030612947482,0.5270457697642164,-0.14503776593694698,-0.07364433493579173,-0.11804855214004491,-0.11248349305462382,0.18862690707350901
H05,"H05|P=0.85;Tfast=600|XG",XG,871,NOINS,721,7,-0.11000238456415606,0.01495132674132276,0.5242718446601942,-0.14460374856284727,-0.07530457822577341,-0.11837371214717492,-0.1129143775649523,0.17475728155339806
H05,"H05|P=0.85;Tfast=600|XG",XG,871,L10,664,7,-0.11713858340920427,-0.02749570451681209,0.4789156626506024,-0.15263091890603914,-0.07305739599352476,-0.13738501894805447,-0.1232295832666084,0.2545180722891566
H05,"H05|P=0.85;Tfast=600|XT300",XT300,871,KILL,862,7,-0.12582834335173118,0.14247758817969253,0.5881670533642691,-0.16757465394584564,-0.08184261182441319,-0.1270330305190876,-0.12606842914867777,0.5730858468677494
H05,"H05|P=0.85;Tfast=600|XT300",XT300,871,PRIMARY,721,7,-0.1390494217735753,0.06949167318769357,0.550624133148405,-0.19396199148765492,-0.07763075364222678,-0.14791729430099498,-0.14172796484034236,0.4909847434119279
H05,"H05|P=0.85;Tfast=600|XT300",XT300,871,NOINS,721,7,-0.13976527683725676,0.06853934158063253,0.5478502080443828,-0.19459703368429213,-0.07845590752104141,-0.14863614040254663,-0.1424916780540743,0.4868238557558946
H05,"H05|P=0.85;Tfast=600|XT300",XT300,871,L10,664,7,-0.12669116105715666,0.031056439989105993,0.5286144578313253,-0.17633132611399707,-0.07337351976017152,-0.14908217193478557,-0.13678360236465378,0.45180722891566266
H05,"H05|P=0.85;Tfast=600|XB",XB,871,KILL,862,7,-0.06459518677508186,0.052288881150191535,0.5197215777262181,-0.07722356267545341,-0.050393941941639084,-0.06558602124193816,-0.06465540152551401,0.5382830626450116
H05,"H05|P=0.85;Tfast=600|XB",XB,871,PRIMARY,721,7,-0.12438432000844228,-0.14201398445376626,0.4854368932038835,-0.16758488393585932,-0.07211661645433445,-0.13277877953529618,-0.12670255786395138,0.478502080443828
H05,"H05|P=0.85;Tfast=600|XB",XB,871,NOINS,721,7,-0.12630084233787056,-0.18319083252667234,0.4812760055478502,-0.17038230497723064,-0.07471397658977225,-0.1347033096181905,-0.1289360640327069,0.47434119278779474
H05,"H05|P=0.85;Tfast=600|XB",XB,871,L10,664,7,-0.13748244901767345,-0.09283278664676259,0.48042168674698793,-0.1775026709606285,-0.09294520883034733,-0.14548083931654135,-0.13530820866678106,0.4457831325301205
H06,"H06|k=2;D=60|XT60",XT60,4251,KILL,4213,7,0.011607430368478083,-0.06392182478483657,0.41490624258248276,-0.011299986229191658,0.035581757561660834,0.007559240949196602,0.011607667442312264,0.004035129361500119
H06,"H06|k=2;D=60|XT60",XT60,4251,PRIMARY,3672,7,-0.027502262970964416,-0.07536086669396846,0.3839869281045752,-0.04290427847743238,-0.017219534258631892,-0.03273076763827585,-0.027081092881445168,0.0027233115468409588
H06,"H06|k=2;D=60|XT60",XT60,4251,NOINS,3672,7,-0.029870716475955756,-0.07806538224018703,0.3812636165577342,-0.04518792479882675,-0.019637262719273362,-0.035098619448612894,-0.029459215309873464,0.0027233115468409588
H06,"H06|k=2;D=60|XT60",XT60,4251,L10,3322,7,-0.050716228532056026,-0.06652870473080821,0.3362432269717038,-0.058314739313842526,-0.03813799121048793,-0.05488441027608384,-0.04958741914751887,0.001806140878988561
H06,"H06|k=2;D=60|XT300",XT300,4251,KILL,4213,7,-0.058679081521372314,-0.2846029650266156,0.26631853785900783,-0.09335337849514412,-0.014077099189823623,-0.06525748840571523,-0.05866881828671227,0.01732732019938286
H06,"H06|k=2;D=60|XT300",XT300,4251,PRIMARY,3672,7,-0.09204866880682333,-0.2824129893316409,0.25217864923747274,-0.12135959429727149,-0.07102631919201151,-0.09962143383685608,-0.09380572769728593,0.01443355119825708
H06,"H06|k=2;D=60|XT300",XT300,4251,NOINS,3672,7,-0.09353617256774985,-0.28444897412370507,0.2508169934640523,-0.12274904165130993,-0.07257957876698395,-0.10110992551306283,-0.09528473685042352,0.01443355119825708
H06,"H06|k=2;D=60|XT300",XT300,4251,L10,3322,7,-0.10274961869502841,-0.22086372626536138,0.23118603251053582,-0.1131060896284071,-0.08944287552449151,-0.10878148257993181,-0.10653161049185282,0.010836845273931367
H06,"H06|k=2;D=60|XT1800",XT1800,4251,KILL,4213,7,-0.15361409697872816,-0.39823632655091784,0.14028008544979825,-0.20081509474672504,-0.11315851135015019,-0.16216828426748078,-0.15360243811040417,0.04723474958461903
H06,"H06|k=2;D=60|XT1800",XT1800,4251,PRIMARY,3672,7,-0.17911902404044952,-0.39072925278421733,0.1323529411764706,-0.2225053983253083,-0.15321944201757692,-0.1885520647093431,-0.1798917309486949,0.04275599128540305
H06,"H06|k=2;D=60|XT1800",XT1800,4251,NOINS,3672,7,-0.18027537620325207,-0.39252553543520663,0.1318082788671024,-0.22359126541054916,-0.15442390470760645,-0.18970936233188876,-0.18103329295224233,0.04275599128540305
H06,"H06|k=2;D=60|XT1800",XT1800,4251,L10,3322,7,-0.18833197264341706,-0.34477164908744645,0.12372065021071643,-0.20941018943147893,-0.17664155681104518,-0.1980814581598918,-0.19204273568548885,0.03552077062010837
H06,"H06|k=2;D=60|XB",XB,4251,KILL,4213,7,0.0009258816054612419,-0.3000684045569872,0.3664846902444814,-0.01570675722340005,0.028864774895891385,-0.0004210354103694543,0.0009299772982467507,0.00023736055067647758
H06,"H06|k=2;D=60|XB",XB,4251,PRIMARY,3672,7,-0.053125787356842494,-0.2584051081071671,0.3159041394335512,-0.06879967369975713,-0.037871836173346995,-0.055114043351385464,-0.05384776971789686,0.0010893246187363835
H06,"H06|k=2;D=60|XB",XB,4251,NOINS,3672,7,-0.05571862658370354,-0.2607449604050197,0.3137254901960784,-0.07096318640158569,-0.04078126399414059,-0.057702323811672805,-0.056535399236620876,0.0010893246187363835
H06,"H06|k=2;D=60|XB",XB,4251,L10,3322,7,-0.0705052244090055,-0.21045980952243998,0.2712221553281156,-0.09501119628493426,-0.05275836777365787,-0.0736227364323066,-0.0729836795073244,0.0012040939193257074
H06,"H06|k=2;D=60|XR",XR,4251,KILL,4213,7,0.013634075257323337,-0.17417332471021343,0.2931402800854498,-0.013354221313833799,0.049766269783195885,0.0062947389749114955,0.013642239196408746,0.018276762402088774
H06,"H06|k=2;D=60|XR",XR,4251,PRIMARY,3672,7,-0.09130486574025942,-0.23306696061315352,0.21977124183006536,-0.11963392646669052,-0.07472427573633184,-0.0999607839413728,-0.0921354652882866,0.016339869281045753
H06,"H06|k=2;D=60|XR",XR,4251,NOINS,3672,7,-0.0933072338856708,-0.23529129258610476,0.21840958605664487,-0.12119147327234073,-0.07700985657601708,-0.10196466354168668,-0.09415240666627508,0.016339869281045753
H06,"H06|k=2;D=60|XR",XR,4251,L10,3322,7,-0.11912988987288582,-0.21795837243601207,0.18573148705599038,-0.14017737834800345,-0.103723874988478,-0.12630107838808208,-0.12313424891070747,0.014750150511739916
H06,"H06|k=2;D=60|XG",XG,4251,KILL,4213,7,-0.06772728234043421,-0.30715851947664297,0.09280797531450273,-0.10730562471693093,-0.03325416791561558,-0.0760881226090367,-0.06772269274555402,0.007358177070970804
H06,"H06|k=2;D=60|XG",XG,4251,PRIMARY,3672,7,-0.1275532260354853,-0.3106820205013524,0.0917755991285403,-0.16278739731964936,-0.11020118439128132,-0.1370838887000748,-0.12901524135602088,0.010893246187363835
H06,"H06|k=2;D=60|XG",XG,4251,NOINS,3672,7,-0.1286252252863237,-0.3111364704265517,0.09123093681917212,-0.1636444420660481,-0.1114966706594458,-0.13815641426952763,-0.13007743252153592,0.010620915032679739
H06,"H06|k=2;D=60|XG",XG,4251,L10,3322,7,-0.14805411357256099,-0.2919594656756816,0.09331727874774233,-0.1683430698896374,-0.13675530525170018,-0.15787817771030238,-0.1511289861913695,0.013847080072245636
H06,"H06|k=2;D=600|XT60",XT60,4968,KILL,4923,7,0.011364843055637513,-0.04692104870404457,0.4137720901889092,-0.007338558036697257,0.02637936946491268,0.00790069565378506,0.011363716471245006,0.00385943530367662
H06,"H06|k=2;D=600|XT60",XT60,4968,PRIMARY,4340,7,-0.025198265576137923,-0.05497963903243618,0.3827188940092166,-0.03673618358048834,-0.017567798281017066,-0.029619863831194228,-0.02486156570133696,0.0027649769585253456
H06,"H06|k=2;D=600|XT60",XT60,4968,NOINS,4340,7,-0.027713052459921582,-0.058495560055689566,0.3790322580645161,-0.03918167951806969,-0.02009399570704885,-0.032134242917525785,-0.02738601021874374,0.0027649769585253456
H06,"H06|k=2;D=600|XT60",XT60,4968,L10,3973,7,-0.043671769782973,-0.052716539504439504,0.3425622954945885,-0.04988625372656305,-0.03378370741340516,-0.04715113044599046,-0.042495103176351925,0.0020135917442738486
H06,"H06|k=2;D=600|XT300",XT300,4968,KILL,4923,7,-0.05595417452870767,-0.2512080294512711,0.2748324192565509,-0.08761483366032105,-0.016679652898943142,-0.06158159693970449,-0.05594777918762751,0.016859638431850496
H06,"H06|k=2;D=600|XT300",XT300,4968,PRIMARY,4340,7,-0.0875350106956089,-0.24907289710484126,0.25990783410138246,-0.11209326558929968,-0.06608318353133878,-0.09393826961210777,-0.08879607971513358,0.014285714285714285
H06,"H06|k=2;D=600|XT300",XT300,4968,NOINS,4340,7,-0.0891324869481903,-0.2514115536065077,0.2587557603686636,-0.11353077371040078,-0.06781987610550307,-0.0955366576882164,-0.09038657587673535,0.014285714285714285
H06,"H06|k=2;D=600|XT300",XT300,4968,L10,3973,7,-0.09664316751922687,-0.19703977365769298,0.24037251447269067,-0.10719013082490567,-0.07734964381197734,-0.10167941763883424,-0.09959379684257368,0.010823055625471936
H06,"H06|k=2;D=600|XT1800",XT1800,4968,KILL,4923,7,-0.14756619806610385,-0.3872405418816991,0.1505179768433882,-0.18440712114548335,-0.10642056071153115,-0.15488225188498914,-0.14756181526544765,0.04895388990452976
H06,"H06|k=2;D=600|XT1800",XT1800,4968,PRIMARY,4340,7,-0.173740591622124,-0.3795066468228354,0.1435483870967742,-0.2040036356480639,-0.15220913095784697,-0.18171700179434344,-0.17380914489651603,0.04516129032258064
H06,"H06|k=2;D=600|XT1800",XT1800,4968,NOINS,4340,7,-0.17495043963023973,-0.381626060069447,0.14262672811059907,-0.20524913737049794,-0.15343661861907473,-0.1829276866434383,-0.17500553947002725,0.04516129032258064
H06,"H06|k=2;D=600|XT1800",XT1800,4968,L10,3973,7,-0.18065149048351137,-0.33702641894896945,0.136169141706519,-0.19812299771147734,-0.1626195756566984,-0.18879645294766753,-0.18362221123372724,0.038509942109237354
H06,"H06|k=2;D=600|XB",XB,4968,KILL,4923,7,0.0017654835950283157,-0.2891893836127556,0.3654275848060126,-0.011796408509507538,0.024884593233267138,0.0006134507026141452,0.0017669147111770748,0.00020312817387771684
H06,"H06|k=2;D=600|XB",XB,4968,PRIMARY,4340,7,-0.04809962099968274,-0.2546489771727907,0.3172811059907834,-0.06049217138392717,-0.033571440497418954,-0.05039229332153414,-0.04884714569205388,0.0013824884792626728
H06,"H06|k=2;D=600|XB",XB,4968,NOINS,4340,7,-0.050667735583407626,-0.2569348223868342,0.31474654377880185,-0.06291887022782455,-0.036014745643045264,-0.05295480361265037,-0.051481885174240676,0.0013824884792626728
H06,"H06|k=2;D=600|XB",XB,4968,L10,3973,7,-0.06142614591241114,-0.20355554926879527,0.28014095142209916,-0.07975982605864079,-0.044762831906695985,-0.06434871873808916,-0.06367834651310109,0.0020135917442738486
H06,"H06|k=2;D=600|XR",XR,4968,KILL,4923,7,0.012879420218962273,-0.167012417292672,0.2951452366443226,-0.010778970675699199,0.03926167478919955,0.006598755642932532,0.012884888456450555,0.0192971765183831
H06,"H06|k=2;D=600|XR",XR,4968,PRIMARY,4340,7,-0.08686189748513237,-0.22237144191753158,0.22580645161290322,-0.10913818044968007,-0.07114960534428723,-0.09418152740791781,-0.08755911781529369,0.017741935483870968
H06,"H06|k=2;D=600|XR",XR,4968,NOINS,4340,7,-0.08892605377274265,-0.2250388338841285,0.22419354838709676,-0.11086135190747348,-0.0736002922988105,-0.09624700509106933,-0.08965157793715277,0.017741935483870968
H06,"H06|k=2;D=600|XR",XR,4968,L10,3973,7,-0.10693261507007086,-0.2083200972585957,0.1975836899068714,-0.1201096561584935,-0.09649802036917539,-0.11311196472475456,-0.11019690567160507,0.01661213189025925
H06,"H06|k=2;D=600|XG",XG,4968,KILL,4923,7,-0.06985803361539297,-0.30660406944928115,0.09811090798293723,-0.10236900642382833,-0.039569283140652875,-0.07701362910007628,-0.06985550361095842,0.006500101564086939
H06,"H06|k=2;D=600|XG",XG,4968,PRIMARY,4340,7,-0.1304008096786068,-0.3088575164830556,0.09654377880184332,-0.158508266855023,-0.11130783320003967,-0.13846549588273516,-0.13174492090752776,0.011059907834101382
H06,"H06|k=2;D=600|XG",XG,4968,NOINS,4340,7,-0.13153010480486205,-0.30918859793015174,0.09608294930875576,-0.15927719018398007,-0.11260035880626643,-0.1395952758949997,-0.13286298702492144,0.010829493087557604
H06,"H06|k=2;D=600|XG",XG,4968,L10,3973,7,-0.14167934296516846,-0.28832971596370055,0.09916939340548704,-0.15741901711609008,-0.13146094841424985,-0.14988764134334007,-0.14537038173625103,0.013591744273848478
H06,"H06|k=3;D=60|XT60",XT60,1858,KILL,1845,7,-0.0012577629601011977,-0.07525448485149992,0.41897018970189703,-0.030016838522526262,0.018363988037386165,-0.007793005076440821,-0.0012219338826229926,0.004878048780487805
H06,"H06|k=3;D=60|XT60",XT60,1858,PRIMARY,1638,7,-0.01991577349360895,-0.07089209832506171,0.405982905982906,-0.051431383840807504,0.004223218634690188,-0.02724618562201006,-0.019802014073755172,0.004273504273504274
H06,"H06|k=3;D=60|XT60",XT60,1858,NOINS,1638,7,-0.02194637346919399,-0.0732300590039569,0.40354090354090355,-0.05354829446599867,0.0022007348394987923,-0.029278520509608785,-0.02184241582162429,0.004273504273504274
H06,"H06|k=3;D=60|XT60",XT60,1858,L10,1482,7,-0.05829945068969559,-0.07570778711288993,0.35695006747638325,-0.06695106819663006,-0.030697340147788035,-0.06551108036620014,-0.056440639184201745,0.004723346828609987
H06,"H06|k=3;D=60|XT300",XT300,1858,KILL,1845,7,-0.10348810922912813,-0.3095123625690264,0.2672086720867209,-0.14314728431973617,-0.08094322857818677,-0.11315750500709783,-0.10345448321196479,0.020596205962059622
H06,"H06|k=3;D=60|XT300",XT300,1858,PRIMARY,1638,7,-0.11383445529954839,-0.2975953742155659,0.2557997557997558,-0.15487136692664707,-0.0877504478956225,-0.12451374591232538,-0.11585518191292946,0.018925518925518924
H06,"H06|k=3;D=60|XT300",XT300,1858,NOINS,1638,7,-0.11493657368232603,-0.29935999901054056,0.25518925518925517,-0.1559238587370003,-0.08888821382317864,-0.12561738787757445,-0.11694586755419897,0.018925518925518924
H06,"H06|k=3;D=60|XT300",XT300,1858,L10,1482,7,-0.13707137603625974,-0.25127412496511037,0.23144399460188933,-0.16549442706280057,-0.09609481994595553,-0.1457169323488551,-0.13557003901711115,0.016194331983805668
H06,"H06|k=3;D=60|XT1800",XT1800,1858,KILL,1845,7,-0.2207594528773993,-0.4579683000845729,0.14363143631436315,-0.3079332542855992,-0.17426966296842736,-0.23453159661692793,-0.22073216346572994,0.05203252032520325
H06,"H06|k=3;D=60|XT1800",XT1800,1858,PRIMARY,1638,7,-0.22233897563981042,-0.4429665902877744,0.14224664224664224,-0.2985262367252338,-0.1813051558486552,-0.23857501957812915,-0.22684728997703757,0.04822954822954823
H06,"H06|k=3;D=60|XT1800",XT1800,1858,NOINS,1638,7,-0.2231659740462291,-0.4438472518618556,0.14224664224664224,-0.29928482910473775,-0.18217495338733217,-0.23940353530171538,-0.22765652023746163,0.04822954822954823
H06,"H06|k=3;D=60|XT1800",XT1800,1858,L10,1482,7,-0.24251044657742923,-0.4102269674971354,0.12280701754385964,-0.3037760019937413,-0.2084956833281479,-0.2568473641168562,-0.24964246497763207,0.043184885290148446
H06,"H06|k=3;D=60|XB",XB,1858,KILL,1845,7,-0.012464337787836692,-0.30177646883684,0.3615176151761518,-0.025382385548764357,0.008755558881134258,-0.013979921245599275,-0.012442922502646891,0.0016260162601626016
H06,"H06|k=3;D=60|XB",XB,1858,PRIMARY,1638,7,-0.0498881057792146,-0.2614859172773246,0.336996336996337,-0.08852941670688551,-0.032259992793478236,-0.05353375098053543,-0.051010890637593544,0.002442002442002442
H06,"H06|k=3;D=60|XB",XB,1858,NOINS,1638,7,-0.052481904946926006,-0.2640837962159287,0.33455433455433453,-0.0900583920172545,-0.03553354777423427,-0.056119487209330174,-0.05358038408401629,0.002442002442002442
H06,"H06|k=3;D=60|XB",XB,1858,L10,1482,7,-0.07729587835428105,-0.22891883031851,0.2921727395411606,-0.08997927987837165,-0.06519403460137423,-0.08258599950024567,-0.07766441544582131,0.0033738191632928477
H06,"H06|k=3;D=60|XR",XR,1858,KILL,1845,7,-0.01085269122441438,-0.18864576886722054,0.2883468834688347,-0.025740477670678573,0.010572344927386372,-0.01800807858176509,-0.010822784721403366,0.022764227642276424
H06,"H06|k=3;D=60|XR",XR,1858,PRIMARY,1638,7,-0.095553958073777,-0.23575928217233053,0.23992673992673993,-0.13587124049630397,-0.07115249972077416,-0.10498239298324957,-0.0975724997903879,0.0231990231990232
H06,"H06|k=3;D=60|XR",XR,1858,NOINS,1638,7,-0.09733148502161618,-0.23931701099545286,0.23809523809523808,-0.13857895209546103,-0.07256993956288911,-0.10676139517878339,-0.09939075395394663,0.0231990231990232
H06,"H06|k=3;D=60|XR",XR,1858,L10,1482,7,-0.13281721564267718,-0.22898093306135112,0.20917678812415655,-0.15773037378748997,-0.09139770159347865,-0.1414330318323359,-0.1338228050751039,0.022267206477732792
H06,"H06|k=3;D=60|XG",XG,1858,KILL,1845,7,-0.11562401739068727,-0.30924551017362323,0.08401084010840108,-0.19787886532778187,-0.08028025640286689,-0.1325603617674763,-0.1155943632220601,0.010298102981029811
H06,"H06|k=3;D=60|XG",XG,1858,PRIMARY,1638,7,-0.16434072068567046,-0.31769669802697376,0.08241758241758242,-0.2590546870437992,-0.11717921337357899,-0.18303338684561316,-0.1683356570668081,0.017094017094017096
H06,"H06|k=3;D=60|XG",XG,1858,NOINS,1638,7,-0.16497007220816373,-0.3175806110206857,0.08180708180708181,-0.25955303630992216,-0.11777082191205175,-0.18366365818007116,-0.16894068777925417,0.017094017094017096
H06,"H06|k=3;D=60|XG",XG,1858,L10,1482,7,-0.2002197080366948,-0.3067653887764391,0.07894736842105263,-0.2586210116801027,-0.16893490918385395,-0.21715844609728593,-0.2064058751962782,0.020917678812415654
H06,"H06|k=3;D=600|XT60",XT60,2555,KILL,2536,7,0.003485870829630913,-0.04585714143574947,0.4223186119873817,-0.0127926972637043,0.02044187956396908,-0.0013593850877442026,0.00350557846567879,0.00473186119873817
H06,"H06|k=3;D=600|XT60",XT60,2555,PRIMARY,2301,7,-0.015614390715843217,-0.05655141311078359,0.40330291177748806,-0.03302655465590367,0.00004115060613621738,-0.020963320793551177,-0.01548916185859666,0.004345936549326379
H06,"H06|k=3;D=600|XT60",XT60,2555,NOINS,2301,7,-0.01790620122385216,-0.058748479575665764,0.39852238157322906,-0.03527801481435067,-0.0022494294316394037,-0.023254318397898866,-0.017794515788318435,0.004345936549326379
H06,"H06|k=3;D=600|XT60",XT60,2555,L10,2099,7,-0.044113364069752366,-0.06403879121669583,0.3611243449261553,-0.05287266642951632,-0.019977740587177537,-0.04944359238981513,-0.041579150135464274,0.003811338732729871
H06,"H06|k=3;D=600|XT300",XT300,2555,KILL,2536,7,-0.07833428912019876,-0.26982849609472165,0.28746056782334384,-0.10494139218353342,-0.057261847629055514,-0.0856976660651648,-0.07831127766901345,0.021293375394321766
H06,"H06|k=3;D=600|XT300",XT300,2555,PRIMARY,2301,7,-0.08616580626515158,-0.25855991209230306,0.27857453281182093,-0.11305827024655572,-0.061231620620026364,-0.09394613314344447,-0.08812919404748197,0.020860495436766623
H06,"H06|k=3;D=600|XT300",XT300,2555,NOINS,2301,7,-0.08745749780994726,-0.2617932351502021,0.2768361581920904,-0.1142489062181374,-0.0624914287760995,-0.095239156188345,-0.08941435804959365,0.020860495436766623
H06,"H06|k=3;D=600|XT300",XT300,2555,L10,2099,7,-0.11055390893921252,-0.21393937254651954,0.25774178180085755,-0.1284479372265364,-0.08284442987282215,-0.11749326626909137,-0.10774784371022665,0.01953311100524059
H06,"H06|k=3;D=600|XT1800",XT1800,2555,KILL,2536,7,-0.18315325958802534,-0.43469196557385203,0.1608832807570978,-0.23597157294265905,-0.15445690145425692,-0.194251214596556,-0.183130862783432,0.06033123028391167
H06,"H06|k=3;D=600|XT1800",XT1800,2555,PRIMARY,2301,7,-0.18208738217884915,-0.4234494146002827,0.16210343328987398,-0.23066367618207156,-0.15763501414905562,-0.19413739197436106,-0.18494517724086276,0.05910473707083876
H06,"H06|k=3;D=600|XT1800",XT1800,2555,NOINS,2301,7,-0.1830184936722275,-0.42362039986272054,0.16166883963494133,-0.23158695213260708,-0.1585878973294565,-0.1950697189238982,-0.18586241779425408,0.05910473707083876
H06,"H06|k=3;D=600|XT1800",XT1800,2555,L10,2099,7,-0.19910422535932912,-0.38539019708717837,0.14721295855169128,-0.2334858634402233,-0.1767935654537909,-0.21002925916734339,-0.19985871081629475,0.054311576941400666
H06,"H06|k=3;D=600|XB",XB,2555,KILL,2536,7,-0.014254692882872682,-0.301249709646861,0.35212933753943215,-0.026133294403192092,0.00689572985608867,-0.015486387458996095,-0.014238810308592472,0.0011829652996845426
H06,"H06|k=3;D=600|XB",XB,2555,PRIMARY,2301,7,-0.05009698081551059,-0.25920613204940596,0.32898739678400696,-0.07761463399056893,-0.036628015687011274,-0.05269226490796686,-0.05122619038895049,0.001738374619730552
H06,"H06|k=3;D=600|XB",XB,2555,NOINS,2301,7,-0.05274202062163515,-0.2637120923030818,0.3259452411994785,-0.07906925201242312,-0.03961288827747723,-0.05533194766254317,-0.05385331337877867,0.001738374619730552
H06,"H06|k=3;D=600|XB",XB,2555,L10,2099,7,-0.07201539937273704,-0.22786013685630088,0.28870890900428775,-0.08117214922866565,-0.053091145119805325,-0.07612493546731407,-0.07149458106048519,0.0033349213911386373
H06,"H06|k=3;D=600|XR",XR,2555,KILL,2536,7,-0.001970115376570794,-0.1809630752307536,0.2835173501577287,-0.021367530470322152,0.024045990918335838,-0.007729405813153921,-0.0019452227841278533,0.025630914826498423
H06,"H06|k=3;D=600|XR",XR,2555,PRIMARY,2301,7,-0.07872277719108707,-0.22754128200677595,0.23946110386788352,-0.10022353905138293,-0.06376554690073988,-0.08565735794887816,-0.08054077051741587,0.027379400260756193
H06,"H06|k=3;D=600|XR",XR,2555,NOINS,2301,7,-0.0804430176199257,-0.23009953917317016,0.2368535419382877,-0.10221510001457122,-0.06531828506573871,-0.08737835969210073,-0.08225564007928694,0.027379400260756193
H06,"H06|k=3;D=600|XR",XR,2555,L10,2099,7,-0.10928084651806005,-0.2193617451287417,0.2148642210576465,-0.11596306474627946,-0.08477748593210646,-0.11684307561657717,-0.10803031111159768,0.027155788470700333
H06,"H06|k=3;D=600|XG",XG,2555,KILL,2536,7,-0.09366531423268,-0.30780175115665886,0.09503154574132493,-0.14288704186387247,-0.0730013581686362,-0.10609738540285789,-0.09364639899808987,0.007886435331230283
H06,"H06|k=3;D=600|XG",XG,2555,PRIMARY,2301,7,-0.1369279400716367,-0.31365507019025407,0.09778357235984354,-0.18569262845688778,-0.11235701200729309,-0.1501902108576778,-0.13898331970303401,0.016079965232507605
H06,"H06|k=3;D=600|XG",XG,2555,NOINS,2301,7,-0.13772658495461423,-0.3143840918646485,0.09647979139504563,-0.18637082082831077,-0.11316894873534229,-0.15098972698052388,-0.1397700928493495,0.016079965232507605
H06,"H06|k=3;D=600|XG",XG,2555,L10,2099,7,-0.17201394065264677,-0.3034255217021794,0.09480705097665555,-0.19437706404114877,-0.1491654047510455,-0.18392604766097817,-0.1737508945816059,0.023344449737970462
H08,"H08|nMin=3;g=0.05|XT60",XT60,1270,KILL,1258,7,-0.01846546155042197,-0.20893107805581812,0.2861685214626391,-0.057317948173789074,0.02821294031011999,-0.03159364864891631,-0.01847972126910702,0.003179650238473768
H08,"H08|nMin=3;g=0.05|XT60",XT60,1270,PRIMARY,1030,7,-0.04718260974968718,-0.1744394242275053,0.26601941747572816,-0.07984988492268182,-0.005276573370040989,-0.05648579430179377,-0.04845594191664944,0.001941747572815534
H08,"H08|nMin=3;g=0.05|XT60",XT60,1270,NOINS,1030,7,-0.04918798040540535,-0.17661345681350385,0.26601941747572816,-0.08186939039818862,-0.007285504096321947,-0.0584803963242739,-0.050441380423047605,0.001941747572815534
H08,"H08|nMin=3;g=0.05|XT60",XT60,1270,L10,969,7,-0.04669340869871855,-0.09082898267003807,0.21465428276573786,-0.07490781611301757,-0.013256179398372368,-0.05808830342388446,-0.040928504115560184,0.0030959752321981426
H08,"H08|nMin=3;g=0.05|XT300",XT300,1270,KILL,1258,7,-0.03284618217144614,-0.2944633749564698,0.20429252782193957,-0.07429636858654093,0.006132110235143885,-0.05639249351919911,-0.032878585322460366,0.011128775834658187
H08,"H08|nMin=3;g=0.05|XT300",XT300,1270,PRIMARY,1030,7,-0.05974199025632407,-0.24642023137098365,0.18543689320388348,-0.09430671413193228,-0.011946456632792505,-0.08824763908355003,-0.059034968741704164,0.010679611650485437
H08,"H08|nMin=3;g=0.05|XT300",XT300,1270,NOINS,1030,7,-0.06131959142490792,-0.24788018707270723,0.18543689320388348,-0.0958291379395316,-0.013529969998383613,-0.08982984422714002,-0.06057532530752225,0.010679611650485437
H08,"H08|nMin=3;g=0.05|XT300",XT300,1270,L10,969,7,-0.08609528533358438,-0.1527771384219175,0.15170278637770898,-0.10604686568685404,-0.06452736932425032,-0.10255731654565126,-0.0830033427056536,0.005159958720330237
H08,"H08|nMin=3;g=0.05|XT1800",XT1800,1270,KILL,1258,7,-0.10392222369180926,-0.34532298890602453,0.1136724960254372,-0.15486994347604519,-0.06490877385476836,-0.13024365193952808,-0.10394730895193852,0.03656597774244833
H08,"H08|nMin=3;g=0.05|XT1800",XT1800,1270,PRIMARY,1030,7,-0.11819634426312421,-0.2913647425853334,0.10679611650485436,-0.15844744034197775,-0.07918151492514607,-0.14565938321497707,-0.1210515260580919,0.03300970873786408
H08,"H08|nMin=3;g=0.05|XT1800",XT1800,1270,NOINS,1030,7,-0.1196668284839404,-0.29368997340623404,0.10679611650485436,-0.15972660339157274,-0.08075761422587481,-0.1471341626633746,-0.12248091517889903,0.03300970873786408
H08,"H08|nMin=3;g=0.05|XT1800",XT1800,1270,L10,969,7,-0.0959129806443198,-0.2149881021207234,0.09597523219814241,-0.12869811574853168,-0.05866282907369869,-0.12016063459080696,-0.09315681696491246,0.025799793601651185
H08,"H08|nMin=3;g=0.05|XB",XB,1270,KILL,1258,7,-0.0452075672747067,-0.30098307546888214,0.307631160572337,-0.07770810703634715,-0.019140314844561298,-0.04923287376098965,-0.04520621587461973,0.000794912559618442
H08,"H08|nMin=3;g=0.05|XB",XB,1270,PRIMARY,1030,7,-0.053123496427415165,-0.21463961173668328,0.25922330097087376,-0.07502028950259279,-0.021868698904862423,-0.058849673042761064,-0.054082555263055165,0.000970873786407767
H08,"H08|nMin=3;g=0.05|XB",XB,1270,NOINS,1030,7,-0.05501006883961734,-0.21636074788177634,0.25728155339805825,-0.07686484627986771,-0.02342802517123171,-0.06072009923238842,-0.055967948792192294,0.000970873786407767
H08,"H08|nMin=3;g=0.05|XB",XB,1270,L10,969,7,-0.05952041482681253,-0.14665978140301744,0.19298245614035087,-0.08463238096292956,-0.03280560682749078,-0.06701751283978633,-0.05677802289338438,0.0010319917440660474
H08,"H08|nMin=3;g=0.05|XR",XR,1270,KILL,1258,7,-0.06428129949995112,-0.2272641560121387,0.2519872813990461,-0.08789217278510343,-0.04185216526262948,-0.0831334550389313,-0.0642957542933478,0.0047694753577106515
H08,"H08|nMin=3;g=0.05|XR",XR,1270,PRIMARY,1030,7,-0.0786639590221191,-0.19462633480616032,0.21359223300970873,-0.10834434005309525,-0.039511130495969056,-0.09300100182570446,-0.0800514978298975,0.0048543689320388345
H08,"H08|nMin=3;g=0.05|XR",XR,1270,NOINS,1030,7,-0.0809693406562215,-0.19678998308118614,0.20970873786407768,-0.11020350647417766,-0.04172912072004544,-0.09531072349767365,-0.08230917233967257,0.0048543689320388345
H08,"H08|nMin=3;g=0.05|XR",XR,1270,L10,969,7,-0.06416940789733763,-0.14955511736139604,0.14241486068111456,-0.08644971410166409,-0.03870795377325455,-0.08574629286360205,-0.060408825203736013,0.007223942208462332
H08,"H08|nMin=3;g=0.05|XG",XG,1270,KILL,1258,7,-0.08289310646201704,-0.30722717775235064,0.06200317965023847,-0.14493178286350517,-0.02773883937095352,-0.1080365644691598,-0.08291992561029367,0.003179650238473768
H08,"H08|nMin=3;g=0.05|XG",XG,1270,PRIMARY,1030,7,-0.11238206947888611,-0.26306308342301565,0.07184466019417475,-0.14143152447844104,-0.08457735206015032,-0.14122443258430922,-0.11254340890310047,0.008737864077669903
H08,"H08|nMin=3;g=0.05|XG",XG,1270,NOINS,1030,7,-0.11281402567265848,-0.26467053452488065,0.07281553398058252,-0.14273547812408807,-0.08563127361043717,-0.1416573348038668,-0.11293702735726863,0.008737864077669903
H08,"H08|nMin=3;g=0.05|XG",XG,1270,L10,969,7,-0.09186065391892144,-0.2099154835151906,0.0629514963880289,-0.1184060222671977,-0.05970245040434366,-0.115155075182144,-0.08814037862782326,0.008255933952528379
H08,"H08|nMin=3;g=0.15|XT60",XT60,367,KILL,365,7,-0.0382510912304236,-0.16091983483408787,0.33972602739726027,-0.09585355453515033,0.03367284208306144,-0.06701294384082783,-0.038246449284891314,0.0027397260273972603
H08,"H08|nMin=3;g=0.15|XT60",XT60,367,PRIMARY,298,7,-0.1007266647197669,-0.15691780130962163,0.31208053691275167,-0.14167064603096402,-0.03963110663472371,-0.1223613173808354,-0.1048587831222192,0.003355704697986577
H08,"H08|nMin=3;g=0.15|XT60",XT60,367,NOINS,298,7,-0.10201099734065967,-0.1600540957595013,0.31208053691275167,-0.14282320609664162,-0.041303193645637,-0.1236516334364624,-0.10611176131257447,0.003355704697986577
H08,"H08|nMin=3;g=0.15|XT60",XT60,367,L10,291,7,-0.05675314428054764,-0.09394812009786031,0.27835051546391754,-0.09551730222733919,-0.0023826084465289332,-0.08230232009792735,-0.04388522660585442,0.006872852233676976
H08,"H08|nMin=3;g=0.15|XT300",XT300,367,KILL,365,7,0.0010861228780554577,-0.29532720325526,0.2493150684931507,-0.10294592285607597,0.09708667859065326,-0.06274961780993521,0.001053626794414855,0.01643835616438356
H08,"H08|nMin=3;g=0.15|XT300",XT300,367,PRIMARY,298,7,-0.06733876584194785,-0.2565831144494548,0.22818791946308725,-0.12539039976505495,-0.009327617048652231,-0.12304572379767151,-0.06760019960531012,0.016778523489932886
H08,"H08|nMin=3;g=0.15|XT300",XT300,367,NOINS,298,7,-0.06830508402999524,-0.25900391673172807,0.22818791946308725,-0.126120064029922,-0.010555500506605697,-0.12402185385842658,-0.06853127967711126,0.016778523489932886
H08,"H08|nMin=3;g=0.15|XT300",XT300,367,L10,291,7,-0.04742146676235945,-0.1463286196713769,0.2268041237113402,-0.08912573629531753,0.001496767373149498,-0.09903206213082388,-0.0231056016650438,0.010309278350515464
H08,"H08|nMin=3;g=0.15|XT1800",XT1800,367,KILL,365,7,-0.055729991494450425,-0.45334644047559824,0.16712328767123288,-0.2171987842365167,0.08427981508278413,-0.12451988258272653,-0.05575694802473838,0.0684931506849315
H08,"H08|nMin=3;g=0.15|XT1800",XT1800,367,PRIMARY,298,7,-0.13418329285681357,-0.4053397650524893,0.15100671140939598,-0.2262032383692169,-0.05031819856982078,-0.19265830978226745,-0.13722914856762963,0.07046979865771812
H08,"H08|nMin=3;g=0.15|XT1800",XT1800,367,NOINS,298,7,-0.13506836622701104,-0.4053410144578635,0.15100671140939598,-0.22684800287266135,-0.051308356523736935,-0.19354420206507303,-0.1380783147174208,0.07046979865771812
H08,"H08|nMin=3;g=0.15|XT1800",XT1800,367,L10,291,7,-0.06614455738565246,-0.28323379937862814,0.15463917525773196,-0.1567645396056098,0.037829695917456475,-0.13803686035740698,-0.04340808864424745,0.06529209621993128
H08,"H08|nMin=3;g=0.15|XB",XB,367,KILL,365,7,-0.08542638371446258,-0.3075321128302074,0.28493150684931506,-0.14986485523780246,-0.006045322942040164,-0.09514556233441161,-0.08541113515966366,0.0027397260273972603
H08,"H08|nMin=3;g=0.15|XB",XB,367,PRIMARY,298,7,-0.06577842827736388,-0.2170563764199972,0.26174496644295303,-0.10742630964025934,-0.015838143646158247,-0.07886952119350694,-0.07090705017026337,0.003355704697986577
H08,"H08|nMin=3;g=0.15|XB",XB,367,NOINS,298,7,-0.06893229938915224,-0.22206897191666808,0.2550335570469799,-0.11025385768154933,-0.020764617114178544,-0.08203051017750698,-0.07398844265486075,0.003355704697986577
H08,"H08|nMin=3;g=0.15|XB",XB,367,L10,291,7,-0.06670685187383323,-0.18736566446440686,0.2542955326460481,-0.09031577579230389,-0.035643515070466654,-0.08066930379313847,-0.0595848594598495,0.003436426116838488
H08,"H08|nMin=3;g=0.15|XR",XR,367,KILL,365,7,-0.057556786494292515,-0.25014962439679617,0.23013698630136986,-0.15366340684068422,0.04991121939665101,-0.12039670722828273,-0.05756231287631696,0.010958904109589041
H08,"H08|nMin=3;g=0.15|XR",XR,367,PRIMARY,298,7,-0.11053891899977483,-0.19402072566132134,0.21476510067114093,-0.15823875535282653,-0.03565954843912827,-0.14468563633071083,-0.1118023960645507,0.010067114093959731
H08,"H08|nMin=3;g=0.15|XR",XR,367,NOINS,298,7,-0.11340274302998582,-0.1957232211690125,0.2080536912751678,-0.16122321455444993,-0.03801479061266879,-0.1475704020074087,-0.11453312826886322,0.010067114093959731
H08,"H08|nMin=3;g=0.15|XR",XR,367,L10,291,7,-0.033860182910604636,-0.15656862446250508,0.19931271477663232,-0.09212563416503496,0.03718030791012656,-0.10464067120707093,-0.01536549254944913,0.01718213058419244
H08,"H08|nMin=3;g=0.15|XG",XG,367,KILL,365,7,-0.015476749836221274,-0.3117577334460972,0.08767123287671233,-0.17887288714268632,0.14505495817452166,-0.08990751349155404,-0.015531039879973755,0.010958904109589041
H08,"H08|nMin=3;g=0.15|XG",XG,367,PRIMARY,298,7,-0.08310796354707942,-0.26741837162426974,0.08389261744966443,-0.1819017010163012,-0.005450689682730464,-0.14865408478675754,-0.08133557282728018,0.020134228187919462
H08,"H08|nMin=3;g=0.15|XG",XG,367,NOINS,298,7,-0.08377950532144826,-0.26938971642973564,0.08389261744966443,-0.18546995202317548,-0.0053601985807471275,-0.14932850259521785,-0.08183536242406848,0.020134228187919462
H08,"H08|nMin=3;g=0.15|XG",XG,367,L10,291,7,-0.062353255061347805,-0.2386168572795081,0.09278350515463918,-0.14828752748401108,0.052484754089809973,-0.13112008218722832,-0.03432246690907859,0.013745704467353952
H08,"H08|nMin=10;g=0.05|XT60",XT60,925,KILL,916,7,-0.01912749567537877,-0.22261224317198147,0.2631004366812227,-0.06554660936042858,0.03882452962490113,-0.037175536103621065,-0.0191459404698134,0.0032751091703056767
H08,"H08|nMin=10;g=0.05|XT60",XT60,925,PRIMARY,750,7,-0.03792258521781088,-0.1777619819482244,0.24666666666666667,-0.0748748006982268,0.007218190701083182,-0.050675718365625684,-0.0404159779936306,0.0013333333333333333
H08,"H08|nMin=10;g=0.05|XT60",XT60,925,NOINS,750,7,-0.040013543121647184,-0.1811399467677441,0.24666666666666667,-0.07694492958089173,0.004937599848278812,-0.05275221492462838,-0.042485181593344516,0.0013333333333333333
H08,"H08|nMin=10;g=0.05|XT60",XT60,925,L10,692,7,-0.05359904802267697,-0.09622713825503403,0.18497109826589594,-0.08990209513761051,-0.012545884676272368,-0.06820756871506098,-0.05072307998259369,0.002890173410404624
H08,"H08|nMin=10;g=0.05|XT300",XT300,925,KILL,916,7,-0.06086392290406513,-0.2961580418884633,0.18340611353711792,-0.1030438440819802,-0.019129730881815674,-0.08551388354602611,-0.06089510654166328,0.009825327510917031
H08,"H08|nMin=10;g=0.05|XT300",XT300,925,PRIMARY,750,7,-0.08649614775409634,-0.24767184628661812,0.16133333333333333,-0.12116670073796425,-0.047929349439165984,-0.11195525089864744,-0.08773074162434129,0.008
H08,"H08|nMin=10;g=0.05|XT300",XT300,925,NOINS,750,7,-0.08814208657764264,-0.24850420456310293,0.16133333333333333,-0.1226366995249937,-0.04960663716604285,-0.11360779092427552,-0.08933392755235121,0.008
H08,"H08|nMin=10;g=0.05|XT300",XT300,925,L10,692,7,-0.11543067013037839,-0.1581351638308235,0.11849710982658959,-0.1461143602610135,-0.0815982022490525,-0.12877222691537904,-0.11927095894352077,0.004335260115606936
H08,"H08|nMin=10;g=0.05|XT1800",XT1800,925,KILL,916,7,-0.14650730137016882,-0.34532298890602453,0.0906113537117904,-0.20316177057231485,-0.0821361337937675,-0.18103156194814504,-0.14653416280974704,0.03165938864628821
H08,"H08|nMin=10;g=0.05|XT1800",XT1800,925,PRIMARY,750,7,-0.1497236080659366,-0.2857393343608178,0.08533333333333333,-0.19969510899025666,-0.10195694484454806,-0.18100406044658268,-0.15339619628166187,0.025333333333333333
H08,"H08|nMin=10;g=0.05|XT1800",XT1800,925,NOINS,750,7,-0.15128225661785563,-0.2875015473076743,0.08533333333333333,-0.20126189070788714,-0.10352291323130715,-0.18256896834501551,-0.15490756011997328,0.025333333333333333
H08,"H08|nMin=10;g=0.05|XT1800",XT1800,925,L10,692,7,-0.1318527812885845,-0.20849002080944282,0.07225433526011561,-0.15097027164679686,-0.11209608805468664,-0.15915739335067777,-0.13579292415125926,0.01878612716763006
H08,"H08|nMin=10;g=0.05|XB",XB,925,KILL,916,7,-0.042775998604437725,-0.30017224018705535,0.31004366812227074,-0.06518772347238845,-0.023987223369658073,-0.04817256675912525,-0.04278245843907225,0
H08,"H08|nMin=10;g=0.05|XB",XB,925,PRIMARY,750,7,-0.05205100926445143,-0.2106820348561343,0.252,-0.08056959938222308,-0.015165480667194555,-0.059919236737639416,-0.05315794616765615,0
H08,"H08|nMin=10;g=0.05|XB",XB,925,NOINS,750,7,-0.05306297769345902,-0.21274048808071216,0.252,-0.08157310186128293,-0.01664098939519729,-0.06090549434665555,-0.05408267648294194,0
H08,"H08|nMin=10;g=0.05|XB",XB,925,L10,692,7,-0.0606835188354761,-0.14435369235836049,0.1676300578034682,-0.09326200763470366,-0.02925758248783635,-0.07119975394804338,-0.05998490149582634,0
H08,"H08|nMin=10;g=0.05|XR",XR,925,KILL,916,7,-0.07667016255651175,-0.23069907961914207,0.25327510917030566,-0.09368830153706104,-0.059695532953727024,-0.09365647286212153,-0.0766899417491333,0.004366812227074236
H08,"H08|nMin=10;g=0.05|XR",XR,925,PRIMARY,750,7,-0.080093411389786,-0.18809055453097273,0.2,-0.11794649680298172,-0.038248226733131295,-0.09649823435992765,-0.08284761410252124,0.004
H08,"H08|nMin=10;g=0.05|XR",XR,925,NOINS,750,7,-0.08211866346195311,-0.18978852883561462,0.19866666666666666,-0.11992327271610112,-0.04036799470297256,-0.09852908756666039,-0.08485865921713812,0.004
H08,"H08|nMin=10;g=0.05|XR",XR,925,L10,692,7,-0.08885821540096474,-0.1531323603346097,0.12283236994219653,-0.11822934855936645,-0.05104592726503087,-0.10706979810205729,-0.08956461048212298,0.004335260115606936
H08,"H08|nMin=10;g=0.05|XG",XG,925,KILL,916,7,-0.11673115572153878,-0.307099960200985,0.05021834061135371,-0.19327058429373112,-0.0488439440280468,-0.1493497266090653,-0.11674952010028217,0.001091703056768559
H08,"H08|nMin=10;g=0.05|XG",XG,925,PRIMARY,750,7,-0.14777539935072664,-0.26096188634163364,0.06266666666666666,-0.1853921716577087,-0.11851392484285182,-0.1771787591164064,-0.14840532753318084,0.006666666666666667
H08,"H08|nMin=10;g=0.05|XG",XG,925,NOINS,750,7,-0.14769328170096846,-0.26172107861839833,0.064,-0.1850679369228039,-0.1193355572446101,-0.1770960209495099,-0.1482319661824682,0.006666666666666667
H08,"H08|nMin=10;g=0.05|XG",XG,925,L10,692,7,-0.1172682808378764,-0.20326625076058247,0.0476878612716763,-0.12489687430887703,-0.10791688572469944,-0.14303357612629483,-0.12087684105997823,0.0072254335260115606
H08,"H08|nMin=10;g=0.15|XT60",XT60,125,KILL,124,7,-0.09791264988083564,-0.25887830953683894,0.28225806451612906,-0.154811993550474,0.004785542749200592,-0.14971448035831453,-0.09789890676690945,0
H08,"H08|nMin=10;g=0.15|XT60",XT60,125,PRIMARY,99,7,-0.13049056967821643,-0.22859402946266283,0.2727272727272727,-0.19818523149222728,0.006761066336209292,-0.1910659793978204,-0.14455534665655653,0
H08,"H08|nMin=10;g=0.15|XT60",XT60,125,NOINS,99,7,-0.13131715314091286,-0.2305145501035797,0.2727272727272727,-0.19881386726054748,0.0055054910742825276,-0.19191128564813764,-0.14529262999398204,0
H08,"H08|nMin=10;g=0.15|XT60",XT60,125,L10,96,7,-0.11920911546902567,-0.17124411895252112,0.1875,-0.19163082982887925,0.022459366304304097,-0.1651086647772279,-0.11959152310567697,0.010416666666666666
H08,"H08|nMin=10;g=0.15|XT300",XT300,125,KILL,124,7,-0.07789210703213685,-0.3119828267250385,0.22580645161290322,-0.21315715117862083,0.05978306047360627,-0.20917403631831552,-0.07790119287683608,0.024193548387096774
H08,"H08|nMin=10;g=0.15|XT300",XT300,125,PRIMARY,99,7,-0.14030151829689597,-0.26396613635748134,0.1919191919191919,-0.2456308049245797,-0.027776060090343,-0.23830337500521173,-0.15254774377613306,0.020202020202020204
H08,"H08|nMin=10;g=0.15|XT300",XT300,125,NOINS,99,7,-0.14093813036660402,-0.26396620209068394,0.1919191919191919,-0.24618813667533768,-0.028610756458470485,-0.23894980150233328,-0.15310447519739206,0.020202020202020204
H08,"H08|nMin=10;g=0.15|XT300",XT300,125,L10,96,7,-0.12839718831024963,-0.145196221199331,0.17708333333333334,-0.19652533469761863,0.021333968077838786,-0.19981017171542023,-0.1182583465843888,0.010416666666666666
H08,"H08|nMin=10;g=0.15|XT1800",XT1800,125,KILL,124,7,-0.18690407202241452,-0.5278687925973833,0.13709677419354838,-0.3721681216516953,-0.03455924989382187,-0.3275244638598206,-0.18689805458022266,0.08870967741935484
H08,"H08|nMin=10;g=0.15|XT1800",XT1800,125,PRIMARY,99,7,-0.2349168632151838,-0.4943584314527933,0.1414141414141414,-0.34956146003003735,-0.10834781612570966,-0.34937274766022225,-0.246759784779976,0.09090909090909091
H08,"H08|nMin=10;g=0.15|XT1800",XT1800,125,NOINS,99,7,-0.23550545151380314,-0.49508222984136907,0.1414141414141414,-0.35015711379278747,-0.10862571209242404,-0.34997972819410145,-0.2472678853950741,0.09090909090909091
H08,"H08|nMin=10;g=0.15|XT1800",XT1800,125,L10,96,7,-0.21569603354940226,-0.3796676181312837,0.13541666666666666,-0.30919489125685595,-0.03881631871049616,-0.3101260541848982,-0.21067192618033478,0.08333333333333333
H08,"H08|nMin=10;g=0.15|XB",XB,125,KILL,124,7,-0.13373886295505033,-0.31356751405402716,0.2661290322580645,-0.27078931651027266,-0.0628451137418872,-0.1528516682687034,-0.13373540148928087,0
H08,"H08|nMin=10;g=0.15|XB",XB,125,PRIMARY,99,7,-0.0915922703681152,-0.2081610320504528,0.21212121212121213,-0.13935151865050474,-0.027549799060931357,-0.12747818566168556,-0.10597991605338031,0
H08,"H08|nMin=10;g=0.15|XB",XB,125,NOINS,99,7,-0.08926290723614147,-0.20732182516564865,0.21212121212121213,-0.14014030041438663,-0.02449620759742725,-0.12503233526180133,-0.10307442036891021,0
H08,"H08|nMin=10;g=0.15|XB",XB,125,L10,96,7,-0.09186330376959585,-0.22297456719209682,0.20833333333333334,-0.13466717518564214,0.016975030403472046,-0.12966174842976713,-0.08983500472333962,0
H08,"H08|nMin=10;g=0.15|XR",XR,125,KILL,124,7,-0.11466712722039192,-0.2935260960308935,0.20967741935483872,-0.3073611369098986,0.000878781950274747,-0.20403600750420295,-0.1146751802432607,0.016129032258064516
H08,"H08|nMin=10;g=0.15|XR",XR,125,PRIMARY,99,7,-0.14911987913952535,-0.1798807077623922,0.1414141414141414,-0.19969699084247058,-0.03718376396198744,-0.1940429105445571,-0.16208278482377134,0.010101010101010102
H08,"H08|nMin=10;g=0.15|XR",XR,125,NOINS,99,7,-0.15072596396902088,-0.17995685127389038,0.1414141414141414,-0.20204755007659536,-0.039091554435066636,-0.19569466554872594,-0.16372485123479757,0.010101010101010102
H08,"H08|nMin=10;g=0.15|XR",XR,125,L10,96,7,-0.14215968133336143,-0.22355388766322765,0.1875,-0.19923566642280277,-0.011989345949120772,-0.18935799351009022,-0.13768485778683343,0.010416666666666666
H08,"H08|nMin=10;g=0.15|XG",XG,125,KILL,124,7,-0.09515493498097323,-0.3228990099995025,0.07258064516129033,-0.28990978918978694,0.07207838435037568,-0.23213539277825307,-0.09519147115325602,0.008064516129032258
H08,"H08|nMin=10;g=0.15|XG",XG,125,PRIMARY,99,7,-0.13664243729412115,-0.2502027565928881,0.0707070707070707,-0.21124498263169433,-0.04689131282626885,-0.24562430382102293,-0.1386185164067442,0.020202020202020204
H08,"H08|nMin=10;g=0.15|XG",XG,125,NOINS,99,7,-0.13309476116507185,-0.24769705755739643,0.0707070707070707,-0.21234233368878097,-0.04264169418878873,-0.2419654689309951,-0.1344828145678972,0.020202020202020204
H08,"H08|nMin=10;g=0.15|XG",XG,125,L10,96,7,-0.1961535906444002,-0.24688188534673045,0.052083333333333336,-0.27130200387857856,-0.0834139450235061,-0.26459075842639046,-0.18513903509381988,0.010416666666666666
H09,"H09|c=3;D=10|XT60",XT60,793,KILL,782,7,-0.0739351548279423,-0.03705973600635173,0.17647058823529413,-0.08840764629016166,-0.05861970161808887,-0.08700964292758283,-0.07393701600716404,0.008951406649616368
H09,"H09|c=3;D=10|XT60",XT60,793,PRIMARY,758,7,-0.055419161227768014,-0.027312711652764596,0.17282321899736147,-0.06999833187321872,-0.041715927159442036,-0.06817990987677444,-0.05446643139859635,0.006596306068601583
H09,"H09|c=3;D=10|XT60",XT60,793,NOINS,758,7,-0.059698304311925195,-0.03364933819489536,0.16886543535620052,-0.07405270756591713,-0.0458981328672488,-0.07245842093479685,-0.05881680977695281,0.005277044854881266
H09,"H09|c=3;D=10|XT60",XT60,793,L10,726,7,-0.032402271519702916,-0.027297713658146965,0.17079889807162535,-0.0493568990533496,-0.017681083605667808,-0.04600167718385286,-0.02878973630430715,0.005509641873278237
H09,"H09|c=3;D=10|XT300",XT300,793,KILL,782,7,-0.08447518034486148,-0.048368996567334954,0.1432225063938619,-0.10450340226592222,-0.06266894599820785,-0.10192798962720089,-0.08450761094603051,0.026854219948849106
H09,"H09|c=3;D=10|XT300",XT300,793,PRIMARY,758,7,-0.06325686972038169,-0.03949050496978173,0.1424802110817942,-0.0800519297798257,-0.045366616276313214,-0.08069686802381754,-0.061326546497633784,0.022427440633245383
H09,"H09|c=3;D=10|XT300",XT300,793,NOINS,758,7,-0.06694740840402919,-0.045694620648319265,0.13984168865435356,-0.08379823221795536,-0.048994481088644015,-0.08439343162888177,-0.06506706313717836,0.021108179419525065
H09,"H09|c=3;D=10|XT300",XT300,793,L10,726,7,-0.04055382071367414,-0.03769413058711364,0.1446280991735537,-0.06478519281430206,-0.01893742945028715,-0.058383747432426636,-0.03288652316798265,0.02203856749311295
H09,"H09|c=3;D=10|XT1800",XT1800,793,KILL,782,7,-0.1321680034515761,-0.06992226257400129,0.10230179028132992,-0.15517453415485283,-0.09969602966540776,-0.1525042913410057,-0.13220597657184144,0.056265984654731455
H09,"H09|c=3;D=10|XT1800",XT1800,793,PRIMARY,758,7,-0.11643771424398176,-0.058229993506817845,0.10026385224274406,-0.1413707167788417,-0.08411255729185707,-0.13673380982020808,-0.11542882858007093,0.05013192612137203
H09,"H09|c=3;D=10|XT1800",XT1800,793,NOINS,758,7,-0.12088711047233348,-0.0640725737975126,0.09762532981530343,-0.1452529367934328,-0.08820794543260167,-0.1412008855613955,-0.12001496459517276,0.048812664907651716
H09,"H09|c=3;D=10|XT1800",XT1800,793,L10,726,7,-0.08257697420388156,-0.04872029879248306,0.10055096418732783,-0.11459092314919354,-0.045603354497320676,-0.10528092105382578,-0.07450297361916666,0.05096418732782369
H09,"H09|c=3;D=10|XB",XB,793,KILL,782,7,-0.06391953901033565,-0.05733368489129894,0.16112531969309463,-0.07504196914315217,-0.05314907851812028,-0.06906000305337158,-0.06392825662597883,0.005115089514066497
H09,"H09|c=3;D=10|XB",XB,793,PRIMARY,758,7,-0.053053502354758364,-0.04199481544378403,0.16094986807387862,-0.0724997798606915,-0.03308762736826115,-0.0625550593750287,-0.052911960171467945,0.006596306068601583
H09,"H09|c=3;D=10|XB",XB,793,NOINS,758,7,-0.05756810972255402,-0.04790581635713212,0.15699208443271767,-0.07683100426122466,-0.036887916678548335,-0.0670651566995104,-0.05749358866438556,0.005277044854881266
H09,"H09|c=3;D=10|XB",XB,793,L10,726,7,-0.03509905323329267,-0.039486359322711155,0.15702479338842976,-0.0527892124437035,-0.014348246840696795,-0.04783521392901517,-0.03516957158314426,0.005509641873278237
H09,"H09|c=3;D=10|XR",XR,793,KILL,782,7,-0.04577713576479009,-0.05767243420725337,0.1432225063938619,-0.06866541667694843,-0.02541081463169146,-0.06390117219327948,-0.04579426764426037,0.02557544757033248
H09,"H09|c=3;D=10|XR",XR,793,PRIMARY,758,7,-0.04769630458619047,-0.04610096861431568,0.13852242744063326,-0.07158340369606961,-0.027980459863399813,-0.0636274637854751,-0.047236145867879636,0.023746701846965697
H09,"H09|c=3;D=10|XR",XR,793,NOINS,758,7,-0.05210545951781143,-0.05181711391411416,0.1358839050131926,-0.07603186947743856,-0.03248916732178232,-0.06805341218872463,-0.0517135200365557,0.022427440633245383
H09,"H09|c=3;D=10|XR",XR,793,L10,726,7,-0.03457988376657209,-0.0395018622458773,0.13360881542699724,-0.058507575190873476,-0.014850568181405151,-0.050942058074289684,-0.029998299032110477,0.027548209366391185
H09,"H09|c=3;D=10|XG",XG,793,KILL,782,7,-0.09627428999203681,-0.10686533505795731,0.06905370843989769,-0.12557009917771897,-0.0747644492623544,-0.11258864795987167,-0.09629403892142446,0.005115089514066497
H09,"H09|c=3;D=10|XG",XG,793,PRIMARY,758,7,-0.09284754325616883,-0.06696776384795963,0.07519788918205805,-0.1267303089894086,-0.06228311110273444,-0.10865652748403738,-0.09225562159890448,0.013192612137203167
H09,"H09|c=3;D=10|XG",XG,793,NOINS,758,7,-0.09610500978299578,-0.07134613156186004,0.07387862796833773,-0.12969498011333513,-0.06574356921961697,-0.1119269374947478,-0.0955085706430119,0.011873350923482849
H09,"H09|c=3;D=10|XG",XG,793,L10,726,7,-0.06394073690317881,-0.053981147601891766,0.08264462809917356,-0.10192110399909225,-0.029081016575790195,-0.08213175541082135,-0.058288180427006,0.01790633608815427
H09,"H09|c=3;D=30|XT60",XT60,932,KILL,920,7,-0.06479768446466425,-0.03470097507586688,0.16630434782608697,-0.07462856037038329,-0.05397665990979219,-0.0758746897193318,-0.06479987843802759,0.007608695652173913
H09,"H09|c=3;D=30|XT60",XT60,932,PRIMARY,895,7,-0.048517438190114164,-0.027297713658146965,0.16312849162011173,-0.05950781227774557,-0.0387568043821219,-0.05929508399828382,-0.04747337901243901,0.00558659217877095
H09,"H09|c=3;D=30|XT60",XT60,932,NOINS,895,7,-0.05299654763250134,-0.033136376804355425,0.15865921787709497,-0.06377062698257721,-0.0435272423204134,-0.0637743310184088,-0.05201729589843829,0.004469273743016759
H09,"H09|c=3;D=30|XT60",XT60,932,L10,861,7,-0.03068439076131433,-0.02677493156469284,0.15911730545876887,-0.04364517693665869,-0.019264604733650055,-0.04213802322390827,-0.02742120934632206,0.004645760743321719
H09,"H09|c=3;D=30|XT300",XT300,932,KILL,920,7,-0.07580241412188281,-0.03964072644118816,0.14130434782608695,-0.08980712395375727,-0.06214925501500097,-0.09060036410255275,-0.07582895155745127,0.02391304347826087
H09,"H09|c=3;D=30|XT300",XT300,932,PRIMARY,895,7,-0.0558985440329718,-0.029150861595324908,0.1418994413407821,-0.06619700588671859,-0.045282010302566025,-0.07063522984242385,-0.053961794070960335,0.02011173184357542
H09,"H09|c=3;D=30|XT300",XT300,932,NOINS,895,7,-0.05983930043697947,-0.034856151041406526,0.13966480446927373,-0.07007982496984239,-0.049126585100808536,-0.07458192735498671,-0.05794997093922294,0.01899441340782123
H09,"H09|c=3;D=30|XT300",XT300,932,L10,861,7,-0.03816765183346404,-0.027862134758503573,0.14169570267131243,-0.05641727226907538,-0.02368842873151176,-0.053183827254230646,-0.03137185111368332,0.019744483159117306
H09,"H09|c=3;D=30|XT1800",XT1800,932,KILL,920,7,-0.11908801594062804,-0.059512710810407446,0.10108695652173913,-0.14423393235818424,-0.0931692836547343,-0.13632108933575732,-0.1191156774560711,0.04891304347826087
H09,"H09|c=3;D=30|XT1800",XT1800,932,PRIMARY,895,7,-0.10601195916547458,-0.04598824160903194,0.10167597765363129,-0.1328395000580369,-0.07913212864798941,-0.12315576510136562,-0.10485652360944951,0.04357541899441341
H09,"H09|c=3;D=30|XT1800",XT1800,932,NOINS,895,7,-0.11054250417773387,-0.05186754907347285,0.09832402234636871,-0.13732230686232685,-0.08355288988307057,-0.1277015471971934,-0.10950539464209313,0.042458100558659215
H09,"H09|c=3;D=30|XT1800",XT1800,932,L10,861,7,-0.07581844774877729,-0.03953740572398981,0.10104529616724739,-0.1024679964012939,-0.04824624328904304,-0.09492646405780311,-0.06820674042263311,0.04413472706155633
H09,"H09|c=3;D=30|XB",XB,932,KILL,920,7,-0.0600702497308058,-0.04739252276006169,0.1532608695652174,-0.07357370069446233,-0.04585386346867728,-0.06442452848946052,-0.06007905058402024,0.004347826086956522
H09,"H09|c=3;D=30|XB",XB,932,PRIMARY,895,7,-0.04807467115986276,-0.039054023275560665,0.1553072625698324,-0.06698215106185625,-0.03128605995522544,-0.05610016337591632,-0.04783968923217687,0.00558659217877095
H09,"H09|c=3;D=30|XB",XB,932,NOINS,895,7,-0.05253373793429567,-0.044660599633938994,0.15083798882681565,-0.07147857915543065,-0.035151618953492364,-0.06055522599734171,-0.05235383924380354,0.004469273743016759
H09,"H09|c=3;D=30|XB",XB,932,L10,861,7,-0.036239996570335234,-0.03406439238799261,0.148664343786295,-0.053383560836972314,-0.01912127059264517,-0.04697620521021729,-0.036263608366273195,0.004645760743321719
H09,"H09|c=3;D=30|XR",XR,932,KILL,920,7,-0.04388681034434234,-0.047473397180680596,0.13695652173913042,-0.06620158346523272,-0.021755827655267793,-0.059277163017768635,-0.043902705605349805,0.02282608695652174
H09,"H09|c=3;D=30|XR",XR,932,PRIMARY,895,7,-0.04275886562308211,-0.039486359322711155,0.13519553072625698,-0.0638387537837002,-0.02079003742556642,-0.05622659306542612,-0.042274879416060576,0.021229050279329607
H09,"H09|c=3;D=30|XR",XR,932,NOINS,895,7,-0.047346600513953715,-0.04568706857799311,0.13072625698324022,-0.06820428220734782,-0.025655887425868117,-0.06082914276678741,-0.04692379459392549,0.02011173184357542
H09,"H09|c=3;D=30|XR",XR,932,L10,861,7,-0.035374191909220816,-0.03520733511109674,0.1289198606271777,-0.06072642696608432,-0.013694822563057435,-0.049164675532656764,-0.031348481141341304,0.024390243902439025
H09,"H09|c=3;D=30|XG",XG,932,KILL,920,7,-0.08797805096015647,-0.0708778966220586,0.06956521739130435,-0.11859710464410135,-0.062468833247082106,-0.10181010781931497,-0.08799693920728252,0.004347826086956522
H09,"H09|c=3;D=30|XG",XG,932,PRIMARY,895,7,-0.08357332503490335,-0.05506828391563608,0.07597765363128492,-0.11743156085882556,-0.05419191036830594,-0.0969230564669382,-0.08295142819616703,0.0111731843575419
H09,"H09|c=3;D=30|XG",XG,932,NOINS,895,7,-0.08691107259938362,-0.05995932271115329,0.07486033519553073,-0.12062952034204516,-0.057619132080077226,-0.10027202956218878,-0.0862852900149298,0.01005586592178771
H09,"H09|c=3;D=30|XG",XG,932,L10,861,7,-0.06043388560961834,-0.04441253683632186,0.08013937282229965,-0.0970960338811967,-0.02867189973094935,-0.07575041920768981,-0.055428303438200495,0.015098722415795587
H09,"H09|c=10;D=10|XT60",XT60,94,KILL,93,7,-0.08518734726305166,-0.037153763494353516,0.22580645161290322,-0.12578145941123373,-0.04826906714941341,-0.11149415699479823,-0.08519275659690749,0.021505376344086023
H09,"H09|c=10;D=10|XT60",XT60,94,PRIMARY,90,7,-0.05272090435452142,-0.027657511733037737,0.2,-0.09807046586671392,-0.0034175022736929787,-0.084629828309353,-0.050958464826978564,0.03333333333333333
H09,"H09|c=10;D=10|XT60",XT60,94,NOINS,90,7,-0.056441238753207786,-0.03373070924715351,0.2,-0.10183509120175982,-0.007223482099976634,-0.0884694139554567,-0.05469266846333736,0.03333333333333333
H09,"H09|c=10;D=10|XT60",XT60,94,L10,86,7,-0.044935313971877666,-0.027846835063897762,0.1744186046511628,-0.09466928344920293,-0.009842527972235678,-0.07097574994115034,-0.039914843609589,0.011627906976744186
H09,"H09|c=10;D=10|XT300",XT300,94,KILL,93,7,-0.1394502320438046,-0.07688828416496692,0.13978494623655913,-0.1931245402591118,-0.1020678149670521,-0.18251420926049206,-0.13944506758003322,0.043010752688172046
H09,"H09|c=10;D=10|XT300",XT300,94,PRIMARY,90,7,-0.10692946829173774,-0.056535430801657696,0.14444444444444443,-0.16747846620012038,-0.05869951183381811,-0.15077499981731474,-0.10256840961952599,0.044444444444444446
H09,"H09|c=10;D=10|XT300",XT300,94,NOINS,90,7,-0.11021664213294419,-0.06202281926940737,0.14444444444444443,-0.17080225443107594,-0.0619527256937475,-0.15414193481524344,-0.10586245528773719,0.044444444444444446
H09,"H09|c=10;D=10|XT300",XT300,94,L10,86,7,-0.10776874483732943,-0.06093593892646747,0.10465116279069768,-0.15933184415283308,-0.06111078743620339,-0.14442840937290866,-0.10137292323394603,0.023255813953488372
H09,"H09|c=10;D=10|XT1800",XT1800,94,KILL,93,7,-0.16472427638674875,-0.11873317745385802,0.12903225806451613,-0.24557798033498585,-0.08771796870263161,-0.21374890492316767,-0.1647045173676006,0.08602150537634409
H09,"H09|c=10;D=10|XT1800",XT1800,94,PRIMARY,90,7,-0.13415664155491755,-0.06273904899855152,0.14444444444444443,-0.2185618460844222,-0.057749760424037545,-0.1848114675426823,-0.1299727074795347,0.08888888888888889
H09,"H09|c=10;D=10|XT1800",XT1800,94,NOINS,90,7,-0.13726875108397324,-0.068655012237151,0.13333333333333333,-0.22154112907797024,-0.06099790118897121,-0.18800585793214664,-0.13308786895624347,0.08888888888888889
H09,"H09|c=10;D=10|XT1800",XT1800,94,L10,86,7,-0.12729133423161623,-0.06093593892646747,0.12790697674418605,-0.20363171109412562,-0.04525795389290687,-0.171828325456686,-0.1236507790182807,0.06976744186046512
H09,"H09|c=10;D=10|XB",XB,94,KILL,93,7,-0.04642395778417027,-0.05686435500721357,0.1935483870967742,-0.10851692092242461,0.017295204584178735,-0.07082336363255758,-0.046431864620682835,0.010752688172043012
H09,"H09|c=10;D=10|XB",XB,94,PRIMARY,90,7,-0.05568633327864141,-0.05587602249696309,0.16666666666666666,-0.10041227702572533,0.003253539359197427,-0.08192457376998191,-0.054611471075705444,0.022222222222222223
H09,"H09|c=10;D=10|XB",XB,94,NOINS,90,7,-0.0592071655535953,-0.06136163855555499,0.15555555555555556,-0.10379771163785037,-0.00024801732474622097,-0.08545679249496486,-0.05814187331074223,0.022222222222222223
H09,"H09|c=10;D=10|XB",XB,94,L10,86,7,0.011411801851583183,-0.0392278107986614,0.1744186046511628,-0.07347341128447436,0.12177487564544583,-0.056346726150368794,0.0003507693425317043,0.011627906976744186
H09,"H09|c=10;D=10|XR",XR,94,KILL,93,7,-0.09119081710218302,-0.07119819909457241,0.16129032258064516,-0.1419155174843124,-0.04695890013134741,-0.12254995265233745,-0.09120216812254513,0.043010752688172046
H09,"H09|c=10;D=10|XR",XR,94,PRIMARY,90,7,-0.06513237772243138,-0.05587602249696309,0.15555555555555556,-0.111731805645248,-0.014965744134035881,-0.0977752090917201,-0.06319836355544704,0.044444444444444446
H09,"H09|c=10;D=10|XR",XR,94,NOINS,90,7,-0.06853632110201084,-0.06136163855555499,0.14444444444444443,-0.11507616608093967,-0.01835462566560711,-0.10129066809262298,-0.06661007590496189,0.044444444444444446
H09,"H09|c=10;D=10|XR",XR,94,L10,86,7,-0.05421258810676008,-0.039418755306927726,0.16279069767441862,-0.10187415159232026,-0.006780604979445842,-0.08245214748891483,-0.05357483481463545,0.03488372093023256
H09,"H09|c=10;D=10|XG",XG,94,KILL,93,7,-0.08852527679069486,-0.16749376647927963,0.11827956989247312,-0.15588529235098394,-0.020959971962082265,-0.136316422898106,-0.08848645196135839,0.03225806451612903
H09,"H09|c=10;D=10|XG",XG,94,PRIMARY,90,7,-0.09469927657065914,-0.11095425456577637,0.1,-0.13911209979645922,-0.05496037946099586,-0.14185288589757888,-0.09276678523584055,0.044444444444444446
H09,"H09|c=10;D=10|XG",XG,94,NOINS,90,7,-0.09798530463351077,-0.11626629567490379,0.1,-0.14232475404151662,-0.05830404767779817,-0.14523220792947472,-0.09606376004596438,0.044444444444444446
H09,"H09|c=10;D=10|XG",XG,94,L10,86,7,-0.05695498194907298,-0.05449241462698193,0.13953488372093023,-0.10634610435782518,-0.010393467821383168,-0.09454030184721578,-0.05732680133101515,0.023255813953488372
H09,"H09|c=10;D=30|XT60",XT60,122,KILL,121,7,-0.06788200634599727,-0.03461657628973683,0.21487603305785125,-0.09697175083035008,-0.038107448542839255,-0.08750655594859079,-0.06788460849547294,0.01652892561983471
H09,"H09|c=10;D=30|XT60",XT60,122,PRIMARY,118,7,-0.0417252492170477,-0.026763288547025622,0.19491525423728814,-0.07459185888248487,-0.005001309304227291,-0.06557820068363839,-0.04023491724538478,0.025423728813559324
H09,"H09|c=10;D=30|XT60",XT60,122,NOINS,118,7,-0.0459515385940479,-0.033136376804355425,0.19491525423728814,-0.07864372408662833,-0.009214297884756794,-0.06990790504724947,-0.04448138472877562,0.025423728813559324
H09,"H09|c=10;D=30|XT60",XT60,122,L10,113,7,-0.03682635535233136,-0.026763288547025622,0.168141592920354,-0.07812421840692511,-0.005184655169085862,-0.05625389453043129,-0.03298397339169942,0.008849557522123894
H09,"H09|c=10;D=30|XT300",XT300,122,KILL,121,7,-0.10951401704084775,-0.04689739813939605,0.15702479338842976,-0.1489195594223585,-0.08137980954964615,-0.14159833318061882,-0.10951003276974415,0.03305785123966942
H09,"H09|c=10;D=30|XT300",XT300,122,PRIMARY,118,7,-0.08419201414134855,-0.03190309175365866,0.15254237288135594,-0.12980575028890062,-0.04682503130692616,-0.1167689609263403,-0.08052464984114599,0.03389830508474576
H09,"H09|c=10;D=30|XT300",XT300,122,NOINS,118,7,-0.0880583339353818,-0.03816060136856301,0.15254237288135594,-0.13353755681293514,-0.050895512406273,-0.12071072992466293,-0.0844072749335253,0.03389830508474576
H09,"H09|c=10;D=30|XT300",XT300,122,L10,113,7,-0.08689330750701924,-0.03217844263523301,0.11504424778761062,-0.12971327529961543,-0.04968242742693378,-0.11398536063849324,-0.08145584390529143,0.017699115044247787
H09,"H09|c=10;D=30|XT1800",XT1800,122,KILL,121,7,-0.142469971965407,-0.05630993482911298,0.11570247933884298,-0.20577010012231486,-0.08058284691871258,-0.1792958503977262,-0.14246606179848478,0.06611570247933884
H09,"H09|c=10;D=30|XT1800",XT1800,122,PRIMARY,118,7,-0.11798303573575278,-0.041683362469407126,0.1271186440677966,-0.1830749362637855,-0.056062309455170774,-0.15588259263556198,-0.1146596679409445,0.06779661016949153
H09,"H09|c=10;D=30|XT1800",XT1800,122,NOINS,118,7,-0.12161990586359411,-0.04759060486489186,0.11864406779661017,-0.18642318234517793,-0.05978077685577467,-0.15959539942994141,-0.1183076373190476,0.06779661016949153
H09,"H09|c=10;D=30|XT1800",XT1800,122,L10,113,7,-0.11197110563705111,-0.0393874331951451,0.11504424778761062,-0.17899294093788348,-0.04527303275291736,-0.14515846550884307,-0.10880142852224446,0.05309734513274336
H09,"H09|c=10;D=30|XB",XB,122,KILL,121,7,-0.0433522007078511,-0.042478702552111836,0.17355371900826447,-0.10142374963593441,0.015239949602485058,-0.06188382151400285,-0.04336670515080535,0.008264462809917356
H09,"H09|c=10;D=30|XB",XB,122,PRIMARY,118,7,-0.0499917622930906,-0.038418465611108336,0.15254237288135594,-0.09400749251054723,0.005337921542363187,-0.0696930075956121,-0.04927341052578149,0.01694915254237288
H09,"H09|c=10;D=30|XB",XB,122,NOINS,118,7,-0.05396370607159702,-0.044302911942460416,0.1440677966101695,-0.09791399702022288,0.0012935268607577792,-0.07368533359727668,-0.05326000225823975,0.01694915254237288
H09,"H09|c=10;D=30|XB",XB,122,L10,113,7,0.0011163142404760533,-0.03217844263523301,0.1592920353982301,-0.07554627941074489,0.09068514709283475,-0.05029136109584512,-0.008113004253985624,0.008849557522123894
H09,"H09|c=10;D=30|XR",XR,122,KILL,121,7,-0.08187248872488484,-0.046872503855529574,0.1487603305785124,-0.12520271743300165,-0.04293223478650648,-0.10555356681286795,-0.08188798181038759,0.03305785123966942
H09,"H09|c=10;D=30|XR",XR,122,PRIMARY,118,7,-0.06063942723754766,-0.0392278107986614,0.1440677966101695,-0.10353596159339072,-0.01850561453792534,-0.08521723139122997,-0.05925133766020472,0.03389830508474576
H09,"H09|c=10;D=30|XR",XR,122,NOINS,118,7,-0.06451222475798885,-0.044302911942460416,0.13559322033898305,-0.1074426963114317,-0.02243378424755554,-0.08918662388104268,-0.0631378156723477,0.03389830508474576
H09,"H09|c=10;D=30|XR",XR,122,L10,113,7,-0.05208429344570635,-0.032832236268015236,0.1504424778761062,-0.09737438735398116,-0.014071481625969814,-0.0733342802160307,-0.05179956835099968,0.02654867256637168
H09,"H09|c=10;D=30|XG",XG,122,KILL,121,7,-0.08294481958780706,-0.06944620665638525,0.10743801652892562,-0.12895247054728243,-0.03314270626384472,-0.11925381770694528,-0.08292075295196909,0.024793388429752067
H09,"H09|c=10;D=30|XG",XG,122,PRIMARY,118,7,-0.08741269066357168,-0.058719895771779884,0.09322033898305085,-0.11964050872609562,-0.055715351874495306,-0.12289533634810032,-0.08593595057776272,0.03389830508474576
H09,"H09|c=10;D=30|XG",XG,122,NOINS,118,7,-0.09118985544202762,-0.06450111877087764,0.09322033898305085,-0.12316802095352249,-0.05962910157726104,-0.12675589230441361,-0.08972961640833171,0.03389830508474576
H09,"H09|c=10;D=30|XG",XG,122,L10,113,7,-0.05833750966930153,-0.0418093701613306,0.12389380530973451,-0.10018081236798865,-0.022448801701545822,-0.08673504725754277,-0.058647651820810866,0.017699115044247787
H10,"H10|Pk=0.3;D=0.4;mode=dip|XT300",XT300,7175,KILL,7108,7,-0.2684771855102306,-0.5318051390478086,0.19048958919527292,-0.29035147021417207,-0.2432811199241751,-0.2721787163482369,-0.2684800855843994,0.01814856499718627
H10,"H10|Pk=0.3;D=0.4;mode=dip|XT300",XT300,7175,PRIMARY,6531,7,-0.1414640562795761,-0.2054321853686421,0.18419843821773083,-0.15674020407537134,-0.12605235796302103,-0.14601536840248555,-0.14727319700882988,0.01423977951309141
H10,"H10|Pk=0.3;D=0.4;mode=dip|XT300",XT300,7175,NOINS,6531,7,-0.14274427544430962,-0.2066750333550165,0.18343285867401624,-0.15804771403110235,-0.12736381296046054,-0.14729617589629018,-0.1484586209076208,0.01423977951309141
H10,"H10|Pk=0.3;D=0.4;mode=dip|XT300",XT300,7175,L10,6152,7,-0.11050043684357323,-0.09529873352022744,0.1701885565669701,-0.12443384874539391,-0.09379821632542538,-0.11510892458586963,-0.12357914608292897,0.009265279583875163
H10,"H10|Pk=0.3;D=0.4;mode=dip|XB",XB,7175,KILL,7108,7,-0.13722371045943244,-0.3088497437938411,0.21651660101294315,-0.14757334372706454,-0.12398148774060949,-0.1380781209672384,-0.13722757554477902,0.00014068655036578504
H10,"H10|Pk=0.3;D=0.4;mode=dip|XB",XB,7175,PRIMARY,6531,7,-0.101191793837089,-0.20209451385085409,0.21512785178380034,-0.10678436168312971,-0.09634579818486778,-0.10272422104685029,-0.10281848647324189,0.0009186954524575103
H10,"H10|Pk=0.3;D=0.4;mode=dip|XB",XB,7175,NOINS,6531,7,-0.10334660414300223,-0.2044842397010203,0.21420915633134283,-0.10865941677188867,-0.09876592298846787,-0.10487815522380486,-0.10501528481003723,0.0009186954524575103
H10,"H10|Pk=0.3;D=0.4;mode=dip|XB",XB,7175,L10,6152,7,-0.08700232018312737,-0.10257611984761072,0.1857932379713914,-0.09622329685184713,-0.07529391375247117,-0.08887711977009675,-0.0944238613363969,0.00032509752925877764
H10,"H10|Pk=0.3;D=0.4;mode=dip|XR",XR,7175,KILL,7108,7,-0.14989624377952915,-0.3355115465971378,0.1729037703995498,-0.1672674344424545,-0.13124193150214652,-0.15354424250201634,-0.14989600356868496,0.01674169949352842
H10,"H10|Pk=0.3;D=0.4;mode=dip|XR",XR,7175,PRIMARY,6531,7,-0.11397513241439292,-0.18184136964630812,0.16015924054509265,-0.130779663617999,-0.09640186783630689,-0.11851381175979138,-0.11390272866780847,0.016842749961721023
H10,"H10|Pk=0.3;D=0.4;mode=dip|XR",XR,7175,NOINS,6531,7,-0.11504950403107048,-0.18236450686260647,0.1590874291838922,-0.13227425938742576,-0.0972569268279144,-0.11958867710648421,-0.11472968815089547,0.016995865870463943
H10,"H10|Pk=0.3;D=0.4;mode=dip|XR",XR,7175,L10,6152,7,-0.10080385779064066,-0.10958109847557866,0.14353055916775032,-0.11818845375326253,-0.08003578160183486,-0.10388063500368172,-0.10597894185488757,0.012678803641092327
H10,"H10|Pk=0.3;D=0.4;mode=recovery|XT300",XT300,3488,KILL,3459,7,-0.10095938229789023,-0.3385200935276852,0.3232148019658861,-0.12640632171805233,-0.07989634749426326,-0.1060319978093318,-0.10097392119933415,0.04047412546978896
H10,"H10|Pk=0.3;D=0.4;mode=recovery|XT300",XT300,3488,PRIMARY,3121,7,-0.11963300326627686,-0.3227999273553438,0.3143223325857097,-0.14378518310047733,-0.09473881398604543,-0.1252948469350321,-0.11647541391403418,0.03524511374559436
H10,"H10|Pk=0.3;D=0.4;mode=recovery|XT300",XT300,3488,NOINS,3121,7,-0.12025080022222585,-0.3236749246602089,0.31368151233578984,-0.144403431034699,-0.09533858553578729,-0.12591323826527484,-0.11709350625382918,0.03524511374559436
H10,"H10|Pk=0.3;D=0.4;mode=recovery|XT300",XT300,3488,L10,2892,7,-0.11130547122644208,-0.26267895963948146,0.29979253112033194,-0.13002374800125718,-0.09031756463258156,-0.11939171399698413,-0.11375652523400731,0.02455048409405256
H10,"H10|Pk=0.3;D=0.4;mode=recovery|XB",XB,3488,KILL,3459,7,-0.036564580377203997,-0.30573062036714593,0.3382480485689506,-0.05140345576235225,-0.024298824085949883,-0.037636999177460134,-0.036565323126476416,0.004336513443191674
H10,"H10|Pk=0.3;D=0.4;mode=recovery|XB",XB,3488,PRIMARY,3121,7,-0.08375611934381842,-0.30221076786099965,0.31464274271066967,-0.10020004976414103,-0.06976382594963253,-0.08575037702491096,-0.08165692179200633,0.006087792374239026
H10,"H10|Pk=0.3;D=0.4;mode=recovery|XB",XB,3488,NOINS,3121,7,-0.08517181816650418,-0.3024244643124719,0.31304069208586993,-0.10277322135567371,-0.07036892577393436,-0.0871643164376081,-0.08309038118926637,0.006087792374239026
H10,"H10|Pk=0.3;D=0.4;mode=recovery|XB",XB,3488,L10,2892,7,-0.07824918904732206,-0.2562475452872336,0.29806362378976486,-0.0880623732892226,-0.06886119547306105,-0.08309357673813464,-0.07936315318739065,0.004840940525587829
H10,"H10|Pk=0.3;D=0.4;mode=recovery|XR",XR,3488,KILL,3459,7,-0.03052453443218344,-0.2334422665539028,0.26799653078924546,-0.05616803668105317,-0.010201667190166084,-0.035343027959721225,-0.030529222683934557,0.03873952009251229
H10,"H10|Pk=0.3;D=0.4;mode=recovery|XR",XR,3488,PRIMARY,3121,7,-0.08824297698647285,-0.2605394710637733,0.2524831784684396,-0.11570469953211399,-0.06174345834854798,-0.09299034578641069,-0.08440209423353046,0.039410445370073696
H10,"H10|Pk=0.3;D=0.4;mode=recovery|XR",XR,3488,NOINS,3121,7,-0.08932843154617043,-0.26167316311598277,0.25216276834347967,-0.11703709717061883,-0.06259052677525666,-0.09407684471191372,-0.08548971500752728,0.039410445370073696
H10,"H10|Pk=0.3;D=0.4;mode=recovery|XR",XR,3488,L10,2892,7,-0.0998448006805576,-0.23663715709497213,0.23167358229598894,-0.12082918512762075,-0.07809002087808693,-0.1056772597041131,-0.09799275132280176,0.032157676348547715
H10,"H10|Pk=0.3;D=0.6;mode=dip|XT300",XT300,6529,KILL,6469,7,-0.2436756550034908,-0.3532298990099995,0.13046838769516153,-0.25857193359496017,-0.22681062601811208,-0.24786490081557078,-0.24367547103286152,0.005565002318750966
H10,"H10|Pk=0.3;D=0.6;mode=dip|XT300",XT300,6529,PRIMARY,6117,7,-0.10123737110354357,-0.12939759924163238,0.13895700506784373,-0.11051453501048551,-0.0922969396599799,-0.10727144835602512,-0.10640107303574592,0.004250449566781102
H10,"H10|Pk=0.3;D=0.6;mode=dip|XT300",XT300,6529,NOINS,6117,7,-0.10353306779654521,-0.13283798422827983,0.13764917443191108,-0.1127913544870448,-0.09461790102487937,-0.10956827146520068,-0.10866518607505837,0.004250449566781102
H10,"H10|Pk=0.3;D=0.6;mode=dip|XT300",XT300,6529,L10,5841,7,-0.07666769243814099,-0.07553468545010422,0.12942989214175654,-0.0837048001170883,-0.06819497169474943,-0.0820767574292674,-0.08589548751207668,0.00342407122068139
H10,"H10|Pk=0.3;D=0.6;mode=dip|XB",XB,6529,KILL,6469,7,-0.1706076118896745,-0.30539630864136114,0.15458339774308238,-0.1843478590018277,-0.15677282798908915,-0.1716028433126206,-0.17060268714400817,0
H10,"H10|Pk=0.3;D=0.6;mode=dip|XB",XB,6529,PRIMARY,6117,7,-0.08605938681730926,-0.14161144131355663,0.16445970246853034,-0.09277533032435036,-0.0796558428450935,-0.08768729302446826,-0.08868523202533204,0.00032695765898316167
H10,"H10|Pk=0.3;D=0.6;mode=dip|XB",XB,6529,NOINS,6117,7,-0.08858062131214882,-0.14524316635485932,0.16331535066208927,-0.09550879384748663,-0.08209280172593336,-0.0902074271537451,-0.09116089949304865,0.00032695765898316167
H10,"H10|Pk=0.3;D=0.6;mode=dip|XB",XB,6529,L10,5841,7,-0.07299988131531887,-0.0850233978457818,0.13627803458311932,-0.07737260578145298,-0.06836212094417439,-0.07525215006561958,-0.07998366075392725,0.000342407122068139
H10,"H10|Pk=0.3;D=0.6;mode=dip|XR",XR,6529,KILL,6469,7,-0.18503163327982197,-0.3196375006218596,0.12567630236512597,-0.19878971372565094,-0.1711024188260904,-0.189153051343327,-0.1850308726903387,0.005101252125521719
H10,"H10|Pk=0.3;D=0.6;mode=dip|XR",XR,6529,PRIMARY,6117,7,-0.10654244068533181,-0.14198908981717742,0.114271701814615,-0.11849683141238929,-0.09642546862691674,-0.11222176304473999,-0.11159981192874359,0.004904364884747425
H10,"H10|Pk=0.3;D=0.6;mode=dip|XR",XR,6529,NOINS,6117,7,-0.10932170844521397,-0.14511055755495272,0.11214647703122446,-0.12134793913916263,-0.09915646713443141,-0.11500239451341188,-0.11445920781266146,0.004904364884747425
H10,"H10|Pk=0.3;D=0.6;mode=dip|XR",XR,6529,L10,5841,7,-0.09113056276664427,-0.0892583891644611,0.10374935798664613,-0.0985313363862527,-0.08384639930159254,-0.09591481684409661,-0.09931625358908054,0.00342407122068139
H10,"H10|Pk=0.3;D=0.6;mode=recovery|XT300",XT300,1537,KILL,1528,7,-0.08549931753144165,-0.3129055508553875,0.31282722513089006,-0.11002872749680868,-0.06078922604651277,-0.09720097065350641,-0.08551426107629598,0.02617801047120419
H10,"H10|Pk=0.3;D=0.6;mode=recovery|XT300",XT300,1537,PRIMARY,1403,7,-0.11028056558789007,-0.2999291408489177,0.308624376336422,-0.1396293675390089,-0.0779869074939102,-0.12230836066643533,-0.11088981499534808,0.01924447612259444
H10,"H10|Pk=0.3;D=0.6;mode=recovery|XT300",XT300,1537,NOINS,1403,7,-0.11108751261880022,-0.3004258404941191,0.30648610121168923,-0.1404145131779283,-0.07878524624237604,-0.12311703676844596,-0.11169835683185743,0.01924447612259444
H10,"H10|Pk=0.3;D=0.6;mode=recovery|XT300",XT300,1537,L10,1320,7,-0.11195904355356655,-0.24618681570214984,0.2856060606060606,-0.13721992066652242,-0.09001067409995972,-0.12671465945355329,-0.11697055840236073,0.012878787878787878
H10,"H10|Pk=0.3;D=0.6;mode=recovery|XB",XB,1537,KILL,1528,7,-0.04311464766743355,-0.3056587831451172,0.32722513089005234,-0.06009966041733653,-0.022971645527935517,-0.04515903420389348,-0.04310611467978449,0
H10,"H10|Pk=0.3;D=0.6;mode=recovery|XB",XB,1537,PRIMARY,1403,7,-0.09519785213401243,-0.30950586910912753,0.2972202423378475,-0.11995389892262848,-0.06548375791458287,-0.09966386688259547,-0.09497799149571837,0.0014255167498218105
H10,"H10|Pk=0.3;D=0.6;mode=recovery|XB",XB,1537,NOINS,1403,7,-0.0955551439489559,-0.30967086147182404,0.29579472558802566,-0.12074391816474933,-0.06560850027381865,-0.10001497222513499,-0.09533312981961943,0.0014255167498218105
H10,"H10|Pk=0.3;D=0.6;mode=recovery|XB",XB,1537,L10,1320,7,-0.0985900315146875,-0.28461522725150845,0.27954545454545454,-0.1075849805741028,-0.08682456893808979,-0.1052751066566353,-0.10037098939565019,0.0015151515151515152
H10,"H10|Pk=0.3;D=0.6;mode=recovery|XR",XR,1537,KILL,1528,7,-0.04140327595672832,-0.23475992674024757,0.24803664921465968,-0.06917644797781775,-0.012252001233480544,-0.05260542389488723,-0.04140275832213365,0.0281413612565445
H10,"H10|Pk=0.3;D=0.6;mode=recovery|XR",XR,1537,PRIMARY,1403,7,-0.10985162419680328,-0.28050983467359275,0.2195295794725588,-0.13830708411481418,-0.07851336330677992,-0.11946480443359174,-0.1077171287020347,0.02565930149679259
H10,"H10|Pk=0.3;D=0.6;mode=recovery|XR",XR,1537,NOINS,1403,7,-0.11090275024486194,-0.28065264241113763,0.2195295794725588,-0.13980668034206484,-0.0791141398282691,-0.12051818286058412,-0.1087816665424862,0.02565930149679259
H10,"H10|Pk=0.3;D=0.6;mode=recovery|XR",XR,1537,L10,1320,7,-0.12144567862884718,-0.25797779886777206,0.2143939393939394,-0.14270416876482594,-0.10149620151854864,-0.13199922378954562,-0.12246537549078276,0.020454545454545454
H10,"H10|Pk=0.5;D=0.4;mode=dip|XT300",XT300,3003,KILL,2981,7,-0.30189220856152216,-0.587600388040396,0.2321368668232137,-0.3246182453599426,-0.2685356798010531,-0.306515907071637,-0.30188500283786035,0.03757128480375713
H10,"H10|Pk=0.5;D=0.4;mode=dip|XT300",XT300,3003,PRIMARY,2774,7,-0.14975965937353386,-0.14282251530847925,0.22746935832732515,-0.15985457032034187,-0.1396363414413993,-0.1550577033589765,-0.15858035974636547,0.030641672674837778
H10,"H10|Pk=0.5;D=0.4;mode=dip|XT300",XT300,3003,NOINS,2774,7,-0.15063051841538533,-0.14461182032383105,0.22710886806056235,-0.16071758358714683,-0.14050775908591157,-0.15592950520124318,-0.15936458275396845,0.030641672674837778
H10,"H10|Pk=0.5;D=0.4;mode=dip|XT300",XT300,3003,L10,2640,7,-0.12419800080648155,-0.08784198211267946,0.22234848484848485,-0.1326871675768505,-0.11445977320548939,-0.13001100132917065,-0.14040435902121717,0.020833333333333332
H10,"H10|Pk=0.5;D=0.4;mode=dip|XB",XB,3003,KILL,2981,7,-0.13919216923888908,-0.3088321974031143,0.22676954042267694,-0.15360648481845857,-0.11730430268316597,-0.14055231749793132,-0.13919270053299584,0.0003354579000335458
H10,"H10|Pk=0.5;D=0.4;mode=dip|XB",XB,3003,PRIMARY,2774,7,-0.10519595553309473,-0.19512851070903675,0.22999279019466473,-0.12065208979489479,-0.08945148581683342,-0.10833614241857774,-0.10757990443923648,0.002883922134102379
H10,"H10|Pk=0.5;D=0.4;mode=dip|XB",XB,3003,NOINS,2774,7,-0.10614143815387458,-0.1981644265520554,0.22963229992790193,-0.12177306546251732,-0.09036260971881935,-0.1092797732302529,-0.1084421941245468,0.0025234318673395817
H10,"H10|Pk=0.5;D=0.4;mode=dip|XB",XB,3003,L10,2640,7,-0.09646793692957595,-0.1136703518717411,0.21212121212121213,-0.11095407055783633,-0.08425105108039516,-0.10002422024973406,-0.10534005568307285,0.0011363636363636363
H10,"H10|Pk=0.5;D=0.4;mode=dip|XR",XR,3003,KILL,2981,7,-0.16837389108805478,-0.31628373712750607,0.1707480711170748,-0.1839238835990823,-0.14673940653369244,-0.172216340024389,-0.16836471544420545,0.03354579000335458
H10,"H10|Pk=0.5;D=0.4;mode=dip|XR",XR,3003,PRIMARY,2774,7,-0.12468111784051433,-0.16908520283409284,0.17519826964671953,-0.14592956516912617,-0.10638097471120854,-0.12921956084307637,-0.12612522457235625,0.034967555875991346
H10,"H10|Pk=0.5;D=0.4;mode=dip|XR",XR,3003,NOINS,2774,7,-0.12517015735884182,-0.16928873953370213,0.17447728911319393,-0.1447479793697389,-0.10779692187331245,-0.12970912979507723,-0.12645179471681506,0.035328046142754144
H10,"H10|Pk=0.5;D=0.4;mode=dip|XR",XR,3003,L10,2640,7,-0.11525082679032811,-0.11813135357357152,0.1625,-0.12968805367625477,-0.10022751074873462,-0.11935593901361151,-0.12418297471841061,0.029166666666666667
H10,"H10|Pk=0.5;D=0.4;mode=recovery|XT300",XT300,1610,KILL,1587,7,-0.11620854759623145,-0.20292238197104623,0.3591682419659735,-0.13203224651619752,-0.09843547726664591,-0.12211591884508917,-0.1162310957610918,0.07561436672967864
H10,"H10|Pk=0.5;D=0.4;mode=recovery|XT300",XT300,1610,PRIMARY,1484,7,-0.12981031379218483,-0.209046876189036,0.3470350404312669,-0.14715140146378167,-0.1125658974829463,-0.1365184043622437,-0.12664954771674178,0.06536388140161725
H10,"H10|Pk=0.5;D=0.4;mode=recovery|XT300",XT300,1610,NOINS,1484,7,-0.1303079020351233,-0.20988476260800093,0.3463611859838275,-0.14765270336999212,-0.11302976687331252,-0.13701593347568358,-0.12715244518612778,0.06536388140161725
H10,"H10|Pk=0.5;D=0.4;mode=recovery|XT300",XT300,1610,L10,1400,7,-0.11411279437542501,-0.19510705244650767,0.35,-0.13411779064906185,-0.09668239269741795,-0.12940087878355888,-0.11731592018878896,0.04928571428571429
H10,"H10|Pk=0.5;D=0.4;mode=recovery|XB",XB,1610,KILL,1587,7,-0.05463611112602387,-0.30535571364608727,0.32262129804662887,-0.07388173080919842,-0.03703259415850415,-0.05686596639885367,-0.05464566043642001,0.013232514177693762
H10,"H10|Pk=0.5;D=0.4;mode=recovery|XB",XB,1610,PRIMARY,1484,7,-0.09646905533591824,-0.29377856487561094,0.3133423180592992,-0.11538993687661407,-0.07928701416342002,-0.09989502625885278,-0.09580382277393036,0.01752021563342318
H10,"H10|Pk=0.5;D=0.4;mode=recovery|XB",XB,1610,NOINS,1484,7,-0.09763035587406542,-0.29425338073428364,0.31266846361185985,-0.11748339581716043,-0.07993145460323253,-0.10105512550986025,-0.09698972132057918,0.01752021563342318
H10,"H10|Pk=0.5;D=0.4;mode=recovery|XB",XB,1610,L10,1400,7,-0.09079600852400747,-0.2515265076726849,0.3007142857142857,-0.10804286405234419,-0.07511075293038676,-0.09771215445701004,-0.09346839962903354,0.015714285714285715
H10,"H10|Pk=0.5;D=0.4;mode=recovery|XR",XR,1610,KILL,1587,7,-0.07433120362213638,-0.23934645042535196,0.24700693131695023,-0.09189150575041047,-0.05567366537089932,-0.08086689488919314,-0.07434859728406952,0.07057340894770006
H10,"H10|Pk=0.5;D=0.4;mode=recovery|XR",XR,1610,PRIMARY,1484,7,-0.11278705607133142,-0.24876433917138782,0.24528301886792453,-0.1317746191139467,-0.09589332452687171,-0.11966306394968335,-0.11091363827828052,0.07412398921832884
H10,"H10|Pk=0.5;D=0.4;mode=recovery|XR",XR,1610,NOINS,1484,7,-0.11376852367209261,-0.2507628596510594,0.24528301886792453,-0.13282795138947773,-0.09675807161288036,-0.12064651961717147,-0.11191612167131122,0.07412398921832884
H10,"H10|Pk=0.5;D=0.4;mode=recovery|XR",XR,1610,L10,1400,7,-0.11352024776684691,-0.2282807414426292,0.23214285714285715,-0.1338865574045808,-0.09887962412921396,-0.12221287279042073,-0.11423519599410566,0.065
H10,"H10|Pk=0.5;D=0.6;mode=dip|XT300",XT300,2572,KILL,2551,7,-0.31363599915571483,-0.5553184696308059,0.1693453547628381,-0.3337813138648501,-0.29074623114580667,-0.31954848820325066,-0.31362409580212164,0.011760094080752646
H10,"H10|Pk=0.5;D=0.6;mode=dip|XT300",XT300,2572,PRIMARY,2418,7,-0.1177872360419684,-0.12155117006400523,0.1815550041356493,-0.1367824866560592,-0.0970197881432209,-0.12551552148987868,-0.12409415872360632,0.009098428453267164
H10,"H10|Pk=0.5;D=0.6;mode=dip|XT300",XT300,2572,NOINS,2418,7,-0.11921870514251444,-0.12374253517056469,0.18072787427626139,-0.13813265331134075,-0.09849972054578539,-0.12694855406498853,-0.12543594183767498,0.009098428453267164
H10,"H10|Pk=0.5;D=0.6;mode=dip|XT300",XT300,2572,L10,2312,7,-0.0759700657702107,-0.0760360664799577,0.1704152249134948,-0.0969956478295526,-0.055380269006916054,-0.08647742268716732,-0.08605873548257993,0.008217993079584774
H10,"H10|Pk=0.5;D=0.6;mode=dip|XB",XB,2572,KILL,2551,7,-0.16965537318994522,-0.30834546539973134,0.17052136417091338,-0.1850752416791101,-0.15121707996858463,-0.17142714941641946,-0.16965078411981363,0
H10,"H10|Pk=0.5;D=0.6;mode=dip|XB",XB,2572,PRIMARY,2418,7,-0.0935888565651469,-0.14784202824560436,0.18362282878411912,-0.10360821610071475,-0.08225783583400997,-0.09753634379580971,-0.09331568464719761,0.0008271298593879239
H10,"H10|Pk=0.5;D=0.6;mode=dip|XB",XB,2572,NOINS,2418,7,-0.09519478807495185,-0.15046687188989016,0.18320926385442515,-0.10511729108704088,-0.08401284233689633,-0.09913944453905146,-0.09491411942754541,0.0008271298593879239
H10,"H10|Pk=0.5;D=0.6;mode=dip|XB",XB,2572,L10,2312,7,-0.07431256544895803,-0.08987045054311997,0.1647923875432526,-0.08349729903601824,-0.06550025020067472,-0.07950161841117855,-0.08109828891086407,0.0008650519031141869
H10,"H10|Pk=0.5;D=0.6;mode=dip|XR",XR,2572,KILL,2551,7,-0.19368473732421887,-0.36902292576419216,0.13563308506468053,-0.21552951824956804,-0.17315845121805512,-0.1994747497456914,-0.19368135384861832,0.01097608780870247
H10,"H10|Pk=0.5;D=0.6;mode=dip|XR",XR,2572,PRIMARY,2418,7,-0.11565128225561307,-0.1466525420617117,0.13110008271298593,-0.1352011718162158,-0.10075225052854317,-0.12447036030823065,-0.1194727296507132,0.010752688172043012
H10,"H10|Pk=0.5;D=0.6;mode=dip|XR",XR,2572,NOINS,2418,7,-0.11742268736322607,-0.14835886478699212,0.130686517783292,-0.13706279799202897,-0.10249131068262128,-0.12624396588145773,-0.12125123824655593,0.010752688172043012
H10,"H10|Pk=0.5;D=0.6;mode=dip|XR",XR,2572,L10,2312,7,-0.09356418782874894,-0.09286156699863146,0.13494809688581316,-0.10909780970495088,-0.0834641574700337,-0.10270375540505565,-0.10118135462705224,0.008217993079584774
H10,"H10|Pk=0.5;D=0.6;mode=recovery|XT300",XT300,744,KILL,735,7,-0.07706278466071217,-0.18242019650655023,0.363265306122449,-0.10936242144544718,-0.04699749703020734,-0.09174404982343574,-0.07706335058555719,0.04353741496598639
H10,"H10|Pk=0.5;D=0.6;mode=recovery|XT300",XT300,744,PRIMARY,685,7,-0.09088112961496009,-0.19668098735824854,0.3605839416058394,-0.1321918809109773,-0.04705772912930909,-0.105878779637983,-0.08981734437349895,0.032116788321167884
H10,"H10|Pk=0.5;D=0.6;mode=recovery|XT300",XT300,744,NOINS,685,7,-0.09152004756293206,-0.19751447086219664,0.35912408759124087,-0.13278888567433286,-0.047681499601754995,-0.10651819088130593,-0.09046283751536488,0.032116788321167884
H10,"H10|Pk=0.5;D=0.6;mode=recovery|XT300",XT300,744,L10,656,7,-0.08995671572105893,-0.19755307101766437,0.3429878048780488,-0.12438174773330997,-0.05027062266810288,-0.10909204972244507,-0.0931060109615555,0.024390243902439025
H10,"H10|Pk=0.5;D=0.6;mode=recovery|XB",XB,744,KILL,735,7,-0.029029664222055048,-0.3046876175314661,0.34285714285714286,-0.048445226190237396,-0.007141582887196799,-0.032992674438601974,-0.029023536025817094,0
H10,"H10|Pk=0.5;D=0.6;mode=recovery|XB",XB,744,PRIMARY,685,7,-0.07480939973640376,-0.30071009293795553,0.32262773722627736,-0.09810712668028115,-0.043654965560303544,-0.08215380438459784,-0.07402330047325277,0.00291970802919708
H10,"H10|Pk=0.5;D=0.6;mode=recovery|XB",XB,744,NOINS,685,7,-0.0741734109814734,-0.30182055701712424,0.32262773722627736,-0.09796456026953845,-0.04281658794812492,-0.08150730100483743,-0.07336018211048631,0.00291970802919708
H10,"H10|Pk=0.5;D=0.6;mode=recovery|XB",XB,744,L10,656,7,-0.06701436223842777,-0.25484573379682673,0.31402439024390244,-0.09300821452646736,-0.03510831131132377,-0.07899912930953303,-0.06942459320209654,0.003048780487804878
H10,"H10|Pk=0.5;D=0.6;mode=recovery|XR",XR,744,KILL,735,7,-0.0577626622025078,-0.2279291577533456,0.24081632653061225,-0.09917336518853131,-0.024877024920867408,-0.07224702280841519,-0.05777959047368672,0.047619047619047616
H10,"H10|Pk=0.5;D=0.6;mode=recovery|XR",XR,744,PRIMARY,685,7,-0.09791960354091901,-0.25726575745547064,0.22627737226277372,-0.13897990484946737,-0.06214188945302336,-0.11336024998080424,-0.09758666846276015,0.04525547445255475
H10,"H10|Pk=0.5;D=0.6;mode=recovery|XR",XR,744,NOINS,685,7,-0.09869112245242835,-0.2582777022407221,0.22627737226277372,-0.13969491159903769,-0.06285757102707243,-0.11413516254384787,-0.09836657118959834,0.04525547445255475
H10,"H10|Pk=0.5;D=0.6;mode=recovery|XR",XR,744,L10,656,7,-0.09041856275363952,-0.23337183285922863,0.24085365853658536,-0.13492074392071596,-0.047129376997573,-0.10990124751836478,-0.09195616281337456,0.038109756097560975
H13,"H13|a=60;theta=0;cfg=C1|XB",XB,1547,KILL,1547,5,0.13825640297788383,-0.03461657628973683,0.3684550743374273,0.10922641579829702,0.17763670224854552,0.11384479968554627,0.13825762444440515,0.0006464124111182935
H13,"H13|a=60;theta=0;cfg=C1|XB",XB,1547,PRIMARY,1547,5,0.16949273460814754,-0.026763288547025622,0.3755656108597285,0.13951404558643304,0.20487266004016358,0.14453217186299103,0.16927047337797485,0.002585649644473174
H13,"H13|a=60;theta=0;cfg=C1|XB",XB,1547,NOINS,1547,5,0.1641059961846041,-0.033136376804355425,0.36716224951519066,0.13525890310166636,0.19914563378355576,0.13913496697878103,0.16393589790584664,0.002585649644473174
H13,"H13|a=60;theta=0;cfg=C1|XB",XB,1547,L10,1520,5,0.16575154895319344,-0.026763288547025622,0.3618421052631579,0.13932082817102087,0.19841805824451847,0.14033933244990648,0.16566031770869194,0.002631578947368421
H13,"H13|a=60;theta=0.05;cfg=C1|XB",XB,985,KILL,985,5,0.22963661643295963,0.024676026068354808,0.5177664974619289,0.1902868371208426,0.2716702373638392,0.19153338339527692,0.22964049970908101,0.0010152284263959391
H13,"H13|a=60;theta=0.05;cfg=C1|XB",XB,985,PRIMARY,985,5,0.26851978777126484,0.032766235452774586,0.5269035532994923,0.23105718701673256,0.30436931083971913,0.22957678602072393,0.2683169342995826,0.0040609137055837565
H13,"H13|a=60;theta=0.05;cfg=C1|XB",XB,985,NOINS,985,5,0.2641232024873033,0.027302392487887718,0.515736040609137,0.2275665186292861,0.29879336858779465,0.22516676921349135,0.2639999584436574,0.0040609137055837565
H13,"H13|a=60;theta=0.05;cfg=C1|XB",XB,985,L10,962,5,0.26268106391446566,0.004461640277708406,0.5083160083160083,0.22860349611448222,0.2951333486006015,0.222785814810606,0.2621915591814025,0.004158004158004158
H13,"H13|a=60;theta=0;cfg=C2|XB",XB,1975,KILL,1975,5,0.1089202857845892,-0.036533724690313914,0.33569620253164556,0.0875297310192618,0.1296077645466748,0.08976231223745482,0.10891858621576182,0.0010126582278481013
H13,"H13|a=60;theta=0;cfg=C2|XB",XB,1975,PRIMARY,1975,5,0.14171501802859093,-0.027352945287539936,0.3407594936708861,0.1213808088196686,0.15616486963915924,0.12212960117856037,0.14182655868072694,0.002531645569620253
H13,"H13|a=60;theta=0;cfg=C2|XB",XB,1975,NOINS,1975,5,0.13551863246159357,-0.03366730231629393,0.33367088607594936,0.11646290213051413,0.15037687980160666,0.11592378906151267,0.13566416706244724,0.002531645569620253
H13,"H13|a=60;theta=0;cfg=C2|XB",XB,1975,L10,1925,5,0.13228741661231644,-0.027312711652764596,0.3220779220779221,0.11736805642115165,0.14727994825515905,0.11217777830195788,0.1323787041829449,0.0025974025974025974
H13,"H13|a=60;theta=0.05;cfg=C2|XB",XB,999,KILL,999,5,0.22668003577856602,0.024676026068354808,0.5195195195195195,0.18531850322510335,0.26585392390782925,0.18910348499044588,0.22668312647229794,0.001001001001001001
H13,"H13|a=60;theta=0.05;cfg=C2|XB",XB,999,PRIMARY,999,5,0.267698795873999,0.03364422923322684,0.5305305305305306,0.22968503626991194,0.2991691498651743,0.22930071284716871,0.2674969583451472,0.004004004004004004
H13,"H13|a=60;theta=0.05;cfg=C2|XB",XB,999,NOINS,999,5,0.2627323097005858,0.027468767793816493,0.5185185185185185,0.22676056459567823,0.29280529551283496,0.22431926737805225,0.2626089312713502,0.004004004004004004
H13,"H13|a=60;theta=0.05;cfg=C2|XB",XB,999,L10,975,5,0.26117203637847813,0.00944049883329661,0.5128205128205128,0.22363847327361147,0.2896789179523219,0.2218057082167402,0.2607087728598284,0.0041025641025641026
H13,"H13|a=60;theta=0;cfg=C3|XB",XB,2359,KILL,2359,5,0.08190087102294054,-0.03692537684692304,0.3026706231454006,0.06087482602748259,0.10279278194032601,0.0658310144528058,0.08190309226113908,0.001271725307333616
H13,"H13|a=60;theta=0;cfg=C3|XB",XB,2359,PRIMARY,2359,5,0.108333993972515,-0.02756380800159832,0.3064857990674014,0.08654880542608889,0.12876403304447875,0.09189826175671438,0.10841785149447966,0.00211954217888936
H13,"H13|a=60;theta=0;cfg=C3|XB",XB,2359,NOINS,2359,5,0.10264693124884067,-0.0336857999100944,0.30012717253073334,0.08197312965169481,0.1234233215881957,0.08620395744213485,0.10276375213766262,0.00211954217888936
H13,"H13|a=60;theta=0;cfg=C3|XB",XB,2359,L10,2300,5,0.09991021983913924,-0.02737011625768116,0.29043478260869565,0.0852698348983642,0.11729124320459516,0.08304132283312014,0.10045250075908904,0.002173913043478261
H13,"H13|a=60;theta=0.05;cfg=C3|XB",XB,1032,KILL,1032,5,0.224101658924324,0.03282084473409283,0.5251937984496124,0.19077339266521223,0.2566440445508253,0.18772266989076683,0.22410797899803298,0.0009689922480620155
H13,"H13|a=60;theta=0.05;cfg=C3|XB",XB,1032,PRIMARY,1032,5,0.2641603790238499,0.039048491105580854,0.5348837209302325,0.23451585035634928,0.2882542457394787,0.22698340531610128,0.26385632656005137,0.003875968992248062
H13,"H13|a=60;theta=0.05;cfg=C3|XB",XB,1032,NOINS,1032,5,0.2594616710487511,0.032907462164727036,0.5232558139534884,0.23189405593999216,0.2825320428599102,0.2222709984839322,0.25925679262497137,0.003875968992248062
H13,"H13|a=60;theta=0.05;cfg=C3|XB",XB,1032,L10,1005,5,0.25502906664183633,0.01262209679836172,0.5144278606965174,0.23142738737145016,0.2758533571994238,0.21682297893483113,0.25397670531340444,0.003980099502487562
H13,"H13|a=300;theta=0;cfg=C1|XB",XB,753,KILL,753,5,0.09579859080643999,-0.03461657628973683,0.3466135458167331,0.050598979704362466,0.1656654729449483,0.07279578053020049,0.09579674175282771,0.0013280212483399733
H13,"H13|a=300;theta=0;cfg=C1|XB",XB,753,PRIMARY,753,5,0.1375766269128442,-0.026763288547025622,0.3612217795484728,0.08521712527891108,0.20049123463288115,0.09927229834732286,0.13758477145525674,0.0026560424966799467
H13,"H13|a=300;theta=0;cfg=C1|XB",XB,753,NOINS,753,5,0.13104604014844545,-0.03313627690924529,0.3466135458167331,0.07892867586282375,0.19370253647101282,0.0927342157313787,0.13105411080326135,0.0026560424966799467
H13,"H13|a=300;theta=0;cfg=C1|XB",XB,753,L10,751,5,0.13920147931815097,-0.026763288547025622,0.3595206391478029,0.0874716236279757,0.20381907254648543,0.10084802181566034,0.1390645227694992,0.0039946737683089215
H13,"H13|a=300;theta=0.05;cfg=C1|XB",XB,455,KILL,455,5,0.16502157675949622,-0.004644545047510074,0.4879120879120879,0.0995145263616861,0.24389494283882818,0.12731264147338867,0.16502620232578555,0.002197802197802198
H13,"H13|a=300;theta=0.05;cfg=C1|XB",XB,455,PRIMARY,455,5,0.22097675445558707,0.004196643524299486,0.5076923076923077,0.1580241740509981,0.27630206002463575,0.15797222781507178,0.22116720740616674,0.004395604395604396
H13,"H13|a=300;theta=0.05;cfg=C1|XB",XB,455,NOINS,455,5,0.213939805144058,-0.0035982218670396085,0.4857142857142857,0.1492950723472537,0.27034346371579315,0.15091947988340987,0.21412787936867542,0.004395604395604396
H13,"H13|a=300;theta=0.05;cfg=C1|XB",XB,455,L10,453,5,0.22362604074199544,0.000603346486189501,0.5033112582781457,0.15980875231687927,0.275695671964575,0.16043690179179199,0.2235806805802533,0.004415011037527594
H13,"H13|a=300;theta=0;cfg=C2|XB",XB,1010,KILL,1010,5,0.06243960290302006,-0.03461657628973683,0.3099009900990099,0.02676248068751541,0.10988925318172575,0.04520803917820389,0.06242990484244912,0.0019801980198019802
H13,"H13|a=300;theta=0;cfg=C2|XB",XB,1010,PRIMARY,1010,5,0.09433527476001381,-0.026763288547025622,0.3227722772277228,0.05652958112868723,0.13403082101687744,0.06567790586170313,0.09450919920982424,0.0029702970297029703
H13,"H13|a=300;theta=0;cfg=C2|XB",XB,1010,NOINS,1010,5,0.08851944699791628,-0.033136376804355425,0.3108910891089109,0.049845955451391005,0.12875550385945217,0.059858624662016024,0.08869384169446103,0.0029702970297029703
H13,"H13|a=300;theta=0;cfg=C2|XB",XB,1010,L10,1005,5,0.09161430999458135,-0.026763288547025622,0.3194029850746269,0.05487118924250671,0.129849537173137,0.06284070947578578,0.09163803113963331,0.003980099502487562
H13,"H13|a=300;theta=0.05;cfg=C2|XB",XB,535,KILL,535,5,0.14267629421744096,-0.03461657628973683,0.4485981308411215,0.09151863049226265,0.21075805638972608,0.1105118682833307,0.14267831277137252,0.001869158878504673
H13,"H13|a=300;theta=0.05;cfg=C2|XB",XB,535,PRIMARY,535,5,0.19223665925402536,-0.026662285752925664,0.4672897196261682,0.1347670855896712,0.24542826238786974,0.1385444293158343,0.19222592756027523,0.003738317757009346
H13,"H13|a=300;theta=0.05;cfg=C2|XB",XB,535,NOINS,535,5,0.18575809446795272,-0.03237371759652365,0.44672897196261685,0.12822715019868886,0.2389463396079291,0.13205559042689768,0.185748935492282,0.003738317757009346
H13,"H13|a=300;theta=0.05;cfg=C2|XB",XB,535,L10,533,5,0.19447935663820806,-0.026177693421906997,0.4652908067542214,0.14144018385856447,0.24023232437862244,0.14066321969499482,0.1945145225180262,0.005628517823639775
H13,"H13|a=300;theta=0;cfg=C3|XB",XB,1290,KILL,1290,5,0.041190889805217394,-0.03461657628973683,0.2503875968992248,0.01175656332565198,0.07952060966164852,0.027658698033512865,0.04118619999452507,0.0031007751937984496
H13,"H13|a=300;theta=0;cfg=C3|XB",XB,1290,PRIMARY,1290,5,0.06737135325903731,-0.026763288547025622,0.26124031007751936,0.033692933764778374,0.10103533204146797,0.044885834809073544,0.0674350566982833,0.003875968992248062
H13,"H13|a=300;theta=0;cfg=C3|XB",XB,1290,NOINS,1290,5,0.061587584410370926,-0.033136376804355425,0.2503875968992248,0.028628494703195385,0.09528721348402405,0.03909943858285491,0.06165100689245062,0.003875968992248062
H13,"H13|a=300;theta=0;cfg=C3|XB",XB,1290,L10,1284,5,0.06593636610971222,-0.026763288547025622,0.2601246105919003,0.03362744232261279,0.09895761262597705,0.043369479652655626,0.06627901261224153,0.004672897196261682
H13,"H13|a=300;theta=0.05;cfg=C3|XB",XB,532,KILL,532,5,0.14285659081871224,-0.03461657628973683,0.4417293233082707,0.09456681894259863,0.22199072075689338,0.11051078040823427,0.14286667698217087,0.0018796992481203006
H13,"H13|a=300;theta=0.05;cfg=C3|XB",XB,532,PRIMARY,532,5,0.1909368651781971,-0.026763288547025622,0.4605263157894737,0.12140088184086012,0.256671217801035,0.13693277120968075,0.19085748131375874,0.0037593984962406013
H13,"H13|a=300;theta=0.05;cfg=C3|XB",XB,532,NOINS,532,5,0.1847201889645456,-0.03258861195744468,0.4398496240601504,0.11509918652561689,0.25053439883940687,0.13070724781832335,0.18464175517068307,0.0037593984962406013
H13,"H13|a=300;theta=0.05;cfg=C3|XB",XB,532,L10,530,5,0.1952870202199589,-0.026763258578492582,0.45660377358490567,0.12670838960734995,0.26009068034013144,0.14116912726140532,0.1949547162545081,0.005660377358490566
H17,"H17|lo=0.05;hi=0.2|XT60",XT60,1550,KILL,1535,7,0.04301861825510078,-0.03461657628973683,0.4280130293159609,-0.014424201551022052,0.09777008304971102,0.03571344537477227,0.04303704027838425,0.003257328990228013
H17,"H17|lo=0.05;hi=0.2|XT60",XT60,1550,PRIMARY,1337,7,0.017373962301951144,-0.026763288547025622,0.4121166791323859,-0.03728251574303183,0.07354701549630735,0.01016180789856768,0.017193910594136143,0.0014958863126402393
H17,"H17|lo=0.05;hi=0.2|XT60",XT60,1550,NOINS,1337,7,0.01421432581469085,-0.03200042490134249,0.4113687359760658,-0.04022616662789901,0.07012944788610515,0.0070033573197265594,0.014052874916640902,0.0014958863126402393
H17,"H17|lo=0.05;hi=0.2|XT60",XT60,1550,L10,1198,7,-0.03879016247197168,-0.027645991494821266,0.34474123539232054,-0.08956203256402856,0.007935046951587355,-0.043292396673015425,-0.0387951997105971,0.001669449081803005
H17,"H17|lo=0.05;hi=0.2|XT300",XT300,1550,KILL,1535,7,-0.018247649555280094,-0.15728656285756928,0.2697068403908795,-0.07714461413821849,0.0507599169848272,-0.043478088818361266,-0.018233880407791073,0.02280130293159609
H17,"H17|lo=0.05;hi=0.2|XT300",XT300,1550,PRIMARY,1337,7,-0.01744800478112828,-0.09383678563702295,0.2715033657442034,-0.06544461110432684,0.0438117592419709,-0.0427914167470982,-0.02008794186024722,0.02393418100224383
H17,"H17|lo=0.05;hi=0.2|XT300",XT300,1550,NOINS,1337,7,-0.01986879628785386,-0.09604300130019872,0.268511593118923,-0.06769251822713966,0.04125003034963159,-0.045217576005999086,-0.022476702092122335,0.02393418100224383
H17,"H17|lo=0.05;hi=0.2|XT300",XT300,1550,L10,1198,7,-0.048506175047059535,-0.05903490952530893,0.2370617696160267,-0.07557192811882375,-0.019254861249162505,-0.0736591567420413,-0.05071817802126565,0.022537562604340568
H17,"H17|lo=0.05;hi=0.2|XT1800",XT1800,1550,KILL,1535,7,-0.0553398720956904,-0.2712101429138547,0.16026058631921825,-0.1288736628871775,0.03690965704066535,-0.08067206998735284,-0.055351013127800254,0.04234527687296417
H17,"H17|lo=0.05;hi=0.2|XT1800",XT1800,1550,PRIMARY,1337,7,-0.05343430416652642,-0.2223168966548959,0.1600598354525056,-0.11336135858513986,0.020255658506647834,-0.08264914612411865,-0.05845175467290276,0.044128646222887064
H17,"H17|lo=0.05;hi=0.2|XT1800",XT1800,1550,NOINS,1337,7,-0.055418952847805875,-0.22426708315274382,0.1593118922961855,-0.11513056778618978,0.018096387113387274,-0.08463825803331643,-0.06040029017725267,0.044128646222887064
H17,"H17|lo=0.05;hi=0.2|XT1800",XT1800,1550,L10,1198,7,-0.07296951171119576,-0.15018174776252874,0.14858096828046743,-0.11420903409925402,-0.03279512468969044,-0.10563160777317196,-0.07906192895464284,0.040901502504173626
H17,"H17|lo=0.05;hi=0.2|XB",XB,1550,KILL,1535,7,0.14792376217611794,-0.03461657628973683,0.4781758957654723,0.12160629301802807,0.1817955721063184,0.12346668007618283,0.14798742118185876,0.007817589576547232
H17,"H17|lo=0.05;hi=0.2|XB",XB,1550,PRIMARY,1337,7,0.1112122884491755,-0.03266675409820103,0.42109199700822736,0.07796361694461748,0.15125292268998503,0.08236771619011952,0.11020859760615569,0.008975317875841436
H17,"H17|lo=0.05;hi=0.2|XB",XB,1550,NOINS,1337,7,0.10804623168072648,-0.03682194791169983,0.4195961106955871,0.07377027446334297,0.14887403751298542,0.07919453935397541,0.10697346318214898,0.008975317875841436
H17,"H17|lo=0.05;hi=0.2|XB",XB,1550,L10,1198,7,0.057196031969127245,-0.03991528847909576,0.327212020033389,0.01874124162822799,0.0989450331175756,0.024860711330616382,0.058826580354101446,0.010851419031719533
H17,"H17|lo=0.05;hi=0.2|XR",XR,1550,KILL,1535,7,0.1643560413669947,-0.04280312422267549,0.4006514657980456,0.11228051613030851,0.22498683901173389,0.13945405740508962,0.16443735830863887,0.031921824104234525
H17,"H17|lo=0.05;hi=0.2|XR",XR,1550,PRIMARY,1337,7,0.016029288045690496,-0.10155399292234144,0.2670157068062827,-0.031439463186539,0.07974895526532556,-0.013029338936912197,0.015460684527087442,0.033657442034405384
H17,"H17|lo=0.05;hi=0.2|XR",XR,1550,NOINS,1337,7,0.013256381298888792,-0.10468931236794228,0.26626776364996263,-0.03490684153737195,0.07763484916264408,-0.01580848160593236,0.012706603932857916,0.033657442034405384
H17,"H17|lo=0.05;hi=0.2|XR",XR,1550,L10,1198,7,-0.04338812803088609,-0.09764282625854973,0.2028380634390651,-0.08075296551851426,-0.007276410077710969,-0.07597596120496261,-0.046176257256738,0.035058430717863104
H17,"H17|lo=0.05;hi=0.2|XG",XG,1550,KILL,1535,7,0.022312098703155477,-0.28302303367991644,0.13680781758957655,-0.04790568001522515,0.1214091279703081,-0.002707132936116968,0.022329985332353107,0.02996742671009772
H17,"H17|lo=0.05;hi=0.2|XG",XG,1550,PRIMARY,1337,7,-0.029602207399271236,-0.22498693147208498,0.14285714285714285,-0.09581797719793834,0.05821511749823076,-0.05876345393684769,-0.03417327861130968,0.03664921465968586
H17,"H17|lo=0.05;hi=0.2|XG",XG,1550,NOINS,1337,7,-0.03141463106363491,-0.22571067454628313,0.1406133133881825,-0.09741307095786139,0.05632726470725198,-0.06057995351649732,-0.03595422890335676,0.03664921465968586
H17,"H17|lo=0.05;hi=0.2|XG",XG,1550,L10,1198,7,-0.06306160091109178,-0.15645655934263497,0.13689482470784642,-0.10885640336231817,-0.006670899277446631,-0.09569882355683414,-0.06909261593394464,0.037562604340567615
H17,"H17|lo=0.2;hi=5|XT60",XT60,35197,KILL,34850,7,-0.10086525573845756,-0.29087090194517684,0.21741750358680056,-0.10908735704253542,-0.0924161819327301,-0.10189511215515973,-0.10086486934572925,0.0018651362984218078
H17,"H17|lo=0.2;hi=5|XT60",XT60,35197,PRIMARY,30155,7,-0.11063282491595999,-0.25240903051795616,0.1983087381860388,-0.11721631703019299,-0.10462926892012071,-0.11166216510771745,-0.11313803997180162,0.000663239927043608
H17,"H17|lo=0.2;hi=5|XT60",XT60,35197,NOINS,30155,7,-0.11333087360727183,-0.2550823035812397,0.1962858564085558,-0.11987439241622905,-0.10736159988928562,-0.11436047265528418,-0.11580877491525632,0.000663239927043608
H17,"H17|lo=0.2;hi=5|XT60",XT60,35197,L10,28265,7,-0.08460194951753228,-0.09091094612345349,0.15237926764549797,-0.08919560318890825,-0.08007661763355708,-0.08550458157126642,-0.0904125423486571,0.00024765611179904476
H17,"H17|lo=0.2;hi=5|XT300",XT300,35197,KILL,34850,7,-0.15521607131677934,-0.32555398238893585,0.11948350071736011,-0.16107014506711012,-0.1490614266909905,-0.15627389392898025,-0.1552160087831533,0.004677187948350071
H17,"H17|lo=0.2;hi=5|XT300",XT300,35197,PRIMARY,30155,7,-0.15972231902100867,-0.2901656015428964,0.10996517990383022,-0.1651065436608503,-0.1534375169488261,-0.16083950812231443,-0.1635375095282679,0.002885093682639695
H17,"H17|lo=0.2;hi=5|XT300",XT300,35197,NOINS,30155,7,-0.1619839140438026,-0.29258263646314836,0.1091361299950257,-0.16737480424318776,-0.1557055804523928,-0.16310132815805586,-0.16575893416372195,0.0028519316862875145
H17,"H17|lo=0.2;hi=5|XT300",XT300,35197,L10,28265,7,-0.11111560102939208,-0.15965633335449636,0.09276490359101362,-0.11730017117332361,-0.10569241261796133,-0.11238954492569528,-0.11896411167711995,0.0014859366707942684
H17,"H17|lo=0.2;hi=5|XT1800",XT1800,35197,KILL,34850,7,-0.20461225132357297,-0.33745498233918714,0.05704447632711621,-0.21348166937451712,-0.19650841154296528,-0.20571354439737805,-0.20461064102493767,0.010875179340028695
H17,"H17|lo=0.2;hi=5|XT1800",XT1800,35197,PRIMARY,30155,7,-0.20279926034198187,-0.3035236301883023,0.05123528436411872,-0.21039344982791564,-0.19323858129501403,-0.20404500679113982,-0.20805516454531897,0.007660421157353672
H17,"H17|lo=0.2;hi=5|XT1800",XT1800,35197,NOINS,30155,7,-0.2048868046667253,-0.30590553949075283,0.05090366440059692,-0.21247338464414303,-0.195303113769712,-0.20613275881199056,-0.2100975048521226,0.007660421157353672
H17,"H17|lo=0.2;hi=5|XT1800",XT1800,35197,L10,28265,7,-0.1419609911535733,-0.1884039515801522,0.04542720679285335,-0.14854562853505898,-0.13460476902751567,-0.14330325016967452,-0.1540150864669438,0.004846983902352733
H17,"H17|lo=0.2;hi=5|XB",XB,35197,KILL,34850,7,-0.06932546060090948,-0.3004151932739665,0.2745480631276901,-0.07437106507778157,-0.06444032610431265,-0.06961267910383799,-0.06932488242611043,0.0002582496413199426
H17,"H17|lo=0.2;hi=5|XB",XB,35197,PRIMARY,30155,7,-0.09386790753027704,-0.26916023572707914,0.2209915436909302,-0.09873611893513023,-0.08782447167305998,-0.09425851459726835,-0.09553513749586198,0.000165809981760902
H17,"H17|lo=0.2;hi=5|XB",XB,35197,NOINS,30155,7,-0.09683993754809901,-0.27195212401191093,0.21906814790250373,-0.10177736101306673,-0.09081548818390768,-0.09722997908202956,-0.098514075860779,0.000165809981760902
H17,"H17|lo=0.2;hi=5|XB",XB,35197,L10,28265,7,-0.08358589874614637,-0.13814015565992577,0.1435344065098178,-0.08922033244138086,-0.07774608256906394,-0.08421938513080071,-0.08892689559965992,0.0001768972227136034
H17,"H17|lo=0.2;hi=5|XR",XR,35197,KILL,34850,7,-0.06467113154788454,-0.24435830285225552,0.2193974175035868,-0.07529562064508485,-0.05323206319195496,-0.06571544174449664,-0.0646710109220281,0.00375896700143472
H17,"H17|lo=0.2;hi=5|XR",XR,35197,PRIMARY,30155,7,-0.13747081675172745,-0.2671385757185691,0.1382523627922401,-0.143575251259292,-0.13089641036229785,-0.13861580407413243,-0.14059982186156214,0.002885093682639695
H17,"H17|lo=0.2;hi=5|XR",XR,35197,NOINS,30155,7,-0.14005140529500065,-0.27009589930572897,0.13702536892720943,-0.14613914998597452,-0.13359532605799526,-0.14119664937220616,-0.14315365788616446,0.002885093682639695
H17,"H17|lo=0.2;hi=5|XR",XR,35197,L10,28265,7,-0.11281054318788761,-0.15843025321374948,0.08671501857420838,-0.11609657937971676,-0.1097173880662629,-0.11404479072545329,-0.12134484437625606,0.002335043339819565
H17,"H17|lo=0.2;hi=5|XG",XG,35197,KILL,34850,7,-0.16000556296165888,-0.3062819511467091,0.043242467718794836,-0.174484578351328,-0.14760814670441702,-0.16105550262343105,-0.16000373767519538,0.0020373027259684364
H17,"H17|lo=0.2;hi=5|XG",XG,35197,PRIMARY,30155,7,-0.18346762719727194,-0.29096494204121087,0.044072293152047755,-0.19426505790009277,-0.1703087491451783,-0.184659927572983,-0.1874003329846586,0.00328303763886586
H17,"H17|lo=0.2;hi=5|XG",XG,35197,NOINS,30155,7,-0.1851440636357639,-0.29246196493681637,0.04387332117393467,-0.19595528574836593,-0.17202396076675,-0.18633629573924135,-0.18901797601812198,0.00328303763886586
H17,"H17|lo=0.2;hi=5|XG",XG,35197,L10,28265,7,-0.13258480294910024,-0.18640112881474452,0.040014151777817086,-0.13963996589740774,-0.12462230889771707,-0.13389453721821853,-0.14257384444001578,0.00311339111975942
H17,"H17|lo=5;hi=Infinity|XT60",XT60,8127,KILL,8051,7,-0.2425366096949583,-0.3966605243520223,0.11302943733697678,-0.2590697861896875,-0.22254965650445546,-0.2465516502027144,-0.24253736820419444,0.0069556576822754936
H17,"H17|lo=5;hi=Infinity|XT60",XT60,8127,PRIMARY,7243,7,-0.23175187913323353,-0.3267346551548268,0.09678310092503106,-0.24312728821478483,-0.21951566399147704,-0.2356288062881727,-0.24057571507268882,0.0027612867596299878
H17,"H17|lo=5;hi=Infinity|XT60",XT60,8127,NOINS,7243,7,-0.23398072401132824,-0.32874928165354955,0.09595471489714207,-0.24530804810041099,-0.2217725420655677,-0.2378585747137564,-0.2427628492277747,0.0027612867596299878
H17,"H17|lo=5;hi=Infinity|XT60",XT60,8127,L10,7222,7,-0.12867087087009535,-0.07232548295588945,0.0774023816117419,-0.13837681089992487,-0.11771872374913082,-0.13130571579783668,-0.14668837065242804,0.0012461921905289393
H17,"H17|lo=5;hi=Infinity|XT300",XT300,8127,KILL,8051,7,-0.2721381937263669,-0.43028888115019154,0.07427648739287045,-0.29062454711756625,-0.2534453577202081,-0.27616426862180776,-0.27213442718375047,0.012296609116879891
H17,"H17|lo=5;hi=Infinity|XT300",XT300,8127,PRIMARY,7243,7,-0.2578289098683807,-0.3623993107237401,0.06226701642965622,-0.2742999108875375,-0.23963848949242794,-0.26171664242279535,-0.26674335745493055,0.007317409913019467
H17,"H17|lo=5;hi=Infinity|XT300",XT300,8127,NOINS,7243,7,-0.25983843487461583,-0.3644549155484029,0.06199088775369322,-0.27625972415785804,-0.24165850529613248,-0.26372700009811906,-0.268701693980613,0.007317409913019467
H17,"H17|lo=5;hi=Infinity|XT300",XT300,8127,L10,7222,7,-0.1473348033471441,-0.09801307919155543,0.055386319579063974,-0.16022262271075335,-0.13319765503441774,-0.15045288750710215,-0.16610456216847638,0.0034616449736914984
H17,"H17|lo=5;hi=Infinity|XT1800",XT1800,8127,KILL,8051,7,-0.28593148466398155,-0.4467011214767765,0.04719910570115514,-0.31419648089390884,-0.2595603079725056,-0.28996301645675826,-0.28592378268347834,0.021115389392622034
H17,"H17|lo=5;hi=Infinity|XT1800",XT1800,8127,PRIMARY,7243,7,-0.2732144645077149,-0.3878391289146396,0.039348336324727326,-0.2921765711095132,-0.2509930396957684,-0.2771668449639703,-0.281976733915401,0.014220626812094435
H17,"H17|lo=5;hi=Infinity|XT1800",XT1800,8127,NOINS,7243,7,-0.2753900002884587,-0.38924160281679354,0.039072207648764325,-0.2940810536343029,-0.2536289962508877,-0.27934328219739774,-0.28411342513960225,0.014082562474112936
H17,"H17|lo=5;hi=Infinity|XT1800",XT1800,8127,L10,7222,7,-0.15928020968287865,-0.14514007719085337,0.03447798393796732,-0.1753940364181338,-0.14159645115077443,-0.1630633148687701,-0.1789566612285527,0.009138742730545555
H17,"H17|lo=5;hi=Infinity|XB",XB,8127,KILL,8051,7,-0.1952190457207114,-0.32465989751753643,0.17538194013166067,-0.20450434317876298,-0.18600949619791604,-0.19624108954672198,-0.19521903099885274,0.00037262451869333004
H17,"H17|lo=5;hi=Infinity|XB",XB,8127,PRIMARY,7243,7,-0.21075864368995045,-0.3144906048648919,0.1304707993925169,-0.21762364363845813,-0.20372962440225795,-0.21241828238757177,-0.21921858983957293,0.00027612867596299873
H17,"H17|lo=5;hi=Infinity|XB",XB,8127,NOINS,7243,7,-0.2137371249426551,-0.31624510947260265,0.12922822035068343,-0.22018990063115754,-0.20725662755851856,-0.21539496117033746,-0.22217766349060666,0.00027612867596299873
H17,"H17|lo=5;hi=Infinity|XB",XB,8127,L10,7222,7,-0.1285406493664222,-0.09050532210027676,0.09041816671282193,-0.13711007925404048,-0.11823281032206034,-0.12980651591458547,-0.14615821918642324,0.00027693159789531985
H17,"H17|lo=5;hi=Infinity|XR",XR,8127,KILL,8051,7,-0.19906410608172737,-0.33496203173971445,0.12855545894919887,-0.21235426893942966,-0.18162094429145736,-0.2030447507816914,-0.19906483467392824,0.00670724133647994
H17,"H17|lo=5;hi=Infinity|XR",XR,8127,PRIMARY,7243,7,-0.22827950915553116,-0.3244768792767594,0.08380505315477012,-0.24222887383309036,-0.21262928066674108,-0.23216420232181798,-0.23573920722051486,0.0046941874913709785
H17,"H17|lo=5;hi=Infinity|XR",XR,8127,NOINS,7243,7,-0.23094992965397762,-0.3269691635532715,0.08297666712688112,-0.24455001956742167,-0.21541062139823308,-0.23483572933827326,-0.2383818669007333,0.0045561231533894795
H17,"H17|lo=5;hi=Infinity|XR",XR,8127,L10,7222,7,-0.14018896195056518,-0.10092270312806406,0.06064801993907505,-0.151161925349174,-0.1251336434197652,-0.1435922306518829,-0.15858008920959363,0.0027693159789531985
H17,"H17|lo=5;hi=Infinity|XG",XG,8127,KILL,8051,7,-0.23759336380306753,-0.32867503109298046,0.030927835051546393,-0.2531253713601601,-0.21847974507628978,-0.24140957193224488,-0.23758577130014133,0.0019873307663644266
H17,"H17|lo=5;hi=Infinity|XG",XG,8127,PRIMARY,7243,7,-0.253360840032097,-0.33121068193533915,0.032445119425652355,-0.2665572058789732,-0.2380734754223897,-0.25724672117635766,-0.26022562754568923,0.006350959547148972
H17,"H17|lo=5;hi=Infinity|XG",XG,8127,NOINS,7243,7,-0.2549595566385471,-0.3316076251854773,0.03272124810161535,-0.26803937342401823,-0.2398764593974219,-0.2588461002274217,-0.26174155802165944,0.006350959547148972
H17,"H17|lo=5;hi=Infinity|XG",XG,8127,L10,7222,7,-0.1588855901648741,-0.15014159744972644,0.028662420382165606,-0.1739025382674665,-0.14329382882107614,-0.16266794057813228,-0.17852271000465172,0.004569371365272777
H07,"H07|S=0.5|XT60",XT60,10714,KILL,10594,7,0.03578303252031572,-0.16465641884327736,0.35454030583349067,0.017481747932287496,0.05166313246814817,0.03346182747619643,0.03577573710585763,0.009628091372474987
H07,"H07|S=0.5|XT60",XT60,10714,PRIMARY,7328,7,-0.09684367940626486,-0.20591016948749064,0.26378275109170307,-0.10730569417564438,-0.08702166965767666,-0.09940562957260927,-0.09577956039003042,0.0049126637554585155
H07,"H07|S=0.5|XT60",XT60,10714,NOINS,7328,7,-0.09902501219744733,-0.2088152176305909,0.26200873362445415,-0.10946420844838718,-0.08917107469971972,-0.10158779467941857,-0.09797618250240016,0.0049126637554585155
H07,"H07|S=0.5|XT60",XT60,10714,L10,7237,7,-0.08773390042266535,-0.1469839899849,0.2127953571922067,-0.09925935505078481,-0.07377988435636036,-0.09032348328752268,-0.09058463790327115,0.0031781124775459445
H07,"H07|S=0.5|XT300",XT300,10714,KILL,10594,7,-0.02857986015626615,-0.27546186565110975,0.21672644893335852,-0.047546529753760815,-0.010568569412820299,-0.03140393057641083,-0.0285880639838388,0.018973003586936002
H07,"H07|S=0.5|XT300",XT300,10714,PRIMARY,7328,7,-0.14770697594737697,-0.2991237860756981,0.1765829694323144,-0.16186418689439086,-0.13338087350170055,-0.15123263118739858,-0.14784997538463668,0.011872270742358079
H07,"H07|S=0.5|XT300",XT300,10714,NOINS,7328,7,-0.14927211666262913,-0.30098864067194864,0.17590065502183405,-0.16336002490279516,-0.1349792424016082,-0.1527984090411685,-0.14941055200768888,0.011872270742358079
H07,"H07|S=0.5|XT300",XT300,10714,L10,7237,7,-0.12998240654529106,-0.21885907175156777,0.14909492883791625,-0.14275695674681443,-0.11806015606082768,-0.13327359218652074,-0.1338496277561097,0.008290728202293767
H07,"H07|S=0.5|XT1800",XT1800,10714,KILL,10594,7,-0.11869805871529612,-0.34830589522909305,0.10883518973003586,-0.14196020132088574,-0.10052352094139584,-0.12177665602433309,-0.11870932507847162,0.041060977912025676
H07,"H07|S=0.5|XT1800",XT1800,10714,PRIMARY,7328,7,-0.21703439599934413,-0.35936842082355924,0.0923853711790393,-0.23466831495497378,-0.19860585841593895,-0.22138394144030582,-0.2171105725390876,0.033160480349344976
H07,"H07|S=0.5|XT1800",XT1800,10714,NOINS,7328,7,-0.218387260503666,-0.36085694496461995,0.09224890829694324,-0.23595401500155894,-0.19998226539739558,-0.22273735998173247,-0.21845199405226592,0.033160480349344976
H07,"H07|S=0.5|XT1800",XT1800,10714,L10,7237,7,-0.1853696558204728,-0.2786927976895694,0.07696559347796048,-0.19797160091317206,-0.17170161001468606,-0.18969137830545071,-0.19200468002221163,0.02459582700013818
H07,"H07|S=0.5|XB",XB,10714,KILL,10594,7,0.04687679498033694,-0.2164175203219968,0.4042854445912781,0.03074911458662297,0.06444162918520817,0.04638802784302945,0.04687330801209829,0.0027373985274683783
H07,"H07|S=0.5|XB",XB,10714,PRIMARY,7328,7,-0.08609783578926455,-0.2692230413332338,0.2534115720524017,-0.09400250240126286,-0.07751328786682335,-0.08747003683672383,-0.08639306220260405,0.004093886462882096
H07,"H07|S=0.5|XB",XB,10714,NOINS,7328,7,-0.0881515551682364,-0.2705471804646258,0.2521834061135371,-0.09619496260795812,-0.07938690771907382,-0.08952153708532147,-0.08844153860232895,0.004093886462882096
H07,"H07|S=0.5|XB",XB,10714,L10,7237,7,-0.09303795842475879,-0.20806443972777358,0.19345032472018792,-0.10645124892161806,-0.07861892025770202,-0.09497679929428489,-0.09690251971902294,0.004145364101146884
H07,"H07|S=0.5|XR",XR,10714,KILL,10594,7,0.043448225807834445,-0.1432661658623949,0.3216915235038701,0.030235644805668278,0.05485765900916802,0.04084980916661167,0.04344375582505371,0.013875778742684539
H07,"H07|S=0.5|XR",XR,10714,PRIMARY,7328,7,-0.11460047723487914,-0.24354205081449948,0.19405021834061134,-0.12583937045867022,-0.10369306339635077,-0.11794375844116713,-0.11475093610394324,0.012145196506550219
H07,"H07|S=0.5|XR",XR,10714,NOINS,7328,7,-0.11675462344774548,-0.24609908108415637,0.19309497816593887,-0.12792910592659804,-0.10611704173185252,-0.12009878377106875,-0.1169158740407161,0.012145196506550219
H07,"H07|S=0.5|XR",XR,10714,L10,7237,7,-0.11741218630839685,-0.20488541333865815,0.14798949841094375,-0.12960404965372896,-0.1046550514375771,-0.12105352586494025,-0.12125841640235825,0.009534337432637834
H07,"H07|S=0.5|XG",XG,10714,KILL,10594,7,-0.06701670314049106,-0.3049173026217601,0.07334340192561828,-0.09494402834556745,-0.045416480392286226,-0.06998608982652624,-0.06702948758175405,0.0019822541060977913
H07,"H07|S=0.5|XG",XG,10714,PRIMARY,7328,7,-0.1747706296436315,-0.30504475385845586,0.06727620087336245,-0.18547052939718722,-0.1631711539431171,-0.17905555435259404,-0.1744400078280105,0.0072325327510917034
H07,"H07|S=0.5|XG",XG,10714,NOINS,7328,7,-0.17586622768939664,-0.3055230577726261,0.0670032751091703,-0.18639652999050885,-0.16417115642268781,-0.1801515183183635,-0.17549819392179417,0.006959606986899563
H07,"H07|S=0.5|XG",XG,10714,L10,7237,7,-0.1523689977359155,-0.2563673122621486,0.06162774630371701,-0.16576194444917394,-0.14021542436803724,-0.15675108498172352,-0.15646282246234772,0.010087052646124084
H07,"H07|S=2|XT60",XT60,5152,KILL,5100,7,0.08523735762622837,-0.13309085120143277,0.4027450980392157,0.0638739607245144,0.10309643962164483,0.08063398937571094,0.08523763855555352,0.019019607843137255
H07,"H07|S=2|XT60",XT60,5152,PRIMARY,3226,7,-0.07358946667978171,-0.1832261126552503,0.30564166150030997,-0.08621973666465975,-0.05508273678154128,-0.07849106853507265,-0.07115720798398384,0.010849349039057656
H07,"H07|S=2|XT60",XT60,5152,NOINS,3226,7,-0.07526641796474656,-0.18486466282732633,0.30471171729696217,-0.08800792752172032,-0.05678656944594602,-0.08016954440999417,-0.07283429830178573,0.010539367637941723
H07,"H07|S=2|XT60",XT60,5152,L10,3257,7,-0.07278217144024293,-0.1316580037258689,0.2600552655818238,-0.08615499955709241,-0.06106044726931804,-0.07686123278898065,-0.07363518683745869,0.00644765121277249
H07,"H07|S=2|XT300",XT300,5152,KILL,5100,7,0.014855592090995632,-0.2532847617339107,0.2611764705882353,-0.012162577127148307,0.040829292698932554,0.009534221059142001,0.014849546572235821,0.039411764705882354
H07,"H07|S=2|XT300",XT300,5152,PRIMARY,3226,7,-0.13359644911893778,-0.30123324722284245,0.2213267203967762,-0.15676489677256228,-0.10417181877959976,-0.13963190117406235,-0.13291972697269697,0.03130812151270924
H07,"H07|S=2|XT300",XT300,5152,NOINS,3226,7,-0.13459917799217672,-0.30244141789493395,0.2213267203967762,-0.15778178100812693,-0.10518222776856907,-0.1406355333931254,-0.13390110974933683,0.03130812151270924
H07,"H07|S=2|XT300",XT300,5152,L10,3257,7,-0.12165424784404998,-0.22088164615428882,0.19158735032238255,-0.13889002136200473,-0.09761737532020652,-0.12678772481728134,-0.12259325322103277,0.01934295363831747
H07,"H07|S=2|XT1800",XT1800,5152,KILL,5100,7,-0.08062194349913175,-0.3727717924481369,0.14705882352941177,-0.10922759060813031,-0.0570542882587909,-0.08690656885892624,-0.0806333030425307,0.0792156862745098
H07,"H07|S=2|XT1800",XT1800,5152,PRIMARY,3226,7,-0.19793463028938454,-0.411265784751468,0.14011159330440173,-0.22494325775348867,-0.16827157450700087,-0.20671940506165,-0.19821130050833377,0.07563546187228766
H07,"H07|S=2|XT1800",XT1800,5152,NOINS,3226,7,-0.19877641032758492,-0.4121734914235457,0.1398016119032858,-0.22579504484231105,-0.16912750611031102,-0.2075619685400428,-0.19902807679333742,0.07563546187228766
H07,"H07|S=2|XT1800",XT1800,5152,L10,3257,7,-0.18716337521883095,-0.3151456550528965,0.11268038071845256,-0.20911931461249686,-0.1602988981106499,-0.19612793009766993,-0.191570702223801,0.05434448879336813
H07,"H07|S=2|XB",XB,5152,KILL,5100,7,0.10714247417822458,-0.18148123973931646,0.4856862745098039,0.09019199926503917,0.12199763284504249,0.1061623416073734,0.10713533416080082,0.0072549019607843135
H07,"H07|S=2|XB",XB,5152,PRIMARY,3226,7,-0.05018319866624025,-0.2556333707685716,0.30719156850588963,-0.06275684846908315,-0.03566503262137617,-0.05297243897010702,-0.04947725120374992,0.013019218846869188
H07,"H07|S=2|XB",XB,5152,NOINS,3226,7,-0.052301032479620146,-0.2569652872829582,0.30440173589584624,-0.06468779374238681,-0.03782379291338732,-0.05508599545267747,-0.051501639376956114,0.013019218846869188
H07,"H07|S=2|XB",XB,5152,L10,3257,7,-0.06941585086661499,-0.200646857494476,0.2410193429536383,-0.08175555680716164,-0.05686043792479302,-0.07292902091357421,-0.07080032136483234,0.012281240405280933
H07,"H07|S=2|XR",XR,5152,KILL,5100,7,0.0832553062480923,-0.10222319785085318,0.3827450980392157,0.06258407176999861,0.0964218329835446,0.0784694791198638,0.08325335713180076,0.031176470588235295
H07,"H07|S=2|XR",XR,5152,PRIMARY,3226,7,-0.09271244432476605,-0.2290774765675748,0.23713577185368878,-0.10177085796646367,-0.08238679314132687,-0.09680746443237231,-0.09121635410628072,0.030998140111593304
H07,"H07|S=2|XR",XR,5152,NOINS,3226,7,-0.09489607074461373,-0.231572558332785,0.23558586484810912,-0.10411619131527362,-0.08427926615330826,-0.098993064368187,-0.09338169325882063,0.030998140111593304
H07,"H07|S=2|XR",XR,5152,L10,3257,7,-0.09848396561261948,-0.19645439382489974,0.19035922628185448,-0.11073851704381918,-0.08357311730737686,-0.10309613154030725,-0.0999131532818283,0.023334356770033773
H07,"H07|S=2|XG",XG,5152,KILL,5100,7,-0.017363622333509375,-0.305381334261977,0.10254901960784314,-0.04655899721112002,0.006875574889265945,-0.023323412176414753,-0.017378621260577987,0.0033333333333333335
H07,"H07|S=2|XG",XG,5152,PRIMARY,3226,7,-0.1409365423963569,-0.30615031193812503,0.09857408555486671,-0.15728789153630268,-0.12075310271359163,-0.14944656243967816,-0.1393536278979472,0.013329200247985121
H07,"H07|S=2|XG",XG,5152,NOINS,3226,7,-0.142587733147627,-0.30654838812961016,0.09826410415375078,-0.157896695682856,-0.12266206266778915,-0.15109838123362157,-0.1409204342806039,0.012709237445753255
H07,"H07|S=2|XG",XG,5152,L10,3257,7,-0.13524640412764652,-0.26183391786706356,0.08627571384709856,-0.15154345132148475,-0.1125567143682077,-0.14404520667596638,-0.13536980012464553,0.01657967454712926
H07,"H07|S=0.5;mirror=true|XT1800",XT1800,10714,KILL,10594,7,0.05666306674083877,-0.09384193821202924,0.3448178214083443,0.038495359727840975,0.07192433984620546,0.05392978524584168,0.05666066398659188,0.013592599584670568
H07,"H07|S=0.5;mirror=true|XT1800",XT1800,10714,PRIMARY,7328,7,-0.12043701133775706,-0.2010105413436286,0.18586244541484717,-0.13056544532640976,-0.10956759018041194,-0.12333684978522624,-0.11978692725847687,0.0113264192139738
H07,"H07|S=0.5;mirror=true|XT1800",XT1800,10714,NOINS,7328,7,-0.12275217012345357,-0.20422421121140272,0.18422489082969432,-0.13284108348455548,-0.11191779800731834,-0.12565295321172743,-0.12211066690217169,0.0113264192139738
H07,"H07|S=0.5;mirror=true|XT1800",XT1800,10714,L10,7237,7,-0.1425459802798828,-0.19651151432658795,0.11786651927594308,-0.15133168700706026,-0.13567526392830292,-0.14640966309532474,-0.14489392036216783,0.012021555893325963
H07,"H07|S=2;mirror=true|XT1800",XT1800,5152,KILL,5100,7,0.08925131254331933,-0.08794306253420228,0.37745098039215685,0.0637083932226944,0.10800044394130578,0.08447583393754766,0.08925276768604483,0.031568627450980394
H07,"H07|S=2;mirror=true|XT1800",XT1800,5152,PRIMARY,3226,7,-0.09511597859747306,-0.19999336763954983,0.22287662740235586,-0.10849079796517025,-0.08181810848436276,-0.10002758182705744,-0.09266483422051792,0.03068815871047737
H07,"H07|S=2;mirror=true|XT1800",XT1800,5152,NOINS,3226,7,-0.09690147936450269,-0.202123975778638,0.2213267203967762,-0.11028990631958956,-0.08364271426598378,-0.10181474451504043,-0.09444455194145086,0.03068815871047737
H07,"H07|S=2;mirror=true|XT1800",XT1800,5152,L10,3257,7,-0.13823450576884402,-0.20494208954410406,0.15443659809640772,-0.15866740105363553,-0.11612132666040591,-0.1435863364645642,-0.1371900622336998,0.026404666871354007
