hypothesis,variant_id,exit,n_signals,setting,n,days,mean,median,win,ci_lo,ci_hi,mean_no_top3,sol_weighted,via_pool_share
H01,"H01|V=10;N=25;T=60|XT60",XT60,3808,KILL,3767,21,-0.09515115986536196,-0.4298634694791304,0.2803291744093443,-0.13835616632781655,-0.048171105303747866,-0.10045103565724306,-0.09515490702278084,0.005574727900185824
H01,"H01|V=10;N=25;T=60|XT60",XT60,3808,PRIMARY,3117,21,-0.13071943799429855,-0.339876120155684,0.2354828360603144,-0.16464632019651804,-0.09381769596330601,-0.13637837916446632,-0.13096818629194856,0.0019249278152069298
H01,"H01|V=10;N=25;T=60|XT60",XT60,3808,NOINS,3117,21,-0.13230701218570373,-0.34194802397781143,0.23484119345524543,-0.16620398320713975,-0.09542889964781025,-0.13796733435531147,-0.13253675272410737,0.0019249278152069298
H01,"H01|V=10;N=25;T=60|XT60",XT60,3808,L10,2848,21,-0.10680752790089934,-0.17545828511227016,0.19662921348314608,-0.12583275666682106,-0.08455620531550047,-0.11431670932053814,-0.11366530548465083,0.001053370786516854
H01,"H01|V=10;N=25;T=60|XT300",XT300,3808,KILL,3767,21,-0.19980989716529435,-0.4746515596238993,0.15343774887178127,-0.23751796933687036,-0.15898792791238256,-0.20542265557047945,-0.19981340450166651,0.01380408813379347
H01,"H01|V=10;N=25;T=60|XT300",XT300,3808,PRIMARY,3117,21,-0.22458065194265664,-0.44372966339643277,0.12993262752646775,-0.2594480961789033,-0.18474278830058982,-0.23208003850227688,-0.22850105703380413,0.008662175168431183
H01,"H01|V=10;N=25;T=60|XT300",XT300,3808,NOINS,3117,21,-0.22565627297884674,-0.4450076100242979,0.1292909849213988,-0.26052513982369796,-0.18578239940504565,-0.23315669574595088,-0.22953439713798154,0.008662175168431183
H01,"H01|V=10;N=25;T=60|XT300",XT300,3808,L10,2848,21,-0.1674551699697187,-0.29819813715236176,0.12008426966292135,-0.19155854444867407,-0.1407826027721568,-0.1769503392207494,-0.18386966719879239,0.0049157303370786515
H01,"H01|V=10;N=25;T=60|XT1800",XT1800,3808,KILL,3767,21,-0.25964138330221465,-0.48449598527436444,0.07353331563578444,-0.3013408946058786,-0.21542305141373957,-0.2653590088619127,-0.25965733910496674,0.02787363950092912
H01,"H01|V=10;N=25;T=60|XT1800",XT1800,3808,PRIMARY,3117,21,-0.2689154671251255,-0.4680510064432346,0.06352261790182868,-0.3029861795522564,-0.2307311086936084,-0.2777254415044823,-0.2765766573804466,0.019890920757138275
H01,"H01|V=10;N=25;T=60|XT1800",XT1800,3808,NOINS,3117,21,-0.2698451168824104,-0.46923114649829745,0.06352261790182868,-0.3038834452372816,-0.23164802173512614,-0.2786559868081738,-0.27745492144963674,0.019890920757138275
H01,"H01|V=10;N=25;T=60|XT1800",XT1800,3808,L10,2848,21,-0.20955446187305685,-0.3720850419445792,0.05442415730337079,-0.2464618358906342,-0.17887707243403703,-0.22104359887135958,-0.23087229296311979,0.013342696629213483
H01,"H01|V=10;N=25;T=60|XB",XB,3808,KILL,3767,21,-0.05851366226943323,-0.3099277349385603,0.32359968144412,-0.07485057872766827,-0.04178888605201878,-0.05966371543050987,-0.05850865285935057,0.0007963897000265463
H01,"H01|V=10;N=25;T=60|XB",XB,3808,PRIMARY,3117,21,-0.11474823214233272,-0.318912306090182,0.2694898941289702,-0.14190397658314508,-0.0875501593592925,-0.11704295067438164,-0.11459091119467203,0.0003208213025344883
H01,"H01|V=10;N=25;T=60|XB",XB,3808,NOINS,3117,21,-0.11746906887823198,-0.3201242982304581,0.2678857876162977,-0.14544859796350032,-0.0894386679183936,-0.11976143528012274,-0.11738941419996339,0.0003208213025344883
H01,"H01|V=10;N=25;T=60|XB",XB,3808,L10,2848,21,-0.10467992214161616,-0.22513790998875155,0.2050561797752809,-0.1266188180951634,-0.07747000896789173,-0.107459588183177,-0.1097369862563671,0.0007022471910112359
H01,"H01|V=10;N=25;T=60|XR",XR,3808,KILL,3767,21,-0.031373608039538654,-0.26447169792547637,0.25457924077515265,-0.06359735785726099,0.00047561167576936904,-0.036828678040253596,-0.03136755993209252,0.00876028670029201
H01,"H01|V=10;N=25;T=60|XR",XR,3808,PRIMARY,3117,21,-0.16171229333183695,-0.34150034677367425,0.17067693294834776,-0.19225164037863396,-0.12935820278216376,-0.16883050081148349,-0.16315963734472103,0.006737247353224254
H01,"H01|V=10;N=25;T=60|XR",XR,3808,NOINS,3117,21,-0.16238013653215022,-0.34330428510654787,0.17099775425088226,-0.19336408495497012,-0.12964878249045875,-0.1694989873805803,-0.16356843635306892,0.006737247353224254
H01,"H01|V=10;N=25;T=60|XR",XR,3808,L10,2848,21,-0.14354000300347441,-0.2515563479743553,0.1309691011235955,-0.16602554172883832,-0.11727952305446807,-0.15237127327560343,-0.15509404287003328,0.0052668539325842695
H01,"H01|V=10;N=25;T=60|XG",XG,3808,KILL,3767,21,-0.14567493997620268,-0.3195682304362967,0.05256172020175206,-0.18552341101193137,-0.10252018708511104,-0.15109536909535465,-0.145683446984047,0.002920095566764003
H01,"H01|V=10;N=25;T=60|XG",XG,3808,PRIMARY,3117,21,-0.21626327535003065,-0.3576219405807415,0.05261469361565608,-0.25380911229083414,-0.1750146025680687,-0.22434642509539302,-0.22042430801908597,0.004491498235482836
H01,"H01|V=10;N=25;T=60|XG",XG,3808,NOINS,3117,21,-0.21681263157527383,-0.3584485016319223,0.05325633622072506,-0.25449379151960105,-0.17554161521414993,-0.2248962879559514,-0.22090431601076346,0.004491498235482836
H01,"H01|V=10;N=25;T=60|XG",XG,3808,L10,2848,21,-0.18727837299460012,-0.3020519284960753,0.04845505617977528,-0.2156661259043793,-0.1588067476288066,-0.19795649840714621,-0.20303606337925542,0.0052668539325842695
H01,"H01|V=10;N=25;T=300|XT60",XT60,4170,KILL,4129,21,-0.08332042173675448,-0.39758643848564745,0.2957132477597481,-0.12438787676600646,-0.040202157992810954,-0.0881467039147123,-0.08332351427916145,0.006539113586824897
H01,"H01|V=10;N=25;T=300|XT60",XT60,4170,PRIMARY,3448,21,-0.1174484768722439,-0.3054653917437316,0.2526102088167053,-0.15004635773487707,-0.0827454799873211,-0.1225521430320514,-0.11693099646593945,0.0020301624129930394
H01,"H01|V=10;N=25;T=300|XT60",XT60,4170,NOINS,3448,21,-0.11921534036091012,-0.3072460775868314,0.25203016241299303,-0.15177978726482172,-0.08454165167646056,-0.12432041096197943,-0.11868746949578186,0.0020301624129930394
H01,"H01|V=10;N=25;T=300|XT60",XT60,4170,L10,3159,21,-0.09864297012637267,-0.15232258967502485,0.21652421652421652,-0.11691598888483463,-0.07806661868959613,-0.10540441735880264,-0.10322640931935154,0.000949667616334283
H01,"H01|V=10;N=25;T=300|XT300",XT300,4170,KILL,4129,21,-0.1759027679396696,-0.47209672155614146,0.17268103657059822,-0.21553511203100928,-0.13348772384594285,-0.18100570086488532,-0.17590744559338586,0.014773552918382175
H01,"H01|V=10;N=25;T=300|XT300",XT300,4170,PRIMARY,3448,21,-0.1987642823892718,-0.4386795454089868,0.1531322505800464,-0.23394269974148948,-0.15850893288613568,-0.20552063671089726,-0.20094338465910194,0.008700696055684454
H01,"H01|V=10;N=25;T=300|XT300",XT300,4170,NOINS,3448,21,-0.19995986550334746,-0.4396209311018717,0.15226218097447797,-0.235153983070175,-0.15972018693371579,-0.20671726093856801,-0.20210222513090503,0.008700696055684454
H01,"H01|V=10;N=25;T=300|XT300",XT300,4170,L10,3159,21,-0.1472082010074257,-0.286968178090476,0.14213358657803102,-0.1728728706795905,-0.1161657460569785,-0.15706367716220837,-0.16012413719316418,0.005064893953782843
H01,"H01|V=10;N=25;T=300|XT1800",XT1800,4170,KILL,4129,21,-0.23233972875680378,-0.4824398288642356,0.0881569387260838,-0.2775420883361578,-0.18292867903680698,-0.23753586003238902,-0.23235847186640693,0.02954710583676435
H01,"H01|V=10;N=25;T=300|XT1800",XT1800,4170,PRIMARY,3448,21,-0.23946434804397002,-0.46513106243441893,0.08004640371229699,-0.2787504115774941,-0.19562288335754927,-0.24740220199464566,-0.24483956072099508,0.02117169373549884
H01,"H01|V=10;N=25;T=300|XT1800",XT1800,4170,NOINS,3448,21,-0.24043932872802062,-0.4662648113294453,0.08004640371229699,-0.2797174333592362,-0.1965926777315817,-0.24837803165526584,-0.24576455028842425,0.02117169373549884
H01,"H01|V=10;N=25;T=300|XT1800",XT1800,4170,L10,3159,21,-0.19043209774044317,-0.3741424053957875,0.07027540360873694,-0.228574076773811,-0.15404984276972475,-0.20145546996424776,-0.2076807356588567,0.014245014245014245
H01,"H01|V=10;N=25;T=300|XB",XB,4170,KILL,4129,21,-0.051329613614368406,-0.3094561862593901,0.3322838459675466,-0.06868240319058251,-0.03350855220176568,-0.052674287054814466,-0.05132432962070157,0.0016953257447323807
H01,"H01|V=10;N=25;T=300|XB",XB,4170,PRIMARY,3448,21,-0.10204319166055671,-0.3166496351968886,0.2819025522041763,-0.12956710480235906,-0.07396117601143573,-0.1041799782400217,-0.10104146492205503,0.000580046403712297
H01,"H01|V=10;N=25;T=300|XB",XB,4170,NOINS,3448,21,-0.10488336711614422,-0.31787700258742446,0.28016241299303946,-0.13301546774663273,-0.07657289539742922,-0.10701781557584637,-0.10395721064260764,0.000580046403712297
H01,"H01|V=10;N=25;T=300|XB",XB,4170,L10,3159,21,-0.09563272616277092,-0.22144143760879914,0.22032288698955366,-0.11813922129345315,-0.06818081838992011,-0.09812987708175148,-0.09825877185028903,0.0006331117442228553
H01,"H01|V=10;N=25;T=300|XR",XR,4170,KILL,4129,21,-0.016828727110825427,-0.2604819660713397,0.2620489222572051,-0.049238089896812866,0.015485585071350009,-0.021794613887341472,-0.01682485982711111,0.010898522644708163
H01,"H01|V=10;N=25;T=300|XR",XR,4170,PRIMARY,3448,21,-0.14416453168837884,-0.3392707895839917,0.18155452436194897,-0.17353112561482434,-0.11102528613671213,-0.1506517055688897,-0.14430716248137365,0.007830626450116009
H01,"H01|V=10;N=25;T=300|XR",XR,4170,NOINS,3448,21,-0.1449564012068093,-0.34123608322578125,0.1818445475638051,-0.17453509226179267,-0.11175818552582935,-0.15144426464875213,-0.14486749004600796,0.007830626450116009
H01,"H01|V=10;N=25;T=300|XR",XR,4170,L10,3159,21,-0.1297579595057022,-0.2516095703138837,0.14245014245014245,-0.15336170136191077,-0.10020775549077064,-0.1391545416392928,-0.13896361765236426,0.006331117442228553
H01,"H01|V=10;N=25;T=300|XG",XG,4170,KILL,4129,21,-0.12348600615126412,-0.319511059151286,0.06393799951562122,-0.16628213822803972,-0.07433939702894082,-0.1284163133040808,-0.12349580378493782,0.004359409057883265
H01,"H01|V=10;N=25;T=300|XG",XG,4170,PRIMARY,3448,21,-0.19295348821965747,-0.357507542236152,0.06438515081206496,-0.2336037559703267,-0.14507674246193503,-0.2002396998149168,-0.19532498972906578,0.00580046403712297
H01,"H01|V=10;N=25;T=300|XG",XG,4170,NOINS,3448,21,-0.19341828409807899,-0.3580697861999148,0.06496519721577726,-0.23422872912568057,-0.14566716604917745,-0.2007048800130276,-0.19571782250591716,0.00580046403712297
H01,"H01|V=10;N=25;T=300|XG",XG,4170,L10,3159,21,-0.16875794784071893,-0.30441960970652443,0.060778727445394115,-0.20341905916000858,-0.1318764653318851,-0.17927197144697052,-0.18095519441203836,0.006647673314339981
H01,"H01|V=10;N=60;T=60|XT60",XT60,12314,KILL,12162,21,-0.08692117018042075,-0.37723724690313915,0.3188620292715014,-0.10767457026220696,-0.0649691775527746,-0.08860318347494048,-0.08692686679147936,0.00493339911198816
H01,"H01|V=10;N=60;T=60|XT60",XT60,12314,PRIMARY,10185,21,-0.12461265451892375,-0.32778167533185165,0.2815905743740795,-0.14252217246607565,-0.10644616966315751,-0.12671473594938812,-0.1266758308746555,0.0021600392734413354
H01,"H01|V=10;N=60;T=60|XT60",XT60,12314,NOINS,10185,21,-0.12618164847252186,-0.32890127612929426,0.2806087383406971,-0.1440631872415776,-0.10802492601768253,-0.12828419218671813,-0.12823074164022305,0.0021600392734413354
H01,"H01|V=10;N=60;T=60|XT60",XT60,12314,L10,9224,21,-0.1146117722867314,-0.18388124359331576,0.24111014744145706,-0.12430118246125034,-0.10411040420400117,-0.1169311556369153,-0.12276391640125033,0.001409366869037294
H01,"H01|V=10;N=60;T=60|XT300",XT300,12314,KILL,12162,21,-0.19681151767042218,-0.47431883488383664,0.1724222989639862,-0.2131656383611835,-0.1809880193863736,-0.1985535700106431,-0.19681641061415045,0.014471304061831936
H01,"H01|V=10;N=60;T=60|XT300",XT300,12314,PRIMARY,10185,21,-0.22484106083696084,-0.45979700455233535,0.15031909671084928,-0.24087896754552765,-0.20824910583916453,-0.2273638976805191,-0.22914124218577772,0.008640157093765342
H01,"H01|V=10;N=60;T=60|XT300",XT300,12314,NOINS,10185,21,-0.22578755159067132,-0.46098404617486977,0.15002454590083455,-0.2418356882677959,-0.20917433617712167,-0.22831066729346425,-0.23005161836647153,0.008640157093765342
H01,"H01|V=10;N=60;T=60|XT300",XT300,12314,L10,9224,21,-0.18173258312053775,-0.35584712737184165,0.13670858629661753,-0.19353396302455364,-0.16886911610073546,-0.18485842338392428,-0.19707335704746265,0.005420641803989592
H01,"H01|V=10;N=60;T=60|XT1800",XT1800,12314,KILL,12162,21,-0.2685986045206212,-0.4884906871206027,0.08115441539220523,-0.2942735252852017,-0.2419966535750131,-0.2703709475162684,-0.2686060395229309,0.03247821082058872
H01,"H01|V=10;N=60;T=60|XT1800",XT1800,12314,PRIMARY,10185,21,-0.2871816022633627,-0.4832954955990284,0.06882670594010801,-0.31282539986678776,-0.259522057139621,-0.290263510720207,-0.294695779507415,0.023662248404516445
H01,"H01|V=10;N=60;T=60|XT1800",XT1800,12314,NOINS,10185,21,-0.2879744189578209,-0.48422939737264487,0.06882670594010801,-0.31363645239438326,-0.26029209117653807,-0.2910565609710609,-0.29544575149269975,0.023662248404516445
H01,"H01|V=10;N=60;T=60|XT1800",XT1800,12314,L10,9224,21,-0.23568761568470162,-0.420589797387693,0.05962705984388551,-0.2559129344711484,-0.2169057480862714,-0.23933010300120394,-0.2565594805720155,0.017888117953165656
H01,"H01|V=10;N=60;T=60|XB",XB,12314,KILL,12162,21,-0.04258425058135147,-0.3075779015969355,0.33793783917118897,-0.052497554760292074,-0.03200065537139348,-0.04296951624913604,-0.04258157897552166,0.000493339911198816
H01,"H01|V=10;N=60;T=60|XB",XB,12314,PRIMARY,10185,21,-0.10969272203417238,-0.32073093014960835,0.28561610211094746,-0.12271541693147917,-0.09736639621246568,-0.11059013290652622,-0.1103571969275353,0.000589101620029455
H01,"H01|V=10;N=60;T=60|XB",XB,12314,NOINS,10185,21,-0.11186621204273214,-0.32114958645251124,0.2840451644575356,-0.12493606906206818,-0.09935116841129658,-0.11276324018735448,-0.11252272130954577,0.000589101620029455
H01,"H01|V=10;N=60;T=60|XB",XB,12314,L10,9224,21,-0.11534111466065944,-0.2570375557008397,0.22560711188204682,-0.12756956209320494,-0.10168187848045457,-0.11647813692007797,-0.12213587584533919,0.0006504770164787511
H01,"H01|V=10;N=60;T=60|XR",XR,12314,KILL,12162,21,-0.037200342173185,-0.24708544848515,0.2629501726689689,-0.05603264024464552,-0.01958962029895909,-0.0388980486454341,-0.03719707670501018,0.010195691498108863
H01,"H01|V=10;N=60;T=60|XR",XR,12314,PRIMARY,10185,21,-0.16895141102269276,-0.3471257524488797,0.1764359351988218,-0.18420255017999382,-0.1533363921051115,-0.1713942591565877,-0.17229808407878347,0.007658321060382916
H01,"H01|V=10;N=60;T=60|XR",XR,12314,NOINS,10185,21,-0.17004771451924716,-0.34931004111403197,0.17604320078546884,-0.185494623229598,-0.15423592800934174,-0.1724908856585517,-0.17329311647462223,0.007658321060382916
H01,"H01|V=10;N=60;T=60|XR",XR,12314,L10,9224,21,-0.16491403814057748,-0.28226012211359985,0.14147875108412836,-0.1736825660941227,-0.15463995529989802,-0.1677172845557166,-0.1772420929808572,0.005962705984388552
H01,"H01|V=10;N=60;T=60|XG",XG,12314,KILL,12162,21,-0.14693445613343212,-0.31651759613949554,0.054102943594803485,-0.17262081491016693,-0.12086427076789831,-0.14865422834564207,-0.1469413287105196,0.004440059200789344
H01,"H01|V=10;N=60;T=60|XG",XG,12314,PRIMARY,10185,21,-0.23374530778573024,-0.3703547849898018,0.05027000490918017,-0.25953760949605265,-0.2070982732873023,-0.23664535412610824,-0.2387998512676729,0.006676485027000491
H01,"H01|V=10;N=60;T=60|XG",XG,12314,NOINS,10185,21,-0.2339254549392619,-0.37084290526178676,0.05066273932253314,-0.2597934016125668,-0.2072083819220077,-0.23682554777992784,-0.2388927398842731,0.006381934216985763
H01,"H01|V=10;N=60;T=60|XG",XG,12314,L10,9224,21,-0.210836362255125,-0.3275698768990002,0.05106244579358196,-0.23166040515667446,-0.19186062863791012,-0.2142115396573845,-0.22682764382689,0.00704683434518647
H01,"H01|V=10;N=60;T=300|XT60",XT60,13912,KILL,13749,21,-0.07844094934893873,-0.3129046515098751,0.3336969961451742,-0.09690728377229028,-0.059661701738197945,-0.07992692046676059,-0.07844631317029674,0.004945814241035712
H01,"H01|V=10;N=60;T=300|XT60",XT60,13912,PRIMARY,11665,21,-0.1138211996753835,-0.2749482023502677,0.29952850407201026,-0.13061222353893653,-0.09785737784472666,-0.11567656563695276,-0.11524775658916175,0.002057436776682383
H01,"H01|V=10;N=60;T=300|XT60",XT60,13912,NOINS,11665,21,-0.11560782457929447,-0.27659387024832455,0.29807115302186027,-0.13234187818717572,-0.09966438955789073,-0.11746365013922552,-0.11702894153875006,0.002057436776682383
H01,"H01|V=10;N=60;T=300|XT60",XT60,13912,L10,10634,21,-0.10431517199517776,-0.14402995801709495,0.263776565732556,-0.11364598519401714,-0.09467438536948458,-0.10632402761282035,-0.11005256491895735,0.0012224938875305623
H01,"H01|V=10;N=60;T=300|XT300",XT300,13912,KILL,13749,21,-0.17502324351936074,-0.4708380180090543,0.19543239508327878,-0.19332796937017968,-0.15767213176501232,-0.17656391255964177,-0.17502887524884678,0.01403738453705724
H01,"H01|V=10;N=60;T=300|XT300",XT300,13912,PRIMARY,11665,21,-0.20044209993511303,-0.452403133178786,0.17771110158594086,-0.2192204664765382,-0.18201401506972795,-0.20263849230850034,-0.203507748671938,0.008229747106729532
H01,"H01|V=10;N=60;T=300|XT300",XT300,13912,NOINS,11665,21,-0.2015296233731032,-0.45373176165026724,0.17719674239177025,-0.22031160149473736,-0.18309138079847234,-0.2037262954963403,-0.20456487551509941,0.008229747106729532
H01,"H01|V=10;N=60;T=300|XT300",XT300,13912,L10,10634,21,-0.16232607977442332,-0.33961849392237886,0.16447244686853488,-0.17411717211738437,-0.1490621549863062,-0.1652910032890944,-0.17384995130695854,0.005266127515516268
H01,"H01|V=10;N=60;T=300|XT1800",XT1800,13912,KILL,13749,21,-0.2498833970064244,-0.48452959507741167,0.09222488908284239,-0.27451672803113725,-0.22410759313201514,-0.25144703536387714,-0.2498920600973912,0.03214779256673213
H01,"H01|V=10;N=60;T=300|XT1800",XT1800,13912,PRIMARY,11665,21,-0.2680098294537003,-0.47857729924898107,0.08144020574367766,-0.29342556993584906,-0.24154811890246172,-0.2706956875045618,-0.2741040169481982,0.023660522931847408
H01,"H01|V=10;N=60;T=300|XT1800",XT1800,13912,NOINS,11665,21,-0.2688414722960923,-0.4794411299512712,0.08144020574367766,-0.294230666399982,-0.2423892443616152,-0.27152754425105713,-0.27489438827570933,0.023660522931847408
H01,"H01|V=10;N=60;T=300|XT1800",XT1800,13912,L10,10634,21,-0.22323571422488528,-0.4251569036269408,0.07316155726913673,-0.2422439451235776,-0.20542050395613332,-0.22655584970632744,-0.24071688589700482,0.018149332330261427
H01,"H01|V=10;N=60;T=300|XB",XB,13912,KILL,13749,21,-0.038880565444549285,-0.3072130839261728,0.3428612990035639,-0.048498146442278185,-0.028725003276328133,-0.039311130324184027,-0.038878610717634446,0.0008727907484180668
H01,"H01|V=10;N=60;T=300|XB",XB,13912,PRIMARY,11665,21,-0.10298901520146472,-0.3194580867251674,0.2940420060008573,-0.11531128911952493,-0.0913656293640592,-0.10379020488937844,-0.10350155951926515,0.0007715387912558937
H01,"H01|V=10;N=60;T=300|XB",XB,13912,NOINS,11665,21,-0.10529116302302059,-0.3202464136401652,0.29232747535362197,-0.11753951514470683,-0.09355577726437456,-0.10609172155932826,-0.10579554778416761,0.0007715387912558937
H01,"H01|V=10;N=60;T=300|XB",XB,13912,L10,10634,21,-0.11009045048879615,-0.26021163366839917,0.23913861199924769,-0.1215092613276782,-0.09801442819355818,-0.11107518666240046,-0.11567103286077839,0.0007523039307880384
H01,"H01|V=10;N=60;T=300|XR",XR,13912,KILL,13749,21,-0.02468850510854711,-0.2410692900850704,0.2689650156375009,-0.04205610329637089,-0.008797276619560495,-0.02619699984624635,-0.024685389674156462,0.011346279729434867
H01,"H01|V=10;N=60;T=300|XR",XR,13912,PRIMARY,11665,21,-0.16105635475037614,-0.3476997564162434,0.18139734247749678,-0.17571611249852698,-0.14663438964114164,-0.1632009001998056,-0.16379951019651035,0.008658379768538362
H01,"H01|V=10;N=60;T=300|XR",XR,13912,NOINS,11665,21,-0.1622345969477199,-0.3498527992635787,0.18096870981568797,-0.17691210009601063,-0.14778787517262984,-0.1643794454873353,-0.16489066047599166,0.008658379768538362
H01,"H01|V=10;N=60;T=300|XR",XR,13912,L10,10634,21,-0.15782583560417837,-0.2903765143102893,0.15036674816625917,-0.16681224378757809,-0.14763107632587782,-0.16064573379988772,-0.1684746013122348,0.007240925333834869
H01,"H01|V=10;N=60;T=300|XG",XG,13912,KILL,13749,21,-0.13192420418856926,-0.3164346848415502,0.06335006182267801,-0.15550498336852975,-0.10694728031786303,-0.13344214974163446,-0.13192967573311862,0.004945814241035712
H01,"H01|V=10;N=60;T=300|XG",XG,13912,PRIMARY,11665,21,-0.21885323045183167,-0.36998884596035125,0.059665666523789115,-0.24334212309653094,-0.1937540123877201,-0.2213814070601082,-0.2228351245295528,0.007286755250750107
H01,"H01|V=10;N=60;T=300|XG",XG,13912,NOINS,11665,21,-0.2190338420336584,-0.3704067712222076,0.05983711958851264,-0.24353512144075032,-0.19379709224363947,-0.22156205936043988,-0.22293380160594004,0.0070295756536648095
H01,"H01|V=10;N=60;T=300|XG",XG,13912,L10,10634,21,-0.20116793551291157,-0.33216003911204206,0.06046642843708858,-0.2214161664985687,-0.1823701031882523,-0.20429835489625747,-0.21476454085141866,0.007617077299228888
H01,"H01|V=20;N=25;T=60|XT60",XT60,496,KILL,490,21,-0.035302976430666703,-0.4061486676686268,0.3551020408163265,-0.12191112130389548,0.06594716511112965,-0.06042714093867906,-0.03527897909184964,0.02857142857142857
H01,"H01|V=20;N=25;T=60|XT60",XT60,496,PRIMARY,384,21,-0.06827075926591715,-0.365533575118924,0.3463541666666667,-0.14694000171095675,0.034747031752233926,-0.10153413088283492,-0.07114937439629031,0.010416666666666666
H01,"H01|V=20;N=25;T=60|XT60",XT60,496,NOINS,384,21,-0.06907441873874996,-0.3658480699036057,0.3463541666666667,-0.14772835209514568,0.03387156821370647,-0.10234235922981134,-0.07195341298405958,0.010416666666666666
H01,"H01|V=20;N=25;T=60|XT60",XT60,496,L10,354,21,-0.04794751242802355,-0.12982946748875177,0.2655367231638418,-0.1370488662029059,0.06656163726938477,-0.07948815489842197,-0.042888631340912746,0.005649717514124294
H01,"H01|V=20;N=25;T=60|XT300",XT300,496,KILL,490,21,-0.22094540332363266,-0.6590319398456019,0.21224489795918366,-0.32113316540124887,-0.10140256393495509,-0.24733659260795454,-0.22093622972016802,0.05102040816326531
H01,"H01|V=20;N=25;T=60|XT300",XT300,496,PRIMARY,384,21,-0.2605722107651859,-0.6045421745658326,0.18489583333333334,-0.3550833752966458,-0.16193748144232398,-0.2957324360951108,-0.27244140589229066,0.03125
H01,"H01|V=20;N=25;T=60|XT300",XT300,496,NOINS,384,21,-0.26095264449745403,-0.6047215586330328,0.18489583333333334,-0.35542865322189154,-0.16230607766924848,-0.29611586519544675,-0.27278913861930587,0.03125
H01,"H01|V=20;N=25;T=60|XT300",XT300,496,L10,354,21,-0.19208424845021915,-0.4261949364331925,0.1553672316384181,-0.27412297892283194,-0.09163535549758105,-0.2280973684697514,-0.22195514133523572,0.01977401129943503
H01,"H01|V=20;N=25;T=60|XT1800",XT1800,496,KILL,490,21,-0.29895193608959747,-0.6643056464852495,0.11836734693877551,-0.38580366361335033,-0.19453073340245214,-0.325878912231948,-0.2989480085801075,0.08163265306122448
H01,"H01|V=20;N=25;T=60|XT1800",XT1800,496,PRIMARY,384,21,-0.3156498581464977,-0.6386242014921287,0.10416666666666667,-0.40772390949897674,-0.2168283396057814,-0.36401788874726465,-0.33164234752083893,0.059895833333333336
H01,"H01|V=20;N=25;T=60|XT1800",XT1800,496,NOINS,384,21,-0.31595423212358575,-0.6387822922581539,0.10416666666666667,-0.4080142831826138,-0.21714026518556226,-0.3643246588354837,-0.33190891166323266,0.059895833333333336
H01,"H01|V=20;N=25;T=60|XT1800",XT1800,496,L10,354,21,-0.2729479812129744,-0.5153721813968972,0.0847457627118644,-0.354270392767034,-0.17269972395584277,-0.3166420405566326,-0.3039325797536988,0.03954802259887006
H01,"H01|V=20;N=25;T=60|XB",XB,496,KILL,490,21,0.010295277854930257,-0.30514168946818565,0.4326530612244898,-0.03783707625228419,0.06680011113262967,0.00480512145486207,0.010291423333381716,0.006122448979591836
H01,"H01|V=20;N=25;T=60|XB",XB,496,PRIMARY,384,21,-0.048159491228134,-0.27280411325985965,0.4036458333333333,-0.11490979281064555,0.03418717582405613,-0.06300802254518952,-0.047212693343993056,0.0026041666666666665
H01,"H01|V=20;N=25;T=60|XB",XB,496,NOINS,384,21,-0.04987742307608906,-0.2840055937567364,0.4036458333333333,-0.11649726634161255,0.03237987750885914,-0.06472545865391216,-0.048950029169277244,0.0026041666666666665
H01,"H01|V=20;N=25;T=60|XB",XB,496,L10,354,21,-0.04806860546812504,-0.1429156568852652,0.3135593220338983,-0.12834603801317396,0.05090883282298965,-0.06207137986756554,-0.04847242456274547,0.005649717514124294
H01,"H01|V=20;N=25;T=60|XR",XR,496,KILL,490,21,-0.0013412816422815907,-0.24563244614695787,0.3408163265306122,-0.07373356502590142,0.09464890572601481,-0.026212550635796847,-0.0013342405383791117,0.0326530612244898
H01,"H01|V=20;N=25;T=60|XR",XR,496,PRIMARY,384,21,-0.19880900337652552,-0.3726578840719382,0.24479166666666666,-0.2586274480843023,-0.13341625443846963,-0.23022982875890569,-0.20233852570232702,0.0234375
H01,"H01|V=20;N=25;T=60|XR",XR,496,NOINS,384,21,-0.1999734984298591,-0.3783055626458666,0.24479166666666666,-0.2596543801194329,-0.13483949783511764,-0.23140349292510753,-0.20339158104733088,0.0234375
H01,"H01|V=20;N=25;T=60|XR",XR,496,L10,354,21,-0.1431037240368445,-0.22170749909388537,0.19491525423728814,-0.2179626429473096,-0.045141471355990094,-0.1716784922006778,-0.16455996677361287,0.01694915254237288
H01,"H01|V=20;N=25;T=60|XG",XG,496,KILL,490,21,-0.10676174286075617,-0.3239732102880454,0.10204081632653061,-0.2004826099654794,0.009586194785861465,-0.13198202294936145,-0.106802452149498,0.00816326530612245
H01,"H01|V=20;N=25;T=60|XG",XG,496,PRIMARY,384,21,-0.21139268987674978,-0.4210677802642586,0.11458333333333333,-0.30243868725202294,-0.11432855517386167,-0.25790440601850406,-0.22751548005735245,0.013020833333333334
H01,"H01|V=20;N=25;T=60|XG",XG,496,NOINS,384,21,-0.2119387718707186,-0.42154247324306826,0.11458333333333333,-0.30290334485147274,-0.11489863207608396,-0.25845478511010966,-0.22798807230574408,0.013020833333333334
H01,"H01|V=20;N=25;T=60|XG",XG,496,L10,354,21,-0.2063329718899172,-0.3391298354610931,0.09887005649717515,-0.278459880948331,-0.1222254187004164,-0.2495566209609597,-0.2272267815761027,0.014124293785310734
H01,"H01|V=20;N=25;T=300|XT60",XT60,580,KILL,574,21,-0.03075968055366988,-0.27117821003930154,0.367595818815331,-0.09887564432184996,0.048442760351491136,-0.05216395065484506,-0.030739246457874403,0.03484320557491289
H01,"H01|V=20;N=25;T=300|XT60",XT60,580,PRIMARY,459,21,-0.07400137677312472,-0.2654742695402485,0.35076252723311546,-0.13942044020835095,0.007458528416129586,-0.10183150054191265,-0.0759715009699258,0.010893246187363835
H01,"H01|V=20;N=25;T=300|XT60",XT60,580,NOINS,459,21,-0.07508954575114121,-0.26745548320094226,0.35076252723311546,-0.1405032678663883,0.006290441230072618,-0.10292535870757046,-0.0770831940131123,0.010893246187363835
H01,"H01|V=20;N=25;T=300|XT60",XT60,580,L10,420,21,-0.06360887320206349,-0.11376864263661315,0.26904761904761904,-0.14014759145894923,0.029105264909813588,-0.09027014320070104,-0.06142961781706896,0.004761904761904762
H01,"H01|V=20;N=25;T=300|XT300",XT300,580,KILL,574,21,-0.1877317713650441,-0.6575843689368688,0.23170731707317074,-0.28637625051503507,-0.06939929093449491,-0.2100660415674768,-0.18773310354729417,0.05749128919860627
H01,"H01|V=20;N=25;T=300|XT300",XT300,580,PRIMARY,459,21,-0.23041691164624334,-0.5946561841646578,0.20697167755991286,-0.3174050507931796,-0.13706852268027242,-0.25959581505270124,-0.23631049538751484,0.030501089324618737
H01,"H01|V=20;N=25;T=300|XT300",XT300,580,NOINS,459,21,-0.23102852095787724,-0.5954828576077751,0.20697167755991286,-0.3179701496619263,-0.13775000410380206,-0.2602114479651504,-0.23691411608893265,0.030501089324618737
H01,"H01|V=20;N=25;T=300|XT300",XT300,580,L10,420,21,-0.18064955484415757,-0.4190710445887887,0.17857142857142858,-0.265254169891208,-0.0828696679294947,-0.2108804926044402,-0.20032710873934,0.01904761904761905
H01,"H01|V=20;N=25;T=300|XT1800",XT1800,580,KILL,574,21,-0.2615732157937438,-0.6633577831948659,0.14111498257839722,-0.34548076009591827,-0.1626714111345088,-0.2843425699451222,-0.26158462717014414,0.09059233449477352
H01,"H01|V=20;N=25;T=300|XT1800",XT1800,580,PRIMARY,459,21,-0.28270078182919245,-0.6397005006808635,0.12854030501089325,-0.36515016073311196,-0.19713309894130376,-0.3228967740001142,-0.29173022243789054,0.06318082788671024
H01,"H01|V=20;N=25;T=300|XT1800",XT1800,580,NOINS,459,21,-0.2831076349425272,-0.6397631291322338,0.12854030501089325,-0.36558318327032063,-0.1974922408282231,-0.32330630333219745,-0.29211141621437936,0.06318082788671024
H01,"H01|V=20;N=25;T=300|XT1800",XT1800,580,L10,420,21,-0.2534632058325207,-0.5269532366249603,0.10952380952380952,-0.34469023693055406,-0.15784653021861678,-0.2901014804212079,-0.26959429757248016,0.04285714285714286
H01,"H01|V=20;N=25;T=300|XB",XB,580,KILL,574,21,0.014461952756473542,-0.3042024669965602,0.4355400696864111,-0.03447100550567394,0.0714412212052674,0.0035935551466336237,0.014453313330238826,0.0156794425087108
H01,"H01|V=20;N=25;T=300|XB",XB,580,PRIMARY,459,21,-0.04918147614160416,-0.27890025241285793,0.40522875816993464,-0.1107060150708315,0.022713957758018526,-0.06357144286020867,-0.04790904221779185,0.004357298474945534
H01,"H01|V=20;N=25;T=300|XB",XB,580,NOINS,459,21,-0.04975270281358511,-0.2875407272221318,0.40522875816993464,-0.11006752713790863,0.02161675654500692,-0.0641243144734281,-0.04842633382509082,0.004357298474945534
H01,"H01|V=20;N=25;T=300|XB",XB,580,L10,420,21,-0.07102759968772437,-0.15281212286012075,0.3142857142857143,-0.14493464583878818,0.010626457326852948,-0.08297928025573999,-0.07464364338468399,0.004761904761904762
H01,"H01|V=20;N=25;T=300|XR",XR,580,KILL,574,21,0.018505296781907075,-0.24563244614695787,0.343205574912892,-0.05292532873480089,0.10705737210119987,-0.002602878812785957,0.018497090750697456,0.04878048780487805
H01,"H01|V=20;N=25;T=300|XR",XR,580,PRIMARY,459,21,-0.16361764901483783,-0.3769713470123589,0.25272331154684097,-0.2191643674673071,-0.10391026026584066,-0.19129756759909752,-0.16276944723968106,0.032679738562091505
H01,"H01|V=20;N=25;T=300|XR",XR,580,NOINS,459,21,-0.16480095883562004,-0.38274218987200803,0.25272331154684097,-0.2203798876029696,-0.1051376293825729,-0.19248866221443162,-0.16386031159756853,0.032679738562091505
H01,"H01|V=20;N=25;T=300|XR",XR,580,L10,420,21,-0.1272405323537466,-0.24899199103685055,0.20714285714285716,-0.20503589381610365,-0.042450577491209056,-0.15494730323172723,-0.136966287961921,0.023809523809523808
H01,"H01|V=20;N=25;T=300|XG",XG,580,KILL,574,21,-0.08707339440225058,-0.32668946818566236,0.11672473867595819,-0.17745211154964138,0.020958379077301966,-0.10848006928451912,-0.08712226591713405,0.017421602787456445
H01,"H01|V=20;N=25;T=300|XG",XG,580,PRIMARY,459,21,-0.18848385270516424,-0.4280937743675688,0.12636165577342048,-0.26646839971961894,-0.10756559663473274,-0.22719489950010652,-0.19872945526958935,0.017429193899782137
H01,"H01|V=20;N=25;T=300|XG",XG,580,NOINS,459,21,-0.18791664048367626,-0.4276235228446132,0.12636165577342048,-0.26553411894293305,-0.10753439957209876,-0.22662395331272644,-0.19803182652499998,0.017429193899782137
H01,"H01|V=20;N=25;T=300|XG",XG,580,L10,420,21,-0.19530570371837114,-0.3691496379383634,0.11428571428571428,-0.2720644790242056,-0.11837610158539533,-0.2316088668344894,-0.20588789893850126,0.016666666666666666
H01,"H01|V=20;N=60;T=60|XT60",XT60,3248,KILL,3200,21,-0.06399987717447057,-0.2776146261380031,0.3684375,-0.09865375948904176,-0.023272886604728107,-0.06788580330371459,-0.0640082880335317,0.016875
H01,"H01|V=20;N=60;T=60|XT60",XT60,3248,PRIMARY,2598,21,-0.09660164756882189,-0.30661722975329,0.3421862971516551,-0.13408987973684994,-0.05026832279596006,-0.10422865128454865,-0.09741574751288724,0.008852963818321785
H01,"H01|V=20;N=60;T=60|XT60",XT60,3248,NOINS,2598,21,-0.09741066587105424,-0.3069739464396972,0.34141647421093146,-0.13487792279660227,-0.05108646853632604,-0.10503834657232008,-0.09822509431198047,0.008852963818321785
H01,"H01|V=20;N=60;T=60|XT60",XT60,3248,L10,2364,21,-0.09193522295843469,-0.2074708022551418,0.29483925549915396,-0.11635634406622108,-0.06402228736861182,-0.0972706531295747,-0.09389785971051019,0.005076142131979695
H01,"H01|V=20;N=60;T=60|XT300",XT300,3248,KILL,3200,21,-0.2079937982146663,-0.6562699019949256,0.2265625,-0.2474848674958755,-0.16248880846960387,-0.21201990367352422,-0.2080078796491016,0.0440625
H01,"H01|V=20;N=60;T=60|XT300",XT300,3248,PRIMARY,2598,21,-0.2334344068829604,-0.6093276211114413,0.20361816782140107,-0.2801885144746571,-0.1786191424233452,-0.24147773165145617,-0.23891230066123378,0.028868360277136258
H01,"H01|V=20;N=60;T=60|XT300",XT300,3248,NOINS,2598,21,-0.23377177055413617,-0.609555405130738,0.20361816782140107,-0.28053322582900053,-0.17895372587416064,-0.24181548530693112,-0.23923040048367547,0.028868360277136258
H01,"H01|V=20;N=60;T=60|XT300",XT300,3248,L10,2364,21,-0.1973005120436609,-0.5013936956324597,0.18612521150592218,-0.23288925983087622,-0.1577588877685955,-0.20632217423718413,-0.2145332455298787,0.018612521150592216
H01,"H01|V=20;N=60;T=60|XT1800",XT1800,3248,KILL,3200,21,-0.30201305163341907,-0.6621809959703497,0.1203125,-0.34346503826589087,-0.2557182867612143,-0.30612788083965015,-0.3020216336036219,0.07875
H01,"H01|V=20;N=60;T=60|XT1800",XT1800,3248,PRIMARY,2598,21,-0.3310333136473045,-0.6451082179980692,0.10277136258660508,-0.3780278410558374,-0.2775955015115322,-0.3401345089448713,-0.33932634556265984,0.06004618937644342
H01,"H01|V=20;N=60;T=60|XT1800",XT1800,3248,NOINS,2598,21,-0.33127815222402945,-0.6453359538538348,0.10277136258660508,-0.37825866503317007,-0.27783275937024987,-0.3403796305171617,-0.33954679756577427,0.06004618937644342
H01,"H01|V=20;N=60;T=60|XT1800",XT1800,3248,L10,2364,21,-0.2852646814861445,-0.5888808353964168,0.08671742808798646,-0.31536260084570755,-0.26182024197902387,-0.29616900376400934,-0.3080798538475576,0.046954314720812185
H01,"H01|V=20;N=60;T=60|XB",XB,3248,KILL,3200,21,-0.00012815951372223755,-0.30544081886473307,0.4003125,-0.019767071168798674,0.020472896636918668,-0.0010679345647669335,-0.00013040216512695888,0.001875
H01,"H01|V=20;N=60;T=60|XB",XB,3248,PRIMARY,2598,21,-0.07688716933361436,-0.30131463063538816,0.36027713625866054,-0.10127303171103028,-0.0496842067747866,-0.08022215006546925,-0.07531957963185602,0.0023094688221709007
H01,"H01|V=20;N=60;T=60|XB",XB,3248,NOINS,2598,21,-0.07871880459401703,-0.30118540380113484,0.3583525789068514,-0.10365940710737442,-0.050896028911095084,-0.08205463584413593,-0.07716015655691866,0.0023094688221709007
H01,"H01|V=20;N=60;T=60|XB",XB,3248,L10,2364,21,-0.07966264266140693,-0.23500869084294718,0.315989847715736,-0.10156852954739844,-0.05528673118238524,-0.08378160655877603,-0.08019733894104243,0.0025380710659898475
H01,"H01|V=20;N=60;T=60|XR",XR,3248,KILL,3200,21,-0.00045749312146064314,-0.21714400278593105,0.30625,-0.028842730956917806,0.029436284440546204,-0.004287000039079462,-0.0004565594592516898,0.03
H01,"H01|V=20;N=60;T=60|XR",XR,3248,PRIMARY,2598,21,-0.14859884464791687,-0.3297638099588841,0.23094688221709006,-0.17945493095209808,-0.11257548921030448,-0.1563869577569724,-0.15107050527611043,0.023094688221709007
H01,"H01|V=20;N=60;T=60|XR",XR,3248,NOINS,2598,21,-0.14968846560769306,-0.33224441116258097,0.23017705927636645,-0.1803510517186551,-0.1138526019538552,-0.15747783835599555,-0.152168610521499,0.023094688221709007
H01,"H01|V=20;N=60;T=60|XR",XR,3248,L10,2364,21,-0.1553960458949466,-0.29602022503995595,0.20854483925549916,-0.1751167217978006,-0.13407845706377436,-0.16131005100280468,-0.16476420845837336,0.01692047377326565
H01,"H01|V=20;N=60;T=60|XG",XG,3248,KILL,3200,21,-0.10929622992244159,-0.3178083189956717,0.0875,-0.14904507639619144,-0.0639620002462816,-0.11319232153115098,-0.10930620161229379,0.013125
H01,"H01|V=20;N=60;T=60|XG",XG,3248,PRIMARY,2598,21,-0.21705137992119847,-0.40500001579308786,0.0873749037721324,-0.26934890244608756,-0.16031474243140637,-0.22570090829421338,-0.2235665535583317,0.020015396458814474
H01,"H01|V=20;N=60;T=60|XG",XG,3248,NOINS,2598,21,-0.21687932471617632,-0.4053686930085314,0.08775981524249422,-0.26903667868508396,-0.16018628525265607,-0.22552865407508324,-0.22338379532761635,0.018860662047729022
H01,"H01|V=20;N=60;T=60|XG",XG,3248,L10,2364,21,-0.21496367887229548,-0.37579760523089956,0.0850253807106599,-0.24796476320047173,-0.18753348648423537,-0.22521664082434587,-0.23076649645960828,0.021573604060913704
H01,"H01|V=20;N=60;T=300|XT60",XT60,3719,KILL,3665,21,-0.05451000154144431,-0.1787787970747724,0.3863574351978172,-0.0852044112992904,-0.019660988529449665,-0.057894719238956435,-0.05451745447276454,0.016916780354706683
H01,"H01|V=20;N=60;T=300|XT60",XT60,3719,PRIMARY,3018,21,-0.08493648617285424,-0.19955897839490136,0.3634857521537442,-0.11865852157366182,-0.0454840235981155,-0.09148941458350864,-0.08482770498171842,0.00828363154406892
H01,"H01|V=20;N=60;T=300|XT60",XT60,3719,NOINS,3018,21,-0.08598580889824856,-0.19970615500606764,0.36182902584493043,-0.11967168294453165,-0.04655255745949798,-0.09253955909687751,-0.0858894899231515,0.00828363154406892
H01,"H01|V=20;N=60;T=300|XT60",XT60,3719,L10,2753,21,-0.08585436076521025,-0.13545241015738782,0.3174718488921177,-0.10526751090419313,-0.06352936036084086,-0.09042843641883999,-0.08690093256038653,0.004358881220486742
H01,"H01|V=20;N=60;T=300|XT300",XT300,3719,KILL,3665,21,-0.18919609023047518,-0.6540229242326252,0.24965893587994542,-0.22486472967170726,-0.14833402867836476,-0.19269556211141892,-0.18921010430768964,0.04256480218281037
H01,"H01|V=20;N=60;T=300|XT300",XT300,3719,PRIMARY,3018,21,-0.21259789064801612,-0.602612401483128,0.2322730284956925,-0.2532465245303426,-0.16464604059125854,-0.2195000194127067,-0.215982822897442,0.027170311464546057
H01,"H01|V=20;N=60;T=300|XT300",XT300,3719,NOINS,3018,21,-0.21306349639489439,-0.6030158304121118,0.2322730284956925,-0.25368188621580723,-0.16509945530933728,-0.21996608842176843,-0.2164378140698807,0.027170311464546057
H01,"H01|V=20;N=60;T=300|XT300",XT300,3719,L10,2753,21,-0.18828583047665542,-0.48133395288312714,0.21031601888848528,-0.21985745114960634,-0.1541132511309763,-0.1960215033472767,-0.20204355632067186,0.017072284780239737
H01,"H01|V=20;N=60;T=300|XT1800",XT1800,3719,KILL,3665,21,-0.2819909416236754,-0.6619215163424705,0.13342428376534787,-0.3197158989708182,-0.2397650454407736,-0.2855668680688676,-0.2819980913790838,0.07967257844474761
H01,"H01|V=20;N=60;T=300|XT1800",XT1800,3719,PRIMARY,3018,21,-0.30995482845929845,-0.6484813701877365,0.11762756792577866,-0.3548536080265137,-0.2604265486267465,-0.3177672219391059,-0.3163023183214459,0.061630218687872766
H01,"H01|V=20;N=60;T=300|XT1800",XT1800,3719,NOINS,3018,21,-0.3102322716415951,-0.6488232231165137,0.11762756792577866,-0.3551476223472395,-0.26069954760830316,-0.31804494113709286,-0.3165592462223397,0.061630218687872766
H01,"H01|V=20;N=60;T=300|XT1800",XT1800,3719,L10,2753,21,-0.2762659194651427,-0.598820506502766,0.10098074827460951,-0.3108404972139821,-0.2502479687851344,-0.28561795896040726,-0.2954508964904972,0.04794769342535416
H01,"H01|V=20;N=60;T=300|XB",XB,3719,KILL,3665,21,0.0039004387028926772,-0.30510798467737926,0.4081855388813097,-0.01639830344828398,0.02450616391168899,0.0021971236899537058,0.003896667750519218,0.003819918144611187
H01,"H01|V=20;N=60;T=300|XB",XB,3719,PRIMARY,3018,21,-0.07549754138745825,-0.30286864861393414,0.3694499668654738,-0.09694212215538607,-0.05325623465588491,-0.07861967639570032,-0.07418459639265829,0.002982107355864811
H01,"H01|V=20;N=60;T=300|XB",XB,3719,NOINS,3018,21,-0.07703138315830144,-0.30205646108735695,0.36779324055666,-0.09882033688986877,-0.054450051585745125,-0.08015219633642749,-0.07571381158827332,0.002982107355864811
H01,"H01|V=20;N=60;T=300|XB",XB,3719,L10,2753,21,-0.0829310372964451,-0.2401562234757557,0.32691609153650564,-0.10077371967849051,-0.06398919457492817,-0.0868824488316233,-0.08474607614705296,0.0032691609153650564
H01,"H01|V=20;N=60;T=300|XR",XR,3719,KILL,3665,21,0.01477678224529531,-0.21316724541067608,0.3115961800818554,-0.013711266402853004,0.044706708473016436,0.011446025612437396,0.014776223511204575,0.034106412005457026
H01,"H01|V=20;N=60;T=300|XR",XR,3719,PRIMARY,3018,21,-0.14583133835854364,-0.34394440808705806,0.2322730284956925,-0.17388993940600056,-0.11357432755229549,-0.15253178645112447,-0.14786986676626895,0.027170311464546057
H01,"H01|V=20;N=60;T=300|XR",XR,3719,NOINS,3018,21,-0.14688397612217913,-0.3452043036594648,0.23161033797216699,-0.1747328613683572,-0.11467714895478535,-0.15358547158267288,-0.1489276450377027,0.027170311464546057
H01,"H01|V=20;N=60;T=300|XR",XR,3719,L10,2753,21,-0.15991133134778635,-0.3159790005243505,0.20813657827824192,-0.1752762119704988,-0.14376496239144462,-0.1649936993172452,-0.16927343236185227,0.020341445695604796
H01,"H01|V=20;N=60;T=300|XG",XG,3719,KILL,3665,21,-0.09331342887651074,-0.31868137903586885,0.09795361527967258,-0.13068821229743335,-0.05128157648293528,-0.09671262858566887,-0.09332163829922364,0.014733969986357435
H01,"H01|V=20;N=60;T=300|XG",XG,3719,PRIMARY,3018,21,-0.20387028168994006,-0.4122356735361483,0.09874088800530152,-0.253444815258163,-0.15062505439146218,-0.2129368232201899,-0.21045713606854785,0.021206096752816435
H01,"H01|V=20;N=60;T=300|XG",XG,3719,NOINS,3018,21,-0.20363667924254825,-0.41284113874275746,0.09907223326706428,-0.2530207034862822,-0.15063737696086052,-0.2127029585680908,-0.21021164019177158,0.020212060967528166
H01,"H01|V=20;N=60;T=300|XG",XG,3719,L10,2753,21,-0.21335974585960588,-0.391770505349156,0.09516890664729385,-0.2547290899331714,-0.1812363554162593,-0.22309913321490682,-0.2287022950089711,0.022884126407555393
H01,"H01|V=35;N=25;T=60|XT60",XT60,44,KILL,44,14,0.020210184601059375,-0.040936610118899555,0.4090909090909091,-0.16228406851017113,0.18333370934002552,-0.11792724969477396,0.02010255762744052,0.20454545454545456
H01,"H01|V=35;N=25;T=60|XT60",XT60,44,PRIMARY,34,13,0.1330196131945458,0.0007334540658692104,0.5,-0.09703636814321909,0.32979265580527795,-0.07007175769476323,0.1547324049613441,0.11764705882352941
H01,"H01|V=35;N=25;T=60|XT60",XT60,44,NOINS,34,13,0.13236482197773017,-0.00023685554031829337,0.5,-0.09749498452384363,0.3292929756274593,-0.07078991550134614,0.1540158821661807,0.11764705882352941
H01,"H01|V=35;N=25;T=60|XT60",XT60,44,L10,33,14,-0.06740418396021426,-0.1332755534353849,0.30303030303030304,-0.238848080391422,0.18217892293002075,-0.22622019741052457,-0.047695265252824935,0.06060606060606061
H01,"H01|V=35;N=25;T=60|XT300",XT300,44,KILL,44,14,-0.03345984178587407,-0.5730264315208199,0.3181818181818182,-0.30015692604570576,0.17501977811645342,-0.17552435118319024,-0.033530535308959046,0.2727272727272727
H01,"H01|V=35;N=25;T=60|XT300",XT300,44,PRIMARY,34,13,0.0498620378598144,-0.32356088517511733,0.38235294117647056,-0.2635391054647886,0.2824899109591453,-0.16127684031995243,0.0599042653878633,0.20588235294117646
H01,"H01|V=35;N=25;T=60|XT300",XT300,44,NOINS,34,13,0.049645716646526325,-0.3239778661657895,0.38235294117647056,-0.263756054750088,0.28223383461388457,-0.16151409554202142,0.05972125051032503,0.20588235294117646
H01,"H01|V=35;N=25;T=60|XT300",XT300,44,L10,33,14,-0.07371879110427255,-0.27567483660787034,0.30303030303030304,-0.3312044573063156,0.1877242158373944,-0.26320341360867816,-0.05313870308105732,0.12121212121212122
H01,"H01|V=35;N=25;T=60|XT1800",XT1800,44,KILL,44,14,-0.05710325786807955,-0.7946061539226904,0.29545454545454547,-0.37417800548789326,0.1812571224125166,-0.20212157944074588,-0.05722717623280672,0.3181818181818182
H01,"H01|V=35;N=25;T=60|XT1800",XT1800,44,PRIMARY,34,13,0.005722567697709205,-0.6514546358333319,0.29411764705882354,-0.3970954254336523,0.29205759074302734,-0.22250764223387903,0.051379260411298415,0.2647058823529412
H01,"H01|V=35;N=25;T=60|XT1800",XT1800,44,NOINS,34,13,0.0055462190035793476,-0.6514626582457177,0.29411764705882354,-0.3973194717479015,0.2919450927910606,-0.2227010566084243,0.05124283863370333,0.2647058823529412
H01,"H01|V=35;N=25;T=60|XT1800",XT1800,44,L10,33,14,-0.12841141406571224,-0.5219133809662088,0.24242424242424243,-0.4345387911942605,0.15703165641866415,-0.3249873204536862,-0.07641279953919629,0.18181818181818182
H01,"H01|V=35;N=25;T=60|XB",XB,44,KILL,44,14,0.018418556185566173,-0.16468219032541875,0.4318181818181818,-0.16396200867819632,0.18118735338642303,-0.02482349220948018,0.018335042186270696,0.06818181818181818
H01,"H01|V=35;N=25;T=60|XB",XB,44,PRIMARY,34,13,0.08397540133045828,0.11007343205106354,0.5,-0.10489250566739776,0.21486728889422202,-0.04356585078850966,0.09040279169110382,0.029411764705882353
H01,"H01|V=35;N=25;T=60|XB",XB,44,NOINS,34,13,0.08287057267778841,0.11000081861961432,0.5,-0.10590766502838267,0.21364836156306577,-0.04462495287387743,0.08926509430795217,0.029411764705882353
H01,"H01|V=35;N=25;T=60|XB",XB,44,L10,33,14,0.018768917689697295,-0.16783292405252617,0.42424242424242425,-0.2460761263512861,0.3037126903419219,-0.14170718157903697,0.031028722722865217,0.09090909090909091
H01,"H01|V=35;N=25;T=60|XR",XR,44,KILL,44,14,0.09414906879597057,-0.1281493010297995,0.29545454545454547,-0.14044495163502355,0.27926046631502754,-0.030504874284639043,0.09405386458794911,0.20454545454545456
H01,"H01|V=35;N=25;T=60|XR",XR,44,PRIMARY,34,13,0.013813551568054763,-0.34242740873457567,0.38235294117647056,-0.2803886369484991,0.21696658566897783,-0.1917392069172471,0.002444229573766375,0.17647058823529413
H01,"H01|V=35;N=25;T=60|XR",XR,44,NOINS,34,13,0.013403880896775527,-0.34331745663742697,0.38235294117647056,-0.28083943142384327,0.21650838137262637,-0.1921885224736334,0.0020771329392147903,0.17647058823529413
H01,"H01|V=35;N=25;T=60|XR",XR,44,L10,33,14,0.01564031472718738,-0.2011495575495103,0.3939393939393939,-0.24594585534127952,0.27791707000356475,-0.1665304187814967,0.03320316309207277,0.15151515151515152
H01,"H01|V=35;N=25;T=60|XG",XG,44,KILL,44,14,0.04971805201724763,-0.32208312804033556,0.22727272727272727,-0.2911222136432856,0.3213390703487218,-0.0764628069731484,0.0496267527875494,0.022727272727272728
H01,"H01|V=35;N=25;T=60|XG",XG,44,PRIMARY,34,13,-0.060503835281979855,-0.3994968547969569,0.23529411764705882,-0.46331827954264804,0.2341293119893948,-0.2882469760661384,-0.03493538096949587,0.058823529411764705
H01,"H01|V=35;N=25;T=60|XG",XG,44,NOINS,34,13,-0.06101567293996442,-0.39991382293975236,0.23529411764705882,-0.46362677437795774,0.2333780580456466,-0.2888056521329091,-0.03545153392008826,0.058823529411764705
H01,"H01|V=35;N=25;T=60|XG",XG,44,L10,33,14,-0.10556224530796507,-0.31816483675073276,0.24242424242424243,-0.38037750097230677,0.1619532628270928,-0.29585784582696345,-0.07766807598476481,0.09090909090909091
H01,"H01|V=35;N=25;T=300|XT60",XT60,66,KILL,66,17,-0.02039122557557982,-0.03327555345505199,0.3787878787878788,-0.2025709123545919,0.1319593322782219,-0.11316446664143874,-0.020444803420851733,0.22727272727272727
H01,"H01|V=35;N=25;T=300|XT60",XT60,66,PRIMARY,49,15,-0.012879142770438935,-0.024066142202843158,0.42857142857142855,-0.19618245398831097,0.1276423129524661,-0.1592602028892114,-0.014033063924522712,0.10204081632653061
H01,"H01|V=35;N=25;T=300|XT60",XT60,66,NOINS,49,15,-0.013724653322763711,-0.026793280962071894,0.42857142857142855,-0.19685402277236136,0.12681635417482784,-0.16016085523043427,-0.014955380754694096,0.10204081632653061
H01,"H01|V=35;N=25;T=300|XT60",XT60,66,L10,47,15,-0.12499551399267526,-0.16783292405252617,0.2765957446808511,-0.22991151505316207,-0.029952859469666967,-0.2491883890932958,-0.11314095672823567,0.0425531914893617
H01,"H01|V=35;N=25;T=300|XT300",XT300,66,KILL,66,17,-0.014924897766458273,-0.43617528481170087,0.3333333333333333,-0.2737059958710748,0.20367213462406694,-0.10743783750807327,-0.014919866216602195,0.2878787878787879
H01,"H01|V=35;N=25;T=300|XT300",XT300,66,PRIMARY,49,15,-0.049357433853303274,-0.37213944999210474,0.3673469387755102,-0.27899703775257684,0.12106001140655671,-0.19811751295574076,-0.052107983580167806,0.16326530612244897
H01,"H01|V=35;N=25;T=300|XT300",XT300,66,NOINS,49,15,-0.04980810672514393,-0.37297338627769566,0.3673469387755102,-0.2795020319814329,0.12071221243476733,-0.19859757733296954,-0.052568870333186295,0.16326530612244897
H01,"H01|V=35;N=25;T=300|XT300",XT300,66,L10,47,15,-0.11024639465983399,-0.27234321235157644,0.2978723404255319,-0.2612484171097859,0.031741565308692175,-0.24193097388253523,-0.09416061691733797,0.0851063829787234
H01,"H01|V=35;N=25;T=300|XT1800",XT1800,66,KILL,66,17,-0.05925959075880026,-0.7969399084622655,0.2878787878787879,-0.3331638988332092,0.15013083885130224,-0.15408495765717617,-0.05927132542178472,0.3333333333333333
H01,"H01|V=35;N=25;T=300|XT1800",XT1800,66,PRIMARY,49,15,-0.11510034698635181,-0.6798160418195153,0.2653061224489796,-0.42422770864610115,0.10699168257282131,-0.276787417680513,-0.10124477961208583,0.22448979591836735
H01,"H01|V=35;N=25;T=300|XT1800",XT1800,66,NOINS,49,15,-0.11539607127626739,-0.6801822565259075,0.2653061224489796,-0.424584827639928,0.10678602990688878,-0.277102428119999,-0.10152562973589968,0.22448979591836735
H01,"H01|V=35;N=25;T=300|XT1800",XT1800,66,L10,47,15,-0.18602663954026716,-0.561752777414087,0.2127659574468085,-0.37916523462630464,-0.015299637277687832,-0.32398397745078705,-0.1571311916015576,0.14893617021276595
H01,"H01|V=35;N=25;T=300|XB",XB,66,KILL,66,17,0.025844254720045274,-0.023023720597544525,0.4090909090909091,-0.14002657438496083,0.1726207305371072,-0.051805729137361485,0.02580678985410586,0.13636363636363635
H01,"H01|V=35;N=25;T=300|XB",XB,66,PRIMARY,49,15,-0.031412959430335785,-0.28650314312200226,0.42857142857142855,-0.1989187765735952,0.09630159087036037,-0.1248900006905616,-0.03743584026868794,0.04081632653061224
H01,"H01|V=35;N=25;T=300|XB",XB,66,NOINS,49,15,-0.020912990453612126,-0.28722909000957997,0.42857142857142855,-0.17631168903721803,0.0986614930142402,-0.11360238135569561,-0.025506576535172548,0.04081632653061224
H01,"H01|V=35;N=25;T=300|XB",XB,66,L10,47,15,-0.056328315014329985,-0.2011495575495103,0.3617021276595745,-0.22655323205438013,0.06793896844100676,-0.17496433808580394,-0.04806511324020572,0.06382978723404255
H01,"H01|V=35;N=25;T=300|XR",XR,66,KILL,66,17,0.07039904645965492,-0.1281493010297995,0.2878787878787879,-0.17689611321734772,0.2724236879214805,-0.017313029857596425,0.07040479169445657,0.25757575757575757
H01,"H01|V=35;N=25;T=300|XR",XR,66,PRIMARY,49,15,-0.09326854270360331,-0.38411725619971365,0.32653061224489793,-0.3374787952471912,0.08084722086443788,-0.24468260268001302,-0.11419289482059468,0.16326530612244897
H01,"H01|V=35;N=25;T=300|XR",XR,66,NOINS,49,15,-0.09376838105771414,-0.38480820957934947,0.32653061224489793,-0.3378561645234814,0.08030044338812295,-0.24521503874035905,-0.11467613065845374,0.16326530612244897
H01,"H01|V=35;N=25;T=300|XR",XR,66,L10,47,15,-0.08151345128762877,-0.2585358232165773,0.3191489361702128,-0.24264284791921764,0.03274667595955478,-0.2123448899991054,-0.07774458896120683,0.1276595744680851
H01,"H01|V=35;N=25;T=300|XG",XG,66,KILL,66,17,0.03933075008214392,-0.32208312804033556,0.24242424242424243,-0.25003255256032336,0.28238808460042547,-0.04832260537580644,0.03933192164416721,0.09090909090909091
H01,"H01|V=35;N=25;T=300|XG",XG,66,PRIMARY,49,15,-0.1365674833495423,-0.4308698856335919,0.22448979591836735,-0.45084542418697876,0.10976052174471762,-0.29500722918675076,-0.12778384124603023,0.061224489795918366
H01,"H01|V=35;N=25;T=300|XG",XG,66,NOINS,49,15,-0.12559909069862235,-0.42685425960180906,0.22448979591836735,-0.43463692490642086,0.11530369922116869,-0.28332169087812803,-0.11537512818000331,0.061224489795918366
H01,"H01|V=35;N=25;T=300|XG",XG,66,L10,47,15,-0.15640903907021544,-0.31816483675073276,0.2127659574468085,-0.35080812134322814,0.007227435829527511,-0.28962286627150413,-0.13886956144959928,0.06382978723404255
H01,"H01|V=35;N=60;T=60|XT60",XT60,416,KILL,411,21,-0.015579097605672979,-0.1132414705736033,0.4257907542579075,-0.06524857059285442,0.03948740342819073,-0.03026204515716994,-0.015590923558130186,0.09245742092457421
H01,"H01|V=35;N=60;T=60|XT60",XT60,416,PRIMARY,311,21,-0.03934322979956577,-0.14393305092697178,0.40192926045016075,-0.1084606045718421,0.029626577440741427,-0.0674945762759203,-0.033541235682230934,0.0707395498392283
H01,"H01|V=35;N=60;T=60|XT60",XT60,416,NOINS,311,21,-0.03985453214261596,-0.14513632555506914,0.40192926045016075,-0.10893000331858836,0.029071174675431726,-0.06800534098696628,-0.03406596777072972,0.0707395498392283
H01,"H01|V=35;N=60;T=60|XT60",XT60,416,L10,269,21,-0.09726377847716773,-0.11686542984363582,0.32342007434944237,-0.1695659810028534,-0.012890876469677823,-0.13193110570733158,-0.09023320106960264,0.03345724907063197
H01,"H01|V=35;N=60;T=60|XT300",XT300,416,KILL,411,21,-0.12165697600453348,-0.7638146486701072,0.3260340632603406,-0.19752500437492462,-0.050251095763312305,-0.13720894522955449,-0.12167432135806082,0.17761557177615572
H01,"H01|V=35;N=60;T=60|XT300",XT300,416,PRIMARY,311,21,-0.14451971025892477,-0.6726757227885863,0.2990353697749196,-0.22945517674246094,-0.05308111148766591,-0.1784764549687745,-0.1341551899389745,0.1382636655948553
H01,"H01|V=35;N=60;T=60|XT300",XT300,416,NOINS,311,21,-0.14466779499130653,-0.6726814158487591,0.2990353697749196,-0.22962696627483703,-0.053228586809551434,-0.17862598202853855,-0.13428992781209342,0.1382636655948553
H01,"H01|V=35;N=60;T=60|XT300",XT300,416,L10,269,21,-0.18770817796213793,-0.5102361246436911,0.2527881040892193,-0.30019624857729704,-0.0555063615322949,-0.22652029634350218,-0.18021239990284282,0.07063197026022305
H01,"H01|V=35;N=60;T=60|XT1800",XT1800,416,KILL,411,21,-0.1828483880709761,-0.7986663648574698,0.25547445255474455,-0.2652186388329168,-0.0909024783627681,-0.1989978560939604,-0.18289320432268685,0.23357664233576642
H01,"H01|V=35;N=60;T=60|XT1800",XT1800,416,PRIMARY,311,21,-0.2075673396194538,-0.7589550807470603,0.22508038585209003,-0.3117219963008492,-0.08164875780234332,-0.2445533779564062,-0.19021025050926268,0.20257234726688103
H01,"H01|V=35;N=60;T=60|XT1800",XT1800,416,NOINS,311,21,-0.20765715632897336,-0.7589564482103733,0.22508038585209003,-0.31182886867381243,-0.0817344918066949,-0.24464406930411647,-0.19028113532572846,0.20257234726688103
H01,"H01|V=35;N=60;T=60|XT1800",XT1800,416,L10,269,21,-0.2684843928210948,-0.6867190986159248,0.16356877323420074,-0.3916978332701809,-0.10916340195914588,-0.3101631531420495,-0.26814518411393695,0.12267657992565056
H01,"H01|V=35;N=60;T=60|XB",XB,416,KILL,411,21,0.06209374496641217,-0.3006058504552012,0.48175182481751827,0.021447638709738065,0.11347141343695434,0.05662372209937951,0.062089445122551885,0.014598540145985401
H01,"H01|V=35;N=60;T=60|XB",XB,416,PRIMARY,311,21,0.009375833841553759,-0.14131476803905493,0.4437299035369775,-0.03982098491919793,0.06838779805438908,-0.005549557842141209,0.01586129060728867,0.01929260450160772
H01,"H01|V=35;N=60;T=60|XB",XB,416,NOINS,311,21,0.008244311314852804,-0.14312351559472583,0.4437299035369775,-0.041191212037323545,0.06791165878541333,-0.006681274577384133,0.014837596362977984,0.01929260450160772
H01,"H01|V=35;N=60;T=60|XB",XB,416,L10,269,21,-0.057982016749483195,-0.17329546933909767,0.35315985130111527,-0.1284211024310426,0.0285127796893613,-0.08007980282984295,-0.04934338506897028,0.022304832713754646
H01,"H01|V=35;N=60;T=60|XR",XR,416,KILL,411,21,0.04265872798401968,-0.17370802447639422,0.34549878345498786,-0.01711352407621021,0.10672713505012166,0.028311955810166607,0.04264024511587166,0.12895377128953772
H01,"H01|V=35;N=60;T=60|XR",XR,416,PRIMARY,311,21,-0.06458156347271378,-0.24726540325930058,0.2861736334405145,-0.14176230158974884,0.01976677603101208,-0.09561349574268907,-0.05857738382810933,0.1157556270096463
H01,"H01|V=35;N=60;T=60|XR",XR,416,NOINS,311,21,-0.06525497977345682,-0.24747123484870337,0.2861736334405145,-0.14238451358854928,0.018592497388203396,-0.09629347120100842,-0.059271377821702644,0.1157556270096463
H01,"H01|V=35;N=60;T=60|XR",XR,416,L10,269,21,-0.09824389202339172,-0.22505358059031608,0.26394052044609667,-0.1849608194766493,-0.0017512087632941932,-0.13292227316573071,-0.09741998316517379,0.08178438661710037
H01,"H01|V=35;N=60;T=60|XG",XG,416,KILL,411,21,-0.005408646994843102,-0.31588162777971246,0.19951338199513383,-0.08800917423123676,0.07483242611350627,-0.019646369427630903,-0.005427493823816795,0.046228710462287104
H01,"H01|V=35;N=60;T=60|XG",XG,416,PRIMARY,311,21,-0.12226784208110912,-0.35904580763412536,0.19292604501607716,-0.20938045298190627,-0.03732658770528622,-0.1584204368461116,-0.11527897080477544,0.07717041800643087
H01,"H01|V=35;N=60;T=60|XG",XG,416,NOINS,311,21,-0.12296363817380614,-0.3592657696954789,0.19292604501607716,-0.21014429157777306,-0.0378356152659721,-0.15912300997358836,-0.11594887327628545,0.0707395498392283
H01,"H01|V=35;N=60;T=60|XG",XG,416,L10,269,21,-0.18870052961427555,-0.3895267966099736,0.15985130111524162,-0.27789972471590035,-0.08689460242333166,-0.22947947192913787,-0.18626766233607644,0.05947955390334572
H01,"H01|V=35;N=60;T=300|XT60",XT60,541,KILL,534,21,-0.02552819385689964,-0.05156817571265111,0.4400749063670412,-0.06641109979287019,0.015136318210643887,-0.036866216248169624,-0.025532002872503325,0.08239700374531835
H01,"H01|V=35;N=60;T=300|XT60",XT60,541,PRIMARY,426,21,-0.05267321230278281,-0.06857933727428106,0.42018779342723006,-0.10808123147763346,0.000855176451818188,-0.07326565831277539,-0.0484437994509822,0.056338028169014086
H01,"H01|V=35;N=60;T=300|XT60",XT60,541,NOINS,426,21,-0.05351980872465267,-0.06923308224522551,0.42018779342723006,-0.10894718015577763,-0.00008456479098514751,-0.07411424123956038,-0.04931872578551044,0.0539906103286385
H01,"H01|V=35;N=60;T=300|XT60",XT60,541,L10,377,21,-0.11143243487081442,-0.08567961255853043,0.34748010610079577,-0.16255849140856302,-0.052685154350757706,-0.13620252848686928,-0.10781958802727155,0.029177718832891247
H01,"H01|V=35;N=60;T=300|XT300",XT300,541,KILL,534,21,-0.1286982815336773,-0.7327104721158151,0.3408239700374532,-0.19786529123100619,-0.06401205567047845,-0.14076916214322063,-0.12870746962635102,0.15917602996254682
H01,"H01|V=35;N=60;T=300|XT300",XT300,541,PRIMARY,426,21,-0.1594877041916352,-0.6527943164938481,0.32629107981220656,-0.22786123366672226,-0.09201771124651612,-0.184318865781309,-0.15135865086398828,0.11502347417840375
H01,"H01|V=35;N=60;T=300|XT300",XT300,541,NOINS,426,21,-0.15980249983185604,-0.6527945696460106,0.32629107981220656,-0.22814281899723324,-0.09233650268809351,-0.18463589397367428,-0.15167186238677935,0.11502347417840375
H01,"H01|V=35;N=60;T=300|XT300",XT300,541,L10,377,21,-0.1910986760214107,-0.4779836935673796,0.2864721485411141,-0.27297417967404397,-0.10083891474520142,-0.21873021341077112,-0.18655415835504197,0.0610079575596817
H01,"H01|V=35;N=60;T=300|XT1800",XT1800,541,KILL,534,21,-0.20789865381485623,-0.7991939355209151,0.25280898876404495,-0.2858680561236609,-0.1351403905211337,-0.22044881153728482,-0.2079262958864709,0.2209737827715356
H01,"H01|V=35;N=60;T=300|XT1800",XT1800,541,PRIMARY,426,21,-0.24293799124477491,-0.7721782643153305,0.22535211267605634,-0.3326662952729717,-0.15299741025634736,-0.2701195793361637,-0.23112357436992625,0.18544600938967137
H01,"H01|V=35;N=60;T=300|XT1800",XT1800,541,NOINS,426,21,-0.24306484354978264,-0.7722640959284419,0.22535211267605634,-0.33277192786124105,-0.15312171742672664,-0.2702473311573631,-0.23123622404779962,0.18544600938967137
H01,"H01|V=35;N=60;T=300|XT1800",XT1800,541,L10,377,21,-0.2913999967634601,-0.7287028237567317,0.1830238726790451,-0.3835018603665671,-0.18443157225323276,-0.3212269942426068,-0.2992160899725338,0.1220159151193634
H01,"H01|V=35;N=60;T=300|XB",XB,541,KILL,534,21,0.03975203540434306,-0.3013062036714591,0.46441947565543074,-0.0012581364009930413,0.08185212017959069,0.03061790048727383,0.039752070568204255,0.026217228464419477
H01,"H01|V=35;N=60;T=300|XB",XB,541,PRIMARY,426,21,-0.04141909093446262,-0.19223195564641465,0.4295774647887324,-0.08783628127921596,-0.0009926417185235085,-0.05264699971201824,-0.03832087832953683,0.02112676056338028
H01,"H01|V=35;N=60;T=300|XB",XB,541,NOINS,426,21,-0.041116698970511144,-0.1931110988041939,0.4295774647887324,-0.08647384292424902,-0.0010805846370157482,-0.05233457955127961,-0.0378779056117348,0.02112676056338028
H01,"H01|V=35;N=60;T=300|XB",XB,541,L10,377,21,-0.1068012160176158,-0.21376255393517868,0.35543766578249336,-0.14926140923697398,-0.05775029038241322,-0.12290942108494217,-0.1116486190663321,0.021220159151193633
H01,"H01|V=35;N=60;T=300|XR",XR,541,KILL,534,21,0.031479870375721,-0.17780755683796828,0.3389513108614232,-0.031121790819865856,0.09303308961135023,0.02030176470795572,0.03147500502967508,0.13670411985018727
H01,"H01|V=35;N=60;T=300|XR",XR,541,PRIMARY,426,21,-0.11508855602888059,-0.3062200321100253,0.2746478873239437,-0.18734558292039297,-0.04195843276602266,-0.13804211658874116,-0.11173237081694867,0.11737089201877934
H01,"H01|V=35;N=60;T=300|XR",XR,541,NOINS,426,21,-0.11570271173913162,-0.30631595255193433,0.2746478873239437,-0.18789297931818796,-0.042711052075171056,-0.13866062794618375,-0.11235778611309814,0.11737089201877934
H01,"H01|V=35;N=60;T=300|XR",XR,541,L10,377,21,-0.1472793030295119,-0.2930259115127077,0.2572944297082228,-0.21432630286781176,-0.07730509384718925,-0.1724451552602428,-0.15808159436400396,0.08753315649867374
H01,"H01|V=35;N=60;T=300|XG",XG,541,KILL,534,21,-0.026190418887492968,-0.3203701928161258,0.20411985018726592,-0.10929323332338942,0.050388809659212025,-0.03752738789365111,-0.026200902491365724,0.052434456928838954
H01,"H01|V=35;N=60;T=300|XG",XG,541,PRIMARY,426,21,-0.16669550829085583,-0.3808897811518904,0.19718309859154928,-0.25647429771330543,-0.08914257422468787,-0.19333447327017012,-0.16212388704396305,0.07511737089201878
H01,"H01|V=35;N=60;T=300|XG",XG,541,NOINS,426,21,-0.16600724803595263,-0.38019806149752466,0.19718309859154928,-0.2556912262229834,-0.08842805034049367,-0.19264133159131783,-0.16135475778442854,0.07042253521126761
H01,"H01|V=35;N=60;T=300|XG",XG,541,L10,377,21,-0.22468518873291063,-0.4091133962072218,0.1724137931034483,-0.29625219153753707,-0.1506216697843879,-0.25397704069309585,-0.23290510432691952,0.058355437665782495
H02,"H02|W=60;U=15|XT60",XT60,20243,KILL,20048,21,-0.07915952928248216,-0.05110906346654239,0.3022246608140463,-0.08432629600619647,-0.07396389417004773,-0.07991903915025945,-0.07916064098861901,0.006035514764565044
H02,"H02|W=60;U=15|XT60",XT60,20243,PRIMARY,19728,21,-0.07028023378095079,-0.04139531200490292,0.30722830494728304,-0.07635902800549652,-0.06411409109029291,-0.07088221512251087,-0.07044293196901204,0.005626520681265207
H02,"H02|W=60;U=15|XT60",XT60,20243,NOINS,19728,21,-0.07338435923031046,-0.04650861137301383,0.30388280616382807,-0.07943159197672377,-0.06726268326601458,-0.07398652473737413,-0.07355597054179307,0.0055758313057583135
H02,"H02|W=60;U=15|XT60",XT60,20243,L10,18638,21,-0.0671402325461088,-0.03878865027257089,0.2828093143041099,-0.07296705543007787,-0.06060343292074459,-0.06792463670858163,-0.0677390884963128,0.005311728726258182
H02,"H02|W=60;U=15|XT300",XT300,20243,KILL,20048,21,-0.14777880878932426,-0.21446116113626187,0.1905925778132482,-0.15864910279371505,-0.13656891094868262,-0.1490596844815758,-0.14777725707958542,0.020999600957701516
H02,"H02|W=60;U=15|XT300",XT300,20243,PRIMARY,19728,21,-0.13847464419847472,-0.190969535276527,0.19125101378751014,-0.14991699378827975,-0.1268263845380884,-0.13977590293070807,-0.13950456725764107,0.02037712895377129
H02,"H02|W=60;U=15|XT300",XT300,20243,NOINS,19728,21,-0.14069181741645248,-0.19346773149968222,0.1907441200324412,-0.1520954011439969,-0.12908666772083738,-0.1419934059313513,-0.14172081738954537,0.02037712895377129
H02,"H02|W=60;U=15|XT300",XT300,20243,L10,18638,21,-0.1268105229107882,-0.13464627543508845,0.18108166112243804,-0.13827206466922,-0.11499964637433199,-0.12832818820493985,-0.13031801550730807,0.01829595450155596
H02,"H02|W=60;U=15|XT1800",XT1800,20243,KILL,20048,21,-0.23795038916664626,-0.3967031938709517,0.09417398244213887,-0.25176367235552954,-0.22252356597427045,-0.23967281611811234,-0.2379473109453223,0.04693735035913807
H02,"H02|W=60;U=15|XT1800",XT1800,20243,PRIMARY,19728,21,-0.227440579494881,-0.3779188063400387,0.09382603406326034,-0.24207331966602583,-0.21165552920015138,-0.229287634375196,-0.22924642536008347,0.045721816707218164
H02,"H02|W=60;U=15|XT1800",XT1800,20243,NOINS,19728,21,-0.22942466157191452,-0.37953716256395603,0.0933698296836983,-0.24398464824542623,-0.2136931311719902,-0.23127201819616827,-0.23122861977088108,0.045721816707218164
H02,"H02|W=60;U=15|XT1800",XT1800,20243,L10,18638,21,-0.2097495998760434,-0.3242038440343442,0.0900311192188003,-0.225655332451198,-0.1924799913245893,-0.21161338202901522,-0.2150100683873023,0.041528060950745786
H02,"H02|W=60;U=15|XB",XB,20243,KILL,20048,21,-0.07135903163529021,-0.272930067934126,0.2254588986432562,-0.07683506851626033,-0.06565167258629895,-0.07166014655715915,-0.07135932714045573,0.007282521947326416
H02,"H02|W=60;U=15|XB",XB,20243,PRIMARY,19728,21,-0.09426895891251307,-0.19661727143110755,0.225669099756691,-0.10325624874318678,-0.08508561480914577,-0.09483312528635668,-0.09476004010456274,0.00836374695863747
H02,"H02|W=60;U=15|XB",XB,20243,NOINS,19728,21,-0.09714146889113283,-0.19944353738703158,0.22384428223844283,-0.10607135372594453,-0.08803275877442714,-0.09770417598349275,-0.09762884573305339,0.008211678832116789
H02,"H02|W=60;U=15|XB",XB,20243,L10,18638,21,-0.09261865350190739,-0.1259812497108284,0.21134241871445433,-0.10271375507896671,-0.0821050327476904,-0.09325702829276131,-0.09439543571519604,0.008745573559394785
H02,"H02|W=60;U=15|XR",XR,20243,KILL,20048,21,-0.06502709001215322,-0.15551749664195813,0.18480646448523544,-0.07452850282832654,-0.05522066170009282,-0.06637305906204322,-0.06502631486793703,0.022795291300877894
H02,"H02|W=60;U=15|XR",XR,20243,PRIMARY,19728,21,-0.14156062958587703,-0.20058219223474372,0.14715125709651258,-0.1534179430334874,-0.12985881674606808,-0.1429034875138108,-0.14218256631113493,0.02265815085158151
H02,"H02|W=60;U=15|XR",XR,20243,NOINS,19728,21,-0.14375089993954274,-0.20325337854532288,0.14593471208434713,-0.15560337133600902,-0.13210226992685895,-0.14509409097932638,-0.1443754996547713,0.02265815085158151
H02,"H02|W=60;U=15|XR",XR,20243,L10,18638,21,-0.1385462895430365,-0.15984694763254323,0.14062667668204742,-0.14959588657070616,-0.12738763081958565,-0.1400474764944363,-0.14232831466713228,0.020978645777443933
H02,"H02|W=60;U=15|XG",XG,20243,KILL,20048,21,-0.1412321711552617,-0.3044885080344262,0.058160415003990426,-0.15003464739623518,-0.13150723141934642,-0.14286255435818684,-0.14123091278748545,0.009078212290502794
H02,"H02|W=60;U=15|XG",XG,20243,PRIMARY,19728,21,-0.18871718726738315,-0.30394612763053586,0.06082725060827251,-0.2001072039782304,-0.17582104350771677,-0.19046238147972572,-0.1897116920436586,0.01485198702351987
H02,"H02|W=60;U=15|XG",XG,20243,NOINS,19728,21,-0.19071292800387066,-0.3042092507866313,0.06032035685320357,-0.20198841597845474,-0.17781626004255485,-0.19245842544638017,-0.19168368119787585,0.01444647201946472
H02,"H02|W=60;U=15|XG",XG,20243,L10,18638,21,-0.18011555423770348,-0.2615663297827724,0.06406266766820475,-0.19045824626972852,-0.1685356134291212,-0.18195536154345981,-0.1849386282231935,0.01936903101191115
H02,"H02|W=60;U=30|XT60",XT60,15680,KILL,15531,21,-0.07779878890963743,-0.05959310482065569,0.3320455862468611,-0.08427942455076078,-0.07087709894090796,-0.07874936335210868,-0.07780012276793313,0.007597707810186079
H02,"H02|W=60;U=30|XT60",XT60,15680,PRIMARY,15243,21,-0.06952310559163734,-0.049902311384959396,0.3376631896608279,-0.0766137923029917,-0.06199526059422795,-0.0702163998894825,-0.06980063463125277,0.007085219444991143
H02,"H02|W=60;U=30|XT60",XT60,15680,NOINS,15243,21,-0.07226427256560296,-0.05405540123643424,0.3342517877058322,-0.07935987355507941,-0.06471556680464378,-0.07295695241998199,-0.07255063250664996,0.007019615561241225
H02,"H02|W=60;U=30|XT60",XT60,15680,L10,14291,21,-0.06679993084279429,-0.04521639864467485,0.31271429571058706,-0.0744668386071652,-0.0583117049352329,-0.06771819430407189,-0.06744122691219669,0.006787488629207194
H02,"H02|W=60;U=30|XT300",XT300,15680,KILL,15531,21,-0.15013819381414176,-0.26748587632456094,0.21028909922091302,-0.16275692237523307,-0.13666101660838695,-0.15179212422413632,-0.15013659229361734,0.0267207520442985
H02,"H02|W=60;U=30|XT300",XT300,15680,PRIMARY,15243,21,-0.14144189304829022,-0.24816354397855442,0.2111132979072361,-0.1552523219604437,-0.12687401809979595,-0.14312668505877874,-0.14278499688250673,0.025979137964967525
H02,"H02|W=60;U=30|XT300",XT300,15680,NOINS,15243,21,-0.14324679581176417,-0.2500214059440762,0.21058846683723675,-0.1570546760149335,-0.1287385352645176,-0.1449319335014966,-0.1445873574320525,0.025979137964967525
H02,"H02|W=60;U=30|XT300",XT300,15680,L10,14291,21,-0.12986606145273952,-0.18790308958792173,0.2006157721642992,-0.1432862416855138,-0.11595479742541592,-0.1318461048018558,-0.13397560315424736,0.023581274928276538
H02,"H02|W=60;U=30|XT1800",XT1800,15680,KILL,15531,21,-0.25288354582602196,-0.44649325904183873,0.10714055759448844,-0.2691735726478679,-0.23471490876306347,-0.2550020908010964,-0.2528804632381942,0.0582061683085442
H02,"H02|W=60;U=30|XT1800",XT1800,15680,PRIMARY,15243,21,-0.24288185605367196,-0.4298535875950877,0.10647510332611691,-0.26111136484337105,-0.22374522233825272,-0.24516523602106324,-0.2451357225780761,0.05681296332742898
H02,"H02|W=60;U=30|XT1800",XT1800,15680,NOINS,15243,21,-0.24447143935932214,-0.43052676661791806,0.10614708390736731,-0.2626233934304635,-0.22536422164986794,-0.2467551322146964,-0.2467219770119634,0.05681296332742898
H02,"H02|W=60;U=30|XT1800",XT1800,15680,L10,14291,21,-0.2251211448048811,-0.38757935844601,0.10216219998600518,-0.2449717752753544,-0.20349484148045494,-0.22743950220992643,-0.23152759182918242,0.05213071163669442
H02,"H02|W=60;U=30|XB",XB,15680,KILL,15531,21,-0.06840278558123697,-0.30097986169842295,0.24782692679157814,-0.07553049937267128,-0.06086340922988273,-0.06878100927447264,-0.0684022738020303,0.00914300431395274
H02,"H02|W=60;U=30|XB",XB,15680,PRIMARY,15243,21,-0.09475571253371973,-0.2367237700505336,0.24837630387718954,-0.10503881924858902,-0.08324811062325561,-0.09545292991548861,-0.09539872801151672,0.010562225283736798
H02,"H02|W=60;U=30|XB",XB,15680,NOINS,15243,21,-0.09746230579743173,-0.23832304158052742,0.246408187364692,-0.1077373148286516,-0.08601918769853727,-0.09815755060270087,-0.09811373871096343,0.010365413632487044
H02,"H02|W=60;U=30|XB",XB,15680,L10,14291,21,-0.09213873493855881,-0.16430316174303927,0.234833111748653,-0.10431632469566925,-0.07954931886081971,-0.09290709757981397,-0.09394304626983267,0.011125883423133441
H02,"H02|W=60;U=30|XR",XR,15680,KILL,15531,21,-0.05936157915750056,-0.17826663350082086,0.20269139141072692,-0.07135386308129328,-0.04677102996439327,-0.06109798777885674,-0.059360859636723926,0.028652372674006825
H02,"H02|W=60;U=30|XR",XR,15680,PRIMARY,15243,21,-0.1444828714816364,-0.22696839318715348,0.16263202781604671,-0.1578168650495479,-0.13086090390454355,-0.14622149611117563,-0.14521378367932677,0.028537689431214326
H02,"H02|W=60;U=30|XR",XR,15680,NOINS,15243,21,-0.14629697834346328,-0.22900336281273637,0.16138555402479826,-0.15967995039497107,-0.13257875409145511,-0.1480359600688549,-0.14703229120233371,0.028537689431214326
H02,"H02|W=60;U=30|XR",XR,15680,L10,14291,21,-0.1423085946730693,-0.19248552196412463,0.15716185011545727,-0.15510670800963816,-0.12866337850689216,-0.14426729468389674,-0.146457509824956,0.026660135749772586
H02,"H02|W=60;U=30|XG",XG,15680,KILL,15531,21,-0.14577232587294506,-0.30589046316103674,0.06567510141008306,-0.15790721591719561,-0.13344823258475697,-0.14784592340673958,-0.14577286863904812,0.011139012297984675
H02,"H02|W=60;U=30|XG",XG,15680,PRIMARY,15243,21,-0.19877768451052236,-0.310698268109665,0.06868726628616414,-0.21359552793035197,-0.18333917348427892,-0.20103335576817644,-0.19991158593829703,0.01830348356622712
H02,"H02|W=60;U=30|XG",XG,15680,NOINS,15243,21,-0.2004248490364312,-0.31060437540582386,0.06822803909991472,-0.215086026615335,-0.18509830941480704,-0.20268084378966694,-0.2015305898500794,0.017778652496227777
H02,"H02|W=60;U=30|XG",XG,15680,L10,14291,21,-0.1895098372671792,-0.28908498982623726,0.07256315163389546,-0.2025429152039593,-0.1751027454172745,-0.1917957093746029,-0.1951508870655871,0.02400111958575327
H02,"H02|W=60;U=60|XT60",XT60,8736,KILL,8648,21,-0.08405845589463107,-0.06080531814337595,0.37523126734505086,-0.09420878570543452,-0.07474293355635372,-0.0850663578858485,-0.08406281220419252,0.01006012950971323
H02,"H02|W=60;U=60|XT60",XT60,8736,PRIMARY,8467,21,-0.07571191984243449,-0.05096731805213307,0.38148104405338373,-0.08565061553387657,-0.06620688477447233,-0.0767633615526314,-0.07582076936054674,0.009212235738750444
H02,"H02|W=60;U=60|XT60",XT60,8736,NOINS,8467,21,-0.07796770327119228,-0.0543322420974667,0.37864650997992205,-0.08791620016865992,-0.06847559939946284,-0.07901902451681407,-0.07808745473371329,0.009094130152356206
H02,"H02|W=60;U=60|XT60",XT60,8736,L10,7883,21,-0.0715490803019135,-0.04933763580990007,0.35671698591906636,-0.08250952034334824,-0.05980228168151739,-0.07295148302751381,-0.07179734514020922,0.008753012812381073
H02,"H02|W=60;U=60|XT300",XT300,8736,KILL,8648,21,-0.17423685399256958,-0.35504772896870807,0.2253700277520814,-0.1956679808376989,-0.15121011781248955,-0.17647718188677308,-0.17423596458109344,0.03665587419056429
H02,"H02|W=60;U=60|XT300",XT300,8736,PRIMARY,8467,21,-0.16504972620167652,-0.3403640462398177,0.22664462029053975,-0.18689490842697226,-0.14212723439094485,-0.16737573239291365,-0.1668103088637149,0.035431675918270934
H02,"H02|W=60;U=60|XT300",XT300,8736,NOINS,8467,21,-0.16634385051348669,-0.3422682220447436,0.22629030353135704,-0.18820907286963848,-0.1434289777422272,-0.16867026038487945,-0.16810036224096062,0.035431675918270934
H02,"H02|W=60;U=60|XT300",XT300,8736,L10,7883,21,-0.1529167393775185,-0.29764675419902203,0.2173030572117214,-0.17560438530751357,-0.1294009357620035,-0.15605790230469646,-0.15848322698716227,0.032474946086515286
H02,"H02|W=60;U=60|XT1800",XT1800,8736,KILL,8648,21,-0.29543008198369336,-0.532961464603751,0.12049028677150786,-0.3178509640443415,-0.2681010895137583,-0.2981378861420077,-0.29542771865490475,0.07678075855689177
H02,"H02|W=60;U=60|XT1800",XT1800,8736,PRIMARY,8467,21,-0.28591684806492546,-0.5189691066885506,0.11928664225817881,-0.3098780768772837,-0.25703998238416975,-0.2887142488992362,-0.28819010117818417,0.07464273060115743
H02,"H02|W=60;U=60|XT1800",XT1800,8736,NOINS,8467,21,-0.2870394735874158,-0.5196840852445208,0.11916853667178458,-0.3109908152728328,-0.25808844912810736,-0.28983727230865713,-0.2893077374607171,0.07464273060115743
H02,"H02|W=60;U=60|XT1800",XT1800,8736,L10,7883,21,-0.26437121000820546,-0.46876540633653235,0.11556514017506025,-0.28990273013642076,-0.2345877304673676,-0.2677212992389601,-0.2717309410416033,0.07053152353165039
H02,"H02|W=60;U=60|XB",XB,8736,KILL,8648,21,-0.07018115131724374,-0.3028219392070046,0.27035152636447735,-0.08000901249872894,-0.05943331417228978,-0.07072833521822883,-0.07018345180820348,0.012604070305272896
H02,"H02|W=60;U=60|XB",XB,8736,PRIMARY,8467,21,-0.10750226238603924,-0.2705972696860996,0.26821778670131097,-0.12119643830814145,-0.09233271272765223,-0.10860624624310038,-0.10794552763698465,0.013818353608125665
H02,"H02|W=60;U=60|XB",XB,8736,NOINS,8467,21,-0.10938215945055914,-0.27094894063967556,0.2670367308373686,-0.12307145384595666,-0.09423260340933076,-0.11048289198964649,-0.10983133437212905,0.013700248021731427
H02,"H02|W=60;U=60|XB",XB,8736,L10,7883,21,-0.10641066710789573,-0.2165914822484546,0.25447164784980336,-0.12251764641125909,-0.0895488804446024,-0.10767536718998001,-0.1084872000987174,0.014334644171000888
H02,"H02|W=60;U=60|XR",XR,8736,KILL,8648,21,-0.0651846221994087,-0.21368160277843812,0.21577243293246995,-0.07862698423493217,-0.050989052776398695,-0.06750945244905514,-0.06518703206441637,0.03734967622571693
H02,"H02|W=60;U=60|XR",XR,8736,PRIMARY,8467,21,-0.16849813233755684,-0.2672423614147205,0.16924530530294082,-0.1842576052585003,-0.15039528600528498,-0.1709223335018262,-0.16927185041584583,0.037085154127790246
H02,"H02|W=60;U=60|XR",XR,8736,NOINS,8467,21,-0.1697042922159799,-0.2689843555231581,0.16794614385260423,-0.1856616172806246,-0.15131497074323835,-0.1721289208790651,-0.17049156546692243,0.037085154127790246
H02,"H02|W=60;U=60|XR",XR,8736,L10,7883,21,-0.16505724242148592,-0.24429654245281507,0.1657998224026386,-0.18218943698019677,-0.14642935488150807,-0.16756452740749464,-0.1700739362043063,0.035265761765825195
H02,"H02|W=60;U=60|XG",XG,8736,KILL,8648,21,-0.16798677537503998,-0.30763375453957514,0.07273358001850139,-0.1807607920218005,-0.15290824763084554,-0.17057300495565675,-0.16798954041659434,0.012950971322849213
H02,"H02|W=60;U=60|XG",XG,8736,PRIMARY,8467,21,-0.23022131326188394,-0.3240450786374034,0.07558757529231133,-0.24873016423307592,-0.20791622832002263,-0.2329208737095543,-0.23157458422455468,0.021022794378174087
H02,"H02|W=60;U=60|XG",XG,8736,NOINS,8467,21,-0.23129466092605208,-0.32398695240530434,0.07558757529231133,-0.2496981021976405,-0.20920444489584317,-0.23399456114000203,-0.2325989294346845,0.020432266446202905
H02,"H02|W=60;U=60|XG",XG,8736,L10,7883,21,-0.22115376416200933,-0.3143658690419537,0.08004566789293416,-0.239297512718439,-0.20053298485818025,-0.22455277911659027,-0.227794264940484,0.02955727514905493
H02,"H02|W=180;U=15|XT60",XT60,23133,KILL,22870,21,-0.049953911267247145,-0.034865847470275116,0.21670310450371666,-0.05370519427482742,-0.045865816476316525,-0.050881014725423224,-0.04995240648787689,0.0036729339746392653
H02,"H02|W=180;U=15|XT60",XT60,23133,PRIMARY,22788,21,-0.04195713351976988,-0.027025822885969733,0.224855186940495,-0.04591656186377582,-0.03774065901936239,-0.04292612801697799,-0.04180571701059287,0.0035983851149727925
H02,"H02|W=180;U=15|XT60",XT60,23133,NOINS,22788,21,-0.046326351697599084,-0.033136376804355425,0.22037914691943128,-0.05022160632327679,-0.042193793757978375,-0.04729516199969262,-0.04617846713700067,0.0035545023696682463
H02,"H02|W=180;U=15|XT60",XT60,23133,L10,22291,21,-0.042917515344983746,-0.027158613455871335,0.21412229150778342,-0.046974095994548215,-0.03895240307195325,-0.04352259746668574,-0.04274964127761187,0.003454308913911444
H02,"H02|W=180;U=15|XT300",XT300,23133,KILL,22870,21,-0.09178842445590918,-0.0456451221332272,0.1729339746392654,-0.09931680158672128,-0.08449145727035565,-0.09306727631952919,-0.09178907875029961,0.01464801049409707
H02,"H02|W=180;U=15|XT300",XT300,23133,PRIMARY,22788,21,-0.08283737905122376,-0.03681132390637394,0.1751360365104441,-0.09032957489353406,-0.07587832789117073,-0.08410921584269501,-0.08299994286030597,0.014437423205195718
H02,"H02|W=180;U=15|XT300",XT300,23133,NOINS,22788,21,-0.08648236419602717,-0.042593616702462415,0.17320519571704407,-0.09393454120817749,-0.07958416338201668,-0.08775468042691262,-0.0866451255787962,0.014349657714586624
H02,"H02|W=180;U=15|XT300",XT300,23133,L10,22291,21,-0.08128184114473859,-0.03547986614055242,0.16800502444932933,-0.08791419389500092,-0.07488582059899378,-0.08233433989225634,-0.08169050365990192,0.013682652191467408
H02,"H02|W=180;U=15|XT1800",XT1800,23133,KILL,22870,21,-0.15358214230579778,-0.08780559176160391,0.09313511149978138,-0.16708097837907784,-0.1401207576153868,-0.15516051993344934,-0.1535799416319251,0.03821600349803236
H02,"H02|W=180;U=15|XT1800",XT1800,23133,PRIMARY,22788,21,-0.143548345512157,-0.07576191703226266,0.09447955064068808,-0.15662350767800962,-0.13015809515233456,-0.14518064355569593,-0.14409895444371038,0.037783043707214324
H02,"H02|W=180;U=15|XT1800",XT1800,23133,NOINS,22788,21,-0.1468584430436063,-0.08086789870635833,0.0931630682815517,-0.15986563714188365,-0.1335015695918052,-0.14849117690441757,-0.14740583417339911,0.037739160961909775
H02,"H02|W=180;U=15|XT1800",XT1800,23133,L10,22291,21,-0.13899770997686253,-0.06785780930023476,0.09106814409402898,-0.1506504593442652,-0.1270838864480602,-0.14046188437362542,-0.1401527102265808,0.03539545107891077
H02,"H02|W=180;U=15|XB",XB,23133,KILL,22870,21,-0.05807528115844879,-0.059312526739963185,0.16751202448622649,-0.06354845381412405,-0.052264650108802,-0.05835778655874279,-0.05807345974551078,0.008132925229558373
H02,"H02|W=180;U=15|XB",XB,23133,PRIMARY,22788,21,-0.06827453488304466,-0.04801841689392883,0.17166929963138494,-0.07578608761661708,-0.06095963249209595,-0.06878082198842991,-0.06836013338728124,0.008249956117254695
H02,"H02|W=180;U=15|XB",XB,23133,NOINS,22788,21,-0.07199389405700758,-0.054128269843421596,0.16978234158328945,-0.0793218115188579,-0.06482008461697997,-0.07249890168470896,-0.07207683562641257,0.008206073371950149
H02,"H02|W=180;U=15|XB",XB,23133,L10,22291,21,-0.07124427007341949,-0.045272374007292344,0.1635637701314432,-0.07753205012566075,-0.06517347497871041,-0.07189495985532032,-0.07161367444983337,0.00865820286214167
H02,"H02|W=180;U=15|XR",XR,23133,KILL,22870,21,-0.04593252396142087,-0.060818140537467216,0.14311324879755138,-0.053545988661252354,-0.0376504416089696,-0.04732989305324742,-0.04593395041995616,0.021381722780935725
H02,"H02|W=180;U=15|XR",XR,23133,PRIMARY,22788,21,-0.09386434536390917,-0.061250302182708154,0.12037037037037036,-0.10305151326595884,-0.08453985068228846,-0.09535753174325719,-0.09386768222254178,0.021151483236791294
H02,"H02|W=180;U=15|XR",XR,23133,NOINS,22788,21,-0.09749306644650035,-0.06663625271223897,0.1188783570300158,-0.10658543056613695,-0.08826150507999506,-0.09898673059661929,-0.09749681324515988,0.021019835000877656
H02,"H02|W=180;U=15|XR",XR,23133,L10,22291,21,-0.09494867841652477,-0.055726377303830975,0.11717733614463237,-0.10368056551416292,-0.08549781745881824,-0.09629982613125616,-0.09561272472248128,0.019738908079493966
H02,"H02|W=180;U=15|XG",XG,23133,KILL,22870,21,-0.09506494151255035,-0.12195790259191085,0.06121556624398776,-0.10505560890798993,-0.08474030733166524,-0.09659833275095642,-0.09506363700241334,0.007302142544818539
H02,"H02|W=180;U=15|XG",XG,23133,PRIMARY,22788,21,-0.12493061127228136,-0.10369646381146866,0.0638493944181148,-0.13628568733006083,-0.11333254451986625,-0.1265094065711761,-0.12534200409659074,0.011146217307354747
H02,"H02|W=180;U=15|XG",XG,23133,NOINS,22788,21,-0.1282506141297123,-0.10820960698169685,0.06253291205897842,-0.13945206931294665,-0.11680217793703832,-0.12982978871820608,-0.12865840861455757,0.010882920835527471
H02,"H02|W=180;U=15|XG",XG,23133,L10,22291,21,-0.1242527116380495,-0.08530403314880779,0.06370283971109417,-0.13450916358820927,-0.11295988339902421,-0.12576993628308653,-0.1253251875620521,0.015028486833251089
H02,"H02|W=180;U=30|XT60",XT60,18573,KILL,18372,21,-0.051840788396777145,-0.03600851201432764,0.24194426300892663,-0.05636605832196925,-0.047048285839523904,-0.05299521898140254,-0.05183961248357048,0.0045721750489875895
H02,"H02|W=180;U=30|XT60",XT60,18573,PRIMARY,18294,21,-0.04358305105451317,-0.027297713658146965,0.25090193506067565,-0.0484154612601953,-0.038213101470656125,-0.04479038894590853,-0.04338259532409018,0.0044276812069531
H02,"H02|W=180;U=30|XT60",XT60,18573,NOINS,18294,21,-0.047664793096529136,-0.033597973242811496,0.2465835793156226,-0.05244906258332605,-0.042348327537642776,-0.048871854386640184,-0.04746792790879737,0.004373018476003061
H02,"H02|W=180;U=30|XT60",XT60,18573,L10,17832,21,-0.045181449530313195,-0.027312711652764596,0.23867205024674742,-0.050060883519109325,-0.04024160123867583,-0.045896399952463605,-0.04497599227701233,0.004262000897263347
H02,"H02|W=180;U=30|XT300",XT300,18573,KILL,18372,21,-0.099815878945081,-0.053837291677030996,0.18925538863487917,-0.10873034754565078,-0.09142471130087151,-0.1014091931118095,-0.09981640030305666,0.018070977574569998
H02,"H02|W=180;U=30|XT300",XT300,18573,PRIMARY,18294,21,-0.09068561458456247,-0.04480111495830513,0.19208483655843445,-0.09957609137322684,-0.08196168931304687,-0.09227122204179355,-0.09085229990626413,0.017820050289712473
H02,"H02|W=180;U=30|XT300",XT300,18573,NOINS,18294,21,-0.09397448834913592,-0.0502939579713825,0.1898436645894829,-0.10281189470614713,-0.0853306404305551,-0.0955606346338133,-0.09414073255089393,0.0177107248278124
H02,"H02|W=180;U=30|XT300",XT300,18573,L10,17832,21,-0.08950705011519765,-0.04270022975875331,0.1842193808882907,-0.09741788673329575,-0.08141879741138958,-0.09082416087359874,-0.0900568922953045,0.01693584567070435
H02,"H02|W=180;U=30|XT1800",XT1800,18573,KILL,18372,21,-0.1710793448875078,-0.1253568329933834,0.10276507729153059,-0.18722150236409404,-0.15468710275809902,-0.17304707600077432,-0.17107815732090698,0.04615719573263662
H02,"H02|W=180;U=30|XT1800",XT1800,18573,PRIMARY,18294,21,-0.1610687888623955,-0.11062589824880416,0.10380452607412266,-0.1772445215374984,-0.14435235688388137,-0.1630520215322806,-0.16164686149687685,0.04564338034328195
H02,"H02|W=180;U=30|XT1800",XT1800,18573,NOINS,18294,21,-0.16403646814984366,-0.11419849244831362,0.10260194599322182,-0.18022497238065885,-0.14736359729379198,-0.16602018755081838,-0.16460991684063073,0.045588717612331915
H02,"H02|W=180;U=30|XT1800",XT1800,18573,L10,17832,21,-0.15697186294047194,-0.09351936677736114,0.09993270524899057,-0.17210657370007915,-0.14168911296045622,-0.15862700337264152,-0.15841139705330853,0.042732166890982505
H02,"H02|W=180;U=30|XB",XB,18573,KILL,18372,21,-0.060059309076429715,-0.07378189642306353,0.18348573916829958,-0.06693741308344427,-0.052903475351289524,-0.06040570294963475,-0.06005768805955044,0.010015240583496626
H02,"H02|W=180;U=30|XB",XB,18573,PRIMARY,18294,21,-0.07312428158100488,-0.06240734229059487,0.18803979446813163,-0.08205956386611188,-0.06416542511102755,-0.07375575612784607,-0.073225301624457,0.010112605225757078
H02,"H02|W=180;U=30|XB",XB,18573,NOINS,18294,21,-0.07650675961825791,-0.06841328105489236,0.1862905870777304,-0.08533230366911651,-0.06765358480560124,-0.07713658507305725,-0.0766021247721277,0.010057942494807041
H02,"H02|W=180;U=30|XB",XB,18573,L10,17832,21,-0.07618606679307333,-0.0577543011335156,0.1797891431135038,-0.08405687151232996,-0.06849611681783885,-0.07700032442104525,-0.07669466779230125,0.01059892328398385
H02,"H02|W=180;U=30|XR",XR,18573,KILL,18372,21,-0.04777698009999773,-0.07425149495049997,0.15588939690833878,-0.057397759283976876,-0.037203913307304076,-0.04943333668611081,-0.047778227044103984,0.02585456128891792
H02,"H02|W=180;U=30|XR",XR,18573,PRIMARY,18294,21,-0.10130396869214679,-0.07750909213325663,0.13173718158959222,-0.11219735279707775,-0.08954062937147758,-0.10298409399983907,-0.1012198862236576,0.025582158084617907
H02,"H02|W=180;U=30|XR",XR,18573,NOINS,18294,21,-0.1046387471825502,-0.08192184389081617,0.13031595058489123,-0.11547466469202548,-0.09295042771896835,-0.10631941943604707,-0.10455428931919201,0.025418169891767792
H02,"H02|W=180;U=30|XR",XR,18573,L10,17832,21,-0.10297404569675529,-0.0693690818667011,0.1291498429789143,-0.11387545515131613,-0.09116292526344792,-0.10445991226208504,-0.10375380253122277,0.023833557649170032
H02,"H02|W=180;U=30|XG",XG,18573,KILL,18372,21,-0.10019574292286608,-0.20315649967663302,0.06645983017635532,-0.11210712458340677,-0.08814588212821606,-0.10210545220767808,-0.10019554156889955,0.008817766165904637
H02,"H02|W=180;U=30|XG",XG,18573,PRIMARY,18294,21,-0.13516018239239308,-0.1681536736426752,0.06909369192084837,-0.14868356058041549,-0.12134928589588326,-0.1370876431858083,-0.13558033049723775,0.013392369082759375
H02,"H02|W=180;U=30|XG",XG,18573,NOINS,18294,21,-0.13819098243772174,-0.17193498802889592,0.0677271236470974,-0.15154654858084024,-0.12448936939241957,-0.14011894028823604,-0.1386066550686571,0.013064392697059146
H02,"H02|W=180;U=30|XG",XG,18573,L10,17832,21,-0.13542218926123745,-0.12575834488450355,0.06914535666218034,-0.14778510794498484,-0.12173009126759313,-0.13719230090190404,-0.1365976833398076,0.018057424854194707
H02,"H02|W=180;U=60|XT60",XT60,11683,KILL,11567,21,-0.05427210407476832,-0.03705973600635173,0.28460274920031126,-0.060969625539491805,-0.04730043100677355,-0.05607247209644343,-0.054270185618932154,0.007175585717990836
H02,"H02|W=180;U=60|XT60",XT60,11683,PRIMARY,11505,21,-0.04597872720298599,-0.027605833598663067,0.29352455454150367,-0.05343226032061607,-0.038378160325816826,-0.04786718469525993,-0.04584534383082532,0.006953498478922208
H02,"H02|W=180;U=60|XT60",XT60,11683,NOINS,11505,21,-0.04951700782019367,-0.03368573997302832,0.2890047805302043,-0.056902944239119985,-0.04194586500754006,-0.05140582314243499,-0.049385691121804215,0.00686657974793568
H02,"H02|W=180;U=60|XT60",XT60,11683,L10,11115,21,-0.049790532136699504,-0.027846835063897762,0.27827260458839403,-0.05793149850641595,-0.042093517364198245,-0.05081671875115756,-0.0496356125603464,0.006747638326585695
H02,"H02|W=180;U=60|XT300",XT300,11683,KILL,11567,21,-0.1072188775053971,-0.07243479428884135,0.22062764761822426,-0.11997187740214764,-0.09533174702758937,-0.10954176459370792,-0.10721978133250501,0.027405550272326447
H02,"H02|W=180;U=60|XT300",XT300,11683,PRIMARY,11505,21,-0.09847337982347479,-0.06216013186154538,0.22251195132551066,-0.1107356804686721,-0.08678612112644749,-0.10078333757014608,-0.09902398578482295,0.02711864406779661
H02,"H02|W=180;U=60|XT300",XT300,11683,NOINS,11505,21,-0.10115097717878654,-0.06760421557364767,0.2208604954367666,-0.11341024357728076,-0.08946815859266022,-0.10346163235579052,-0.10169835410581951,0.026944806605823556
H02,"H02|W=180;U=60|XT300",XT300,11683,L10,11115,21,-0.09901187027773246,-0.05894805547439458,0.21232568600989654,-0.11115584924181805,-0.08705809493390183,-0.1008337215644804,-0.10019421301160186,0.025910931174089068
H02,"H02|W=180;U=60|XT1800",XT1800,11683,KILL,11567,21,-0.193486482010661,-0.24484673399333368,0.12397337252528745,-0.21341736264443872,-0.17227763371124064,-0.19661796542742077,-0.1934815038698899,0.06656868678136077
H02,"H02|W=180;U=60|XT1800",XT1800,11683,PRIMARY,11505,21,-0.183422648338606,-0.21912716798030107,0.12498913515862668,-0.20278649878947927,-0.16281967086150972,-0.1865823049499196,-0.18456607089535876,0.06588439808778791
H02,"H02|W=180;U=60|XT1800",XT1800,11683,NOINS,11505,21,-0.1858303075188893,-0.22135583916280657,0.12359843546284224,-0.2052201460627738,-0.16512297533133996,-0.18899059208515911,-0.18696459284129505,0.06579747935680139
H02,"H02|W=180;U=60|XT1800",XT1800,11683,L10,11115,21,-0.18077584277397438,-0.17931319803984166,0.12055780476833108,-0.19883147760555347,-0.1612776086986001,-0.18343791177187715,-0.18337196024385133,0.06189833558254611
H02,"H02|W=180;U=60|XB",XB,11683,KILL,11567,21,-0.06065570813884742,-0.11564282374011244,0.21327915622028185,-0.07043183897136926,-0.050686172520606,-0.06110766871614665,-0.06065117327431167,0.01538860551569119
H02,"H02|W=180;U=60|XB",XB,11683,PRIMARY,11505,21,-0.08066832777008652,-0.09377057090055442,0.2182529335071708,-0.09207252376525345,-0.06893739468893913,-0.08164380142778949,-0.08095572488775112,0.015471534115601912
H02,"H02|W=180;U=60|XB",XB,11683,NOINS,11505,21,-0.08338313026022634,-0.09943504774709515,0.21634072142546718,-0.09475400916232446,-0.07163657948310445,-0.08435570892801317,-0.08365493724036856,0.015384615384615385
H02,"H02|W=180;U=60|XB",XB,11683,L10,11115,21,-0.08275746654118206,-0.07978360721242696,0.21007647323436798,-0.09288522091158627,-0.07247603457050468,-0.0840650156257149,-0.08357674057236457,0.016374269005847954
H02,"H02|W=180;U=60|XR",XR,11683,KILL,11567,21,-0.04784361069603414,-0.1011236356400179,0.17973545430967408,-0.06028210748167258,-0.03434886805878378,-0.05047253669882232,-0.04784206142564431,0.03700181550963949
H02,"H02|W=180;U=60|XR",XR,11683,PRIMARY,11505,21,-0.10916161831806759,-0.11681343444829223,0.15480225988700566,-0.12325532897726485,-0.0941675605131503,-0.11183330425753948,-0.10928769001985777,0.03667970447631465
H02,"H02|W=180;U=60|XR",XR,11683,NOINS,11505,21,-0.11207164157136505,-0.1206288285936973,0.1530638852672751,-0.12606951989725718,-0.0970290525657691,-0.11474408650318037,-0.11219514984065919,0.03641894828335506
H02,"H02|W=180;U=60|XR",XR,11683,L10,11115,21,-0.11212614403763053,-0.10084857568823856,0.1531264057579847,-0.12561463288863498,-0.09784703451229805,-0.11448649792739805,-0.11364903601375899,0.03418803418803419
H02,"H02|W=180;U=60|XG",XG,11683,KILL,11567,21,-0.10638814015471387,-0.3015768767722999,0.07893144289789919,-0.12209827026003031,-0.08979522726547318,-0.1094232514522133,-0.10638316935355971,0.012449208956514222
H02,"H02|W=180;U=60|XG",XG,11683,PRIMARY,11505,21,-0.14937363640237172,-0.2632432916740218,0.08152976966536289,-0.16645877152530889,-0.13118539488069406,-0.15244247884145815,-0.15020991202480977,0.0192090395480226
H02,"H02|W=180;U=60|XG",XG,11683,NOINS,11505,21,-0.15159252945358528,-0.26397544672440665,0.08013906996957844,-0.16864231141942904,-0.1334169809494004,-0.15466195057032406,-0.15241851851246596,0.018687527162103434
H02,"H02|W=180;U=60|XG",XG,11683,L10,11115,21,-0.1509688457899481,-0.21027565328421272,0.08196131354026091,-0.16794398924791723,-0.1313317010556406,-0.15357340020397053,-0.15293713854252525,0.026000899685110213
H03,"H03|D=30;F=3|XT60",XT60,18516,KILL,18353,21,-0.04607366481573218,-0.04929623401820805,0.4196589113496431,-0.05439927769955917,-0.03763174545124028,-0.047595256531272896,-0.046074282269175586,0.006810875606167929
H03,"H03|D=30;F=3|XT60",XT60,18516,PRIMARY,17454,21,-0.058413315227252245,-0.050290060718385446,0.40563767617738056,-0.0654249183251495,-0.051597092957451254,-0.05949237326503699,-0.05813372602227259,0.006187693365417669
H03,"H03|D=30;F=3|XT60",XT60,18516,NOINS,17454,21,-0.06093720266399697,-0.053139029014409124,0.4006531454107941,-0.06790719461999174,-0.05416416760501431,-0.06201669261782057,-0.06066981798814568,0.006130399908330469
H03,"H03|D=30;F=3|XT60",XT60,18516,L10,16388,21,-0.06459422405053064,-0.05081158760695316,0.3797900903099829,-0.07273903960678091,-0.05621260862224459,-0.06593747450535024,-0.06429617840779561,0.005369782767878936
H03,"H03|D=30;F=3|XT300",XT300,18516,KILL,18353,21,-0.11633533618722662,-0.2941554350529824,0.29635481937557895,-0.12735496030443305,-0.10492539821685556,-0.1179804942208407,-0.11633636559158295,0.02424671715795783
H03,"H03|D=30;F=3|XT300",XT300,18516,PRIMARY,17454,21,-0.12893446592501215,-0.2970897929048109,0.28916007791910164,-0.1403342142933762,-0.11752350116609947,-0.13052692360695348,-0.12855481556890228,0.023490317405752262
H03,"H03|D=30;F=3|XT300",XT300,18516,NOINS,17454,21,-0.1302634271192431,-0.2986231060661845,0.2881860891486192,-0.1416568480288028,-0.11887760181177251,-0.13185587229979848,-0.12988365314756337,0.023433023948665064
H03,"H03|D=30;F=3|XT300",XT300,18516,L10,16388,21,-0.1287392691880973,-0.2634271407562468,0.2752623871125214,-0.14042591816452496,-0.1169257276909609,-0.13083113537930968,-0.13025309925132805,0.02135709055406395
H03,"H03|D=30;F=3|XT1800",XT1800,18516,KILL,18353,21,-0.22378194099668436,-0.49071926359666534,0.15512450280608076,-0.2395950582449903,-0.20635947645127578,-0.22552168527366936,-0.22377774090727404,0.05960878330518171
H03,"H03|D=30;F=3|XT1800",XT1800,18516,PRIMARY,17454,21,-0.23693390161479802,-0.4912094974572824,0.14999427065429127,-0.2526679873193335,-0.21935723196485443,-0.23863919061491942,-0.23689942808334633,0.05826744585768305
H03,"H03|D=30;F=3|XT1800",XT1800,18516,NOINS,17454,21,-0.23782843165098197,-0.49211210899431945,0.14947862954050647,-0.25353111631756975,-0.2203133308453835,-0.2395338744147242,-0.2377931932801273,0.05821015240059585
H03,"H03|D=30;F=3|XT1800",XT1800,18516,L10,16388,21,-0.23481251757240604,-0.4647490675185758,0.14309250671222845,-0.2526019993488609,-0.2152229011322725,-0.23692380517009468,-0.23881246517135027,0.052538442762997316
H03,"H03|D=30;F=3|XB",XB,18516,KILL,18353,21,-0.03561847394686969,-0.3032731505895229,0.33978096224050564,-0.04261698087554137,-0.027944233681173363,-0.036018035560813066,-0.03562160890068337,0.009099329809840353
H03,"H03|D=30;F=3|XB",XB,18516,PRIMARY,17454,21,-0.08917771232068317,-0.3026245810862471,0.32279133722928843,-0.09926954559170212,-0.07895196714276506,-0.08966258594317802,-0.08933617872623272,0.010427409189870517
H03,"H03|D=30;F=3|XB",XB,18516,NOINS,17454,21,-0.09163193987942081,-0.30317480760743454,0.3202131316603644,-0.10153969044142992,-0.08163302041961548,-0.09211580975509094,-0.09180321507555554,0.010198235361521714
H03,"H03|D=30;F=3|XB",XB,18516,L10,16388,21,-0.09791152526522148,-0.27073896800217423,0.3008908957773981,-0.10834676380147937,-0.08725397593012948,-0.0991903912624742,-0.09851483072938631,0.011105687088113254
H03,"H03|D=30;F=3|XR",XR,18516,KILL,18353,21,-0.004083906781459559,-0.2186139197054873,0.2833869122214352,-0.01625618277439738,0.009526665308661758,-0.005702064658108961,-0.004085497759551042,0.03143900179807116
H03,"H03|D=30;F=3|XR",XR,18516,PRIMARY,17454,21,-0.13972724177262946,-0.29381944994428794,0.20963675948206714,-0.14886924611481672,-0.12933945568090513,-0.14137153696903376,-0.13980575179288673,0.030766586455826743
H03,"H03|D=30;F=3|XR",XR,18516,NOINS,17454,21,-0.1408785703601081,-0.29625077772040026,0.20849089034032314,-0.1499474281027716,-0.13072742918926503,-0.14254545667573668,-0.14092497614922458,0.030766586455826743
H03,"H03|D=30;F=3|XR",XR,18516,L10,16388,21,-0.14712851244482847,-0.28471753846258935,0.20197705638271907,-0.15794349866293828,-0.1350818238095924,-0.14907373687464656,-0.14910404573609373,0.02880156211862338
H03,"H03|D=30;F=3|XG",XG,18516,KILL,18353,21,-0.10440893769335319,-0.3096933485896224,0.10232659510706696,-0.11600268951650841,-0.09214618419369176,-0.10606525054768823,-0.10440870020442693,0.013076881163842424
H03,"H03|D=30;F=3|XG",XG,18516,PRIMARY,17454,21,-0.19424733626243013,-0.33654412082068413,0.09957602841755471,-0.20808665518982278,-0.1791541975389142,-0.1960194647301319,-0.19417320208836822,0.019766242695084223
H03,"H03|D=30;F=3|XG",XG,18516,NOINS,17454,21,-0.19512348274196314,-0.3367021104963728,0.09900309384668271,-0.20900507884685615,-0.17992501478056933,-0.19689480372536208,-0.19502126057631253,0.019422481952561018
H03,"H03|D=30;F=3|XG",XG,18516,L10,16388,21,-0.20181618337929014,-0.3331163907399779,0.0995850622406639,-0.21731439783213824,-0.18498162330558737,-0.20377519722956397,-0.2043773700089741,0.024896265560165973
H03,"H03|D=30;F=8|XT60",XT60,9634,KILL,9549,21,-0.05221339482746696,-0.0513577533456047,0.42255733584668553,-0.06235184780472152,-0.04233069371357305,-0.05426784693289695,-0.052214706534814574,0.015499005131427374
H03,"H03|D=30;F=8|XT60",XT60,9634,PRIMARY,8983,21,-0.05951515021359232,-0.04705237712298559,0.4255816542357787,-0.06566978779440233,-0.052822872702742524,-0.06140568108339472,-0.05909313088236839,0.013358566180563285
H03,"H03|D=30;F=8|XT60",XT60,9634,NOINS,8983,21,-0.06115793749858999,-0.04871010782057772,0.42324390515418014,-0.06730064451065786,-0.054464345148647134,-0.0630489325498893,-0.06074242209987134,0.013247244795725258
H03,"H03|D=30;F=8|XT60",XT60,9634,L10,8379,21,-0.06856139299019676,-0.05126041199079428,0.40792457333810717,-0.07750311968481564,-0.05972890969024957,-0.06993150089073728,-0.0678301306817736,0.0115765604487409
H03,"H03|D=30;F=8|XT300",XT300,9634,KILL,9549,21,-0.13654311153301452,-0.381028754788319,0.325897999790554,-0.15133132745437242,-0.11969049100755291,-0.13887788912560944,-0.13654665689313153,0.04995287464655985
H03,"H03|D=30;F=8|XT300",XT300,9634,PRIMARY,8983,21,-0.14291940243214774,-0.35166591478697906,0.3263943003450963,-0.15953533651734594,-0.12480950276761704,-0.1453305439655897,-0.14232589213611818,0.048758766559056
H03,"H03|D=30;F=8|XT300",XT300,9634,NOINS,8983,21,-0.143610758844062,-0.3521149331095918,0.3260603361905822,-0.16029907005695498,-0.12542639797185215,-0.14602213133542719,-0.1430117041268406,0.04853612378937994
H03,"H03|D=30;F=8|XT300",XT300,9634,L10,8379,21,-0.14870745154984566,-0.3018330739944003,0.3102995584198592,-0.1657651343995421,-0.13063597584454395,-0.1517173264613553,-0.15094739485261502,0.04356128416278792
H03,"H03|D=30;F=8|XT1800",XT1800,9634,KILL,9549,21,-0.24099859976043622,-0.6201275060942242,0.2018012357314902,-0.26195155844975565,-0.2178089520885443,-0.24342717115353021,-0.24098997526666402,0.11414807833280972
H03,"H03|D=30;F=8|XT1800",XT1800,9634,PRIMARY,8983,21,-0.24774542334828709,-0.621572735610328,0.20182567071134364,-0.2705397808428033,-0.22372891282777224,-0.25027922657305124,-0.2476452604218048,0.11332516976511188
H03,"H03|D=30;F=8|XT1800",XT1800,9634,NOINS,8983,21,-0.2483301505287446,-0.6217010225432871,0.20171434932650562,-0.27099328990062865,-0.22451602734211962,-0.2508641490810094,-0.24822833168497999,0.11310252699543583
H03,"H03|D=30;F=8|XT1800",XT1800,9634,L10,8379,21,-0.2509179743358039,-0.6016897779798439,0.19107292039622867,-0.2727033943310515,-0.22783416933283723,-0.2545358329768025,-0.2575109191785692,0.10311493018259936
H03,"H03|D=30;F=8|XB",XB,9634,KILL,9549,21,-0.014475019525227137,-0.3048220088552808,0.37291863022306,-0.02247522618666482,-0.006433296538463962,-0.015119891809267635,-0.014480954969806684,0.02136349355953503
H03,"H03|D=30;F=8|XB",XB,9634,PRIMARY,8983,21,-0.08758671600227297,-0.3033643502468378,0.3512189691639764,-0.09940848197727434,-0.07517701001980802,-0.08840010591961536,-0.0869434542717015,0.02415674050985194
H03,"H03|D=30;F=8|XB",XB,9634,NOINS,8983,21,-0.08880153946066208,-0.3034353001393404,0.3499944339307581,-0.10084206619346725,-0.07625378133627599,-0.08961457517146813,-0.08816125334690281,0.023600133585661806
H03,"H03|D=30;F=8|XB",XB,9634,L10,8379,21,-0.10065665686379081,-0.2636350487075636,0.3305883757011577,-0.1130412075178237,-0.08893614980381111,-0.10162531672448015,-0.09983375696065919,0.023749850817519992
H03,"H03|D=30;F=8|XR",XR,9634,KILL,9549,21,0.0018263430388684237,-0.2064165663399831,0.30202115404754426,-0.014110125732904382,0.018563089881611473,-0.0004074858989095755,0.001817383453171646,0.06251963556393339
H03,"H03|D=30;F=8|XR",XR,9634,PRIMARY,8983,21,-0.1323052781356829,-0.2887921375518135,0.24156740509851943,-0.14658273275043196,-0.11678414188476631,-0.13478005620041525,-0.13196593211523244,0.06222865412445731
H03,"H03|D=30;F=8|XR",XR,9634,NOINS,8983,21,-0.13346071576383647,-0.2899270214442969,0.2405655126349772,-0.1475369615033414,-0.11804387466778231,-0.1359358798220424,-0.1331224400884719,0.06200601135478125
H03,"H03|D=30;F=8|XR",XR,9634,L10,8379,21,-0.14314521785898007,-0.27127486693717423,0.24095954171142142,-0.1583246668214346,-0.12682027697706275,-0.1464677851497324,-0.14533184047714837,0.058360186179735055
H03,"H03|D=30;F=8|XG",XG,9634,KILL,9549,21,-0.07885028287736803,-0.31247829461220833,0.13142737459419834,-0.09502919797810519,-0.06142468860090909,-0.08114627036493278,-0.07884891237544459,0.023876845743009738
H03,"H03|D=30;F=8|XG",XG,9634,PRIMARY,8983,21,-0.1807449043615977,-0.34802417739347624,0.13224980518757654,-0.20182829655738738,-0.1566210801583755,-0.18326058235609965,-0.18037306614735346,0.03684737838138707
H03,"H03|D=30;F=8|XG",XG,9634,NOINS,8983,21,-0.1806525360847154,-0.3475974123894483,0.13213848380273852,-0.20187838838822109,-0.15658913414345882,-0.18316806225787496,-0.18025591970109775,0.03606812868752087
H03,"H03|D=30;F=8|XG",XG,9634,L10,8379,21,-0.19706153568032328,-0.3463832953413979,0.1286549707602339,-0.21711852296488474,-0.17575377314471463,-0.20084812756390394,-0.20083355680665482,0.04714166368301707
H03,"H03|D=120;F=3|XT60",XT60,20965,KILL,20745,21,-0.06082067871516304,-0.04273501815830058,0.3950831525668836,-0.067859994757623,-0.05247653917268399,-0.06210633273451148,-0.060822950784402384,0.005591708845504941
H03,"H03|D=120;F=3|XT60",XT60,20965,PRIMARY,20031,21,-0.06355869805062359,-0.038845891813595726,0.38769906644700713,-0.06958744753130154,-0.0571442357183482,-0.064466000095297,-0.06332729639836507,0.004792571514153063
H03,"H03|D=120;F=3|XT60",XT60,20965,NOINS,20031,21,-0.06643663877312217,-0.042621053689000876,0.3817582746742549,-0.07244318919655568,-0.06005931420807794,-0.06734390935498435,-0.06621439159850899,0.004792571514153063
H03,"H03|D=120;F=3|XT60",XT60,20965,L10,19019,21,-0.06477678459496412,-0.04069400685837533,0.3636889426363111,-0.07012670393547245,-0.059438564525085495,-0.0660122300305572,-0.06503880129000923,0.004784688995215311
H03,"H03|D=120;F=3|XT300",XT300,20965,KILL,20745,21,-0.12727986198256705,-0.2809830953683896,0.2812243914196192,-0.1363078865410407,-0.11736599456177592,-0.12867980796434814,-0.12728157386942635,0.020631477464449266
H03,"H03|D=120;F=3|XT300",XT300,20965,PRIMARY,20031,21,-0.12967961103596823,-0.26704686106236497,0.27617193350307023,-0.13803697125946388,-0.12104306114241042,-0.13109251507702588,-0.12993743840449856,0.01971943487594229
H03,"H03|D=120;F=3|XT300",XT300,20965,NOINS,20031,21,-0.13142965186663697,-0.2693425584701891,0.27452448704508015,-0.13975870877472732,-0.12279820523385745,-0.1328428180405376,-0.131682253162896,0.0196195896360641
H03,"H03|D=120;F=3|XT300",XT300,20965,L10,19019,21,-0.1245158823174994,-0.22689297230917557,0.2652084757347915,-0.1335296623967004,-0.1152437121286531,-0.12629585065264862,-0.12675510063692555,0.01787685998212314
H03,"H03|D=120;F=3|XT1800",XT1800,20965,KILL,20745,21,-0.22259293185447812,-0.4382689716929506,0.1467823571945047,-0.2374754444366526,-0.20739252240197487,-0.22412872828933456,-0.22259294591489398,0.04945770065075922
H03,"H03|D=120;F=3|XT1800",XT1800,20965,PRIMARY,20031,21,-0.22385058356733073,-0.4306948440193379,0.1428785382656882,-0.23919074240635824,-0.20848136966535358,-0.2254014814105061,-0.22494803411813913,0.0481753282412261
H03,"H03|D=120;F=3|XT1800",XT1800,20965,NOINS,20031,21,-0.22511227895056699,-0.4321130884520397,0.14222954420647996,-0.24043075656203522,-0.20979787216986845,-0.2266633657764821,-0.22620218833734168,0.048125405621287004
H03,"H03|D=120;F=3|XT1800",XT1800,20965,L10,19019,21,-0.21613133657842196,-0.3990326461809084,0.13775697986224303,-0.23378241346481157,-0.19967842585573603,-0.2179647004482652,-0.22121857620413415,0.044061201955938795
H03,"H03|D=120;F=3|XB",XB,20965,KILL,20745,21,-0.058442189152408335,-0.3027636237003134,0.30561581103880453,-0.06402990108339451,-0.053209260196476135,-0.05880448137192884,-0.05844519472679908,0.007712701855868884
H03,"H03|D=120;F=3|XB",XB,20965,PRIMARY,20031,21,-0.100852318997181,-0.2991220842272841,0.29484299336029157,-0.10630766879448306,-0.09556425815950352,-0.10125272973054003,-0.10119716825282078,0.009135839448854276
H03,"H03|D=120;F=3|XB",XB,20965,NOINS,20031,21,-0.1032923644366526,-0.3002244652946498,0.29224701712345863,-0.10865898698795576,-0.09797151173096423,-0.10369271809596374,-0.10362950818598197,0.008936148969097899
H03,"H03|D=120;F=3|XB",XB,20965,L10,19019,21,-0.10348821199199623,-0.26021961492984075,0.2777748567222251,-0.10872702658079757,-0.09814247185895247,-0.10429768183134093,-0.10502729739621239,0.009779693990220306
H03,"H03|D=120;F=3|XR",XR,20965,KILL,20745,21,-0.030211417754017353,-0.22409154768419481,0.25500120510966495,-0.04067406147901323,-0.019661359470403587,-0.03167058967807732,-0.030213406213207842,0.02742829597493372
H03,"H03|D=120;F=3|XR",XR,20965,PRIMARY,20031,21,-0.14377066071477185,-0.28530147635670294,0.19429883680295543,-0.1527561713631007,-0.13453737388902992,-0.14527529512634843,-0.14405715896832916,0.0267585242873546
H03,"H03|D=120;F=3|XR",XR,20965,NOINS,20031,21,-0.1452815923751659,-0.28774666284877787,0.1928510808247217,-0.15419602162235654,-0.13615669071627062,-0.146787578605951,-0.14554833448089113,0.0267585242873546
H03,"H03|D=120;F=3|XR",XR,20965,L10,19019,21,-0.14505096073873422,-0.27076898376365777,0.1900205058099795,-0.15613710239239986,-0.1337560974053458,-0.14674361578088024,-0.14805017118348596,0.025553393974446607
H03,"H03|D=120;F=3|XG",XG,20965,KILL,20745,21,-0.11768190783008928,-0.30846092234217204,0.0972764521571463,-0.12808680201581818,-0.10635384069685087,-0.11913354811965533,-0.11767903231232515,0.011954687876596771
H03,"H03|D=120;F=3|XG",XG,20965,PRIMARY,20031,21,-0.18949576996207196,-0.3282882198576442,0.09670011482202585,-0.20389372571333225,-0.17415574555312482,-0.19114177222292278,-0.1903566541062751,0.017972143178073986
H03,"H03|D=120;F=3|XG",XG,20965,NOINS,20031,21,-0.19067319166991964,-0.3287487006595617,0.09590135290300035,-0.20518792571591696,-0.17525201892129744,-0.19231859416606956,-0.19150940051523313,0.017722530078378512
H03,"H03|D=120;F=3|XG",XG,20965,L10,19019,21,-0.19321327026058832,-0.3202603558894593,0.09706083390293917,-0.20877969792021847,-0.1770178475789414,-0.19502674933676198,-0.1975326453997881,0.021872863978127138
H03,"H03|D=120;F=8|XT60",XT60,14212,KILL,14069,21,-0.06874260527994071,-0.05059131386498184,0.41303575236335205,-0.07741927079626404,-0.0592706852172785,-0.06995831688517101,-0.06874515236514682,0.008600469116497263
H03,"H03|D=120;F=8|XT60",XT60,14212,PRIMARY,13583,21,-0.07217176937531965,-0.04775233565409313,0.40933519840977695,-0.0793971921174295,-0.06426348024226824,-0.07312328863207444,-0.07189510223892534,0.007214900979165133
H03,"H03|D=120;F=8|XT60",XT60,14212,NOINS,13583,21,-0.07431141857369616,-0.05030925796327472,0.4063167194286976,-0.08150602718573792,-0.06644122528060521,-0.07526293645762863,-0.07404174045630951,0.007141279540602223
H03,"H03|D=120;F=8|XT60",XT60,14212,L10,12750,21,-0.0719900150211334,-0.04791397936569858,0.3944313725490196,-0.07873494719364826,-0.06536440846924782,-0.07319124730242942,-0.07234324158478103,0.007058823529411765
H03,"H03|D=120;F=8|XT300",XT300,14212,KILL,14069,21,-0.14251830624813963,-0.3923765185811651,0.304072784135333,-0.1544635505250488,-0.12983408164757368,-0.14409216192273067,-0.14251868566895023,0.0307768853507712
H03,"H03|D=120;F=8|XT300",XT300,14212,PRIMARY,13583,21,-0.1463942304369669,-0.3743624014881965,0.300228226459545,-0.15807244243852797,-0.13439514373088726,-0.1480154429004964,-0.14727991617271743,0.02915408967091217
H03,"H03|D=120;F=8|XT300",XT300,14212,NOINS,13583,21,-0.1473822445080247,-0.37538844835510754,0.2997864978281676,-0.15902331743573242,-0.13538365472826555,-0.14900317085068132,-0.1482610026921433,0.029006846793786352
H03,"H03|D=120;F=8|XT300",XT300,14212,L10,12750,21,-0.1430823929654407,-0.3164238053372058,0.2901960784313726,-0.15460866304303603,-0.13082877837944334,-0.14522876784893873,-0.14654819984930542,0.02619607843137255
H03,"H03|D=120;F=8|XT1800",XT1800,14212,KILL,14069,21,-0.2595605695331077,-0.564344430625342,0.1640486175278982,-0.27891286408562077,-0.23991071632133182,-0.26125593260417174,-0.2595571340126354,0.0724998223043571
H03,"H03|D=120;F=8|XT1800",XT1800,14212,PRIMARY,13583,21,-0.2639704704429654,-0.5598471948469388,0.16020025031289112,-0.2841652114264195,-0.24363198652023402,-0.26585559814166104,-0.26561905502639377,0.07001398807332695
H03,"H03|D=120;F=8|XT1800",XT1800,14212,NOINS,13583,21,-0.2646074271042243,-0.5604551065335887,0.16012662887432821,-0.28479644415337263,-0.2442327574557981,-0.2664926955038824,-0.2662493671275181,0.06994036663476404
H03,"H03|D=120;F=8|XT1800",XT1800,14212,L10,12750,21,-0.257743851001244,-0.5404873182490852,0.15333333333333332,-0.27994203950929936,-0.23763384120057676,-0.25995533671277515,-0.26551789305013784,0.06415686274509803
H03,"H03|D=120;F=8|XB",XB,14212,KILL,14069,21,-0.04149332174103007,-0.3054270633301826,0.33769279977254957,-0.047514739472274255,-0.035869944341304014,-0.04198545626327443,-0.04149694196511975,0.01258085151752079
H03,"H03|D=120;F=8|XB",XB,14212,PRIMARY,13583,21,-0.10059423757025222,-0.3096403176664502,0.329529559007583,-0.10724077985065056,-0.09351188071447081,-0.10122119858656282,-0.10094550098766496,0.014356180519767356
H03,"H03|D=120;F=8|XB",XB,14212,NOINS,13583,21,-0.10288735303666692,-0.3097707302174616,0.3271736729735699,-0.10956832071441121,-0.09574416174418215,-0.10351379596396008,-0.10324352944466245,0.014061694765515718
H03,"H03|D=120;F=8|XB",XB,14212,L10,12750,21,-0.10703867607118323,-0.2836577573253362,0.31388235294117645,-0.1133603315147681,-0.10106261091067416,-0.1077747817234229,-0.10833784677227304,0.014509803921568627
H03,"H03|D=120;F=8|XR",XR,14212,KILL,14069,21,-0.016999317757605114,-0.22214477886672304,0.27478854218494564,-0.02872208817111137,-0.005123696345277243,-0.01860956314359864,-0.017001338414098156,0.04030137181036321
H03,"H03|D=120;F=8|XR",XR,14212,PRIMARY,13583,21,-0.15700726936114093,-0.3207389212870811,0.21306044320106016,-0.16696385440140435,-0.14611497925618924,-0.15868442108464,-0.15778093399093404,0.039092983876904956
H03,"H03|D=120;F=8|XR",XR,14212,NOINS,13583,21,-0.15822750405442587,-0.32239256923870807,0.21247147169255687,-0.16822619112259662,-0.14732607814872686,-0.15990492533726436,-0.15898888295738034,0.039019362438342045
H03,"H03|D=120;F=8|XR",XR,14212,L10,12750,21,-0.15931567308075492,-0.3079848175471791,0.2124705882352941,-0.17181705365804387,-0.14590832218339683,-0.16150399377041655,-0.16400309709325517,0.037490196078431376
H03,"H03|D=120;F=8|XG",XG,14212,KILL,14069,21,-0.10829287786840379,-0.3121919804984827,0.10647522922737934,-0.1226146647549757,-0.09367442180362694,-0.10987896958074406,-0.108289999340822,0.017129859975833394
H03,"H03|D=120;F=8|XG",XG,14212,PRIMARY,13583,21,-0.20538928526052574,-0.3591680140442794,0.10586762865346389,-0.224472824092276,-0.18542826402724208,-0.20757229650420314,-0.20683451163467084,0.02562026061989251
H03,"H03|D=120;F=8|XG",XG,14212,NOINS,13583,21,-0.20600032708484284,-0.3589996359656366,0.10542590002208643,-0.22503710713455274,-0.18608956248714337,-0.20818343369573972,-0.20742064622281614,0.025252153427077966
H03,"H03|D=120;F=8|XG",XG,14212,L10,12750,21,-0.21429805312552797,-0.3636671644671928,0.10572549019607844,-0.23372309437806235,-0.19400108854517104,-0.21695452835834036,-0.2208064699187509,0.031294117647058826
H04,"H04|A=300;r=0.6|XT60",XT60,889,KILL,880,21,-0.05704362873472635,-0.019886722053629173,0.42727272727272725,-0.07718808631071994,-0.037970388546710844,-0.06207237823174331,-0.0570399337580093,0.003409090909090909
H04,"H04|A=300;r=0.6|XT60",XT60,889,PRIMARY,879,21,-0.052445988069351,-0.010212935272233445,0.4709897610921502,-0.07353696410092918,-0.031812553462063284,-0.055810614466020314,-0.052125036995284604,0.0034129692832764505
H04,"H04|A=300;r=0.6|XT60",XT60,889,NOINS,879,21,-0.055190208018437624,-0.012776644523250587,0.4630261660978385,-0.0762185343897628,-0.03461143278732605,-0.05855960521993626,-0.054872660998274245,0.0034129692832764505
H04,"H04|A=300;r=0.6|XT60",XT60,889,L10,865,21,-0.0594333499364462,-0.014870023013810008,0.461271676300578,-0.08185964959767936,-0.03705360618851624,-0.06268667074453103,-0.0601108708486387,0.003468208092485549
H04,"H04|A=300;r=0.6|XT300",XT300,889,KILL,880,21,-0.13861536715714604,-0.0628039000203103,0.40795454545454546,-0.16594614051347978,-0.11085436000666961,-0.15036790637149583,-0.13863194739300747,0.017045454545454544
H04,"H04|A=300;r=0.6|XT300",XT300,889,PRIMARY,879,21,-0.13308653581304497,-0.06012734628639928,0.4118316268486917,-0.15721592895020245,-0.10757667952450062,-0.144731476308204,-0.13383841785206246,0.015927189988623434
H04,"H04|A=300;r=0.6|XT300",XT300,889,NOINS,879,21,-0.13463225763089307,-0.06369541980920033,0.40841865756541523,-0.15874139175978078,-0.10915952005723173,-0.14628161709854814,-0.13538186618285145,0.015927189988623434
H04,"H04|A=300;r=0.6|XT300",XT300,889,L10,865,21,-0.14021416725271552,-0.07381211979978146,0.3930635838150289,-0.16348462759004975,-0.11346160365395228,-0.15221542858550877,-0.14271557340736987,0.016184971098265895
H04,"H04|A=300;r=0.6|XT1800",XT1800,889,KILL,880,21,-0.37594980734291,-0.6559277050892991,0.17045454545454544,-0.42553984096763314,-0.32306045662784166,-0.39056094403489655,-0.3759721129358117,0.05568181818181818
H04,"H04|A=300;r=0.6|XT1800",XT1800,889,PRIMARY,879,21,-0.3692552432086535,-0.6492580690275211,0.17178612059158135,-0.41909912612653033,-0.3137493999455532,-0.3835219380189892,-0.37059321938270584,0.05460750853242321
H04,"H04|A=300;r=0.6|XT1800",XT1800,889,NOINS,879,21,-0.3697573786650802,-0.6497094251036412,0.17178612059158135,-0.4195122126229971,-0.31428735016141895,-0.3840257930734449,-0.3710913737841414,0.05460750853242321
H04,"H04|A=300;r=0.6|XT1800",XT1800,889,L10,865,21,-0.37401645374133763,-0.6414589598170893,0.1630057803468208,-0.4210090903029579,-0.32313662497690065,-0.388061696470781,-0.3781379036283093,0.05202312138728324
H04,"H04|A=300;r=0.6|XB",XB,889,KILL,880,21,-0.03766613944794974,-0.3042029998507537,0.36363636363636365,-0.0666907576811727,-0.007724643633388836,-0.04251860676888745,-0.037682752004286516,0.011363636363636364
H04,"H04|A=300;r=0.6|XB",XB,889,PRIMARY,879,21,-0.14330889716311446,-0.3226593077268868,0.36860068259385664,-0.17485280823258864,-0.10985103892659394,-0.14869842463830552,-0.14386503875785614,0.012514220705346985
H04,"H04|A=300;r=0.6|XB",XB,889,NOINS,879,21,-0.14459678008544188,-0.32335164736421723,0.36746302616609783,-0.17640898593748547,-0.11062010402257368,-0.14998394382799446,-0.14514929812286928,0.012514220705346985
H04,"H04|A=300;r=0.6|XB",XB,889,L10,865,21,-0.16222645464815644,-0.3282024558367521,0.3445086705202312,-0.19492443236096024,-0.12828304927344203,-0.1677215777436278,-0.16388886277896783,0.013872832369942197
H04,"H04|A=300;r=0.6|XR",XR,889,KILL,880,21,-0.033656006477898064,-0.2110470275110691,0.30568181818181817,-0.060431128875538816,-0.003862416048809692,-0.046877973988868255,-0.03367417505689492,0.042045454545454546
H04,"H04|A=300;r=0.6|XR",XR,889,PRIMARY,879,21,-0.2988602226775074,-0.44741768918968106,0.1820250284414107,-0.3348304034367556,-0.2615062323934845,-0.3126664495569013,-0.29939142229519555,0.040955631399317405
H04,"H04|A=300;r=0.6|XR",XR,889,NOINS,879,21,-0.30022050484024215,-0.44906683098505834,0.1820250284414107,-0.33621468194830534,-0.26288637212889016,-0.31403139017624787,-0.3007639974308092,0.040955631399317405
H04,"H04|A=300;r=0.6|XR",XR,889,L10,865,21,-0.31373520872856875,-0.4897677411496404,0.1722543352601156,-0.35506796383883765,-0.27229109943858526,-0.3275706559417257,-0.318059786599056,0.03930635838150289
H04,"H04|A=300;r=0.6|XG",XG,889,KILL,880,21,-0.14195155208969312,-0.31416771304910207,0.12840909090909092,-0.17876338027863606,-0.10126758136985617,-0.15973401681092886,-0.14196208792267773,0.019318181818181818
H04,"H04|A=300;r=0.6|XG",XG,889,PRIMARY,879,21,-0.3293292035057533,-0.5256587583037811,0.13083048919226395,-0.3744450096016971,-0.27705755354005657,-0.3463402543057101,-0.3304805243950231,0.023890784982935155
H04,"H04|A=300;r=0.6|XG",XG,889,NOINS,879,21,-0.3298400744863322,-0.5257646670995455,0.13083048919226395,-0.37486888526390905,-0.2776965267302594,-0.3468441113670784,-0.3309888282344059,0.023890784982935155
H04,"H04|A=300;r=0.6|XG",XG,889,L10,865,21,-0.36122493869891314,-0.5492909692479948,0.12023121387283237,-0.4055896373652129,-0.3117521478910944,-0.37625780526900743,-0.3656426423427295,0.028901734104046242
H04,"H04|A=300;r=0.8|XT60",XT60,311,KILL,308,20,-0.08643511055324563,-0.013176687726978758,0.44805194805194803,-0.12471622097539373,-0.04968579361418842,-0.09450622357538463,-0.08643751721211183,0
H04,"H04|A=300;r=0.8|XT60",XT60,311,PRIMARY,308,20,-0.07744804165981328,-0.0000010044353237764628,0.5,-0.11291266454178651,-0.04258350438574634,-0.08470214813100416,-0.07750655713115215,0
H04,"H04|A=300;r=0.8|XT60",XT60,311,NOINS,308,20,-0.08008496479067241,-0.003850320013652291,0.4935064935064935,-0.11543245001418126,-0.0453378514004979,-0.08733195637030823,-0.0801469435596361,0
H04,"H04|A=300;r=0.8|XT60",XT60,311,L10,304,20,-0.09881353679546438,-0.005331130178739015,0.4868421052631579,-0.13085494362336314,-0.06828450128847958,-0.10515665477235887,-0.10176701580780308,0
H04,"H04|A=300;r=0.8|XT300",XT300,311,KILL,308,20,-0.18925934350235774,-0.10053184418685637,0.4090909090909091,-0.25487101952681007,-0.10694716889258639,-0.21463547461745675,-0.18927819287803305,0.012987012987012988
H04,"H04|A=300;r=0.8|XT300",XT300,311,PRIMARY,308,20,-0.17999995107228645,-0.09552356222507527,0.4253246753246753,-0.24955130454086955,-0.0930437952446098,-0.2051105729036043,-0.18183466464236037,0.012987012987012988
H04,"H04|A=300;r=0.8|XT300",XT300,311,NOINS,308,20,-0.1815512752822209,-0.0978876844498561,0.41883116883116883,-0.25100180566855024,-0.09485170382350751,-0.2066442766910735,-0.18338301634076398,0.012987012987012988
H04,"H04|A=300;r=0.8|XT300",XT300,311,L10,304,20,-0.18606463557911457,-0.12438050789104599,0.39144736842105265,-0.25279122231424517,-0.10215899147602449,-0.2121673211561484,-0.19161853169213205,0.013157894736842105
H04,"H04|A=300;r=0.8|XT1800",XT1800,311,KILL,308,20,-0.4451989660442893,-0.7114456643948062,0.14285714285714285,-0.5232879214154013,-0.3598159403008867,-0.47832688387063876,-0.4452317402726841,0.04220779220779221
H04,"H04|A=300;r=0.8|XT1800",XT1800,311,PRIMARY,308,20,-0.4351509727499237,-0.7043681139394846,0.14935064935064934,-0.5145471281698943,-0.3487045181526126,-0.4683735388712789,-0.4376221114670852,0.04220779220779221
H04,"H04|A=300;r=0.8|XT1800",XT1800,311,NOINS,308,20,-0.4356778170100402,-0.7046461201292098,0.14935064935064934,-0.515111110847436,-0.3492851207319523,-0.46890556510782866,-0.43814331050379346,0.04220779220779221
H04,"H04|A=300;r=0.8|XT1800",XT1800,311,L10,304,20,-0.4407322966415955,-0.69858134318157,0.14473684210526316,-0.5162864820481401,-0.35776281603057986,-0.47389696967461403,-0.4467749479840002,0.039473684210526314
H04,"H04|A=300;r=0.8|XB",XB,311,KILL,308,20,-0.045155315283308434,-0.30635010198497586,0.37337662337662336,-0.09181467651277936,0.0073116656148458446,-0.053507276074351295,-0.04519458830372508,0.006493506493506494
H04,"H04|A=300;r=0.8|XB",XB,311,PRIMARY,308,20,-0.17748835971342133,-0.3296748016350005,0.37337662337662336,-0.23284279155806542,-0.10893438191126212,-0.18907932135934355,-0.1787826573639821,0.006493506493506494
H04,"H04|A=300;r=0.8|XB",XB,311,NOINS,308,20,-0.17745817749884774,-0.33146106675675246,0.37337662337662336,-0.23246797719724235,-0.1090939287576789,-0.18901842738648456,-0.17874052707706167,0.006493506493506494
H04,"H04|A=300;r=0.8|XB",XB,311,L10,304,20,-0.19359330297327765,-0.359680960410085,0.35855263157894735,-0.2424872448931271,-0.13288247720749286,-0.20567578131251874,-0.1974443829634471,0.006578947368421052
H04,"H04|A=300;r=0.8|XR",XR,311,KILL,308,20,-0.05428822149527364,-0.18908694094821155,0.30194805194805197,-0.12291751830590263,0.029924272731952962,-0.08208756582621081,-0.05432581975836593,0.03571428571428571
H04,"H04|A=300;r=0.8|XR",XR,311,PRIMARY,308,20,-0.3751240663472358,-0.596572559152353,0.1525974025974026,-0.44963752903748827,-0.28812175373497406,-0.40626672612774684,-0.3769092317347684,0.03571428571428571
H04,"H04|A=300;r=0.8|XR",XR,311,NOINS,308,20,-0.3767086613697873,-0.5971423854215182,0.1525974025974026,-0.4507404109182206,-0.2901663346230876,-0.40786690726534364,-0.3785331987884437,0.03571428571428571
H04,"H04|A=300;r=0.8|XR",XR,311,L10,304,20,-0.3953468518685994,-0.6258714615527503,0.14802631578947367,-0.46476357365236315,-0.31678945329688873,-0.426788170618284,-0.402416601049795,0.03289473684210526
H04,"H04|A=300;r=0.8|XG",XG,311,KILL,308,20,-0.19900792528731623,-0.3190295855927566,0.10714285714285714,-0.25486692263487254,-0.12526173840650348,-0.22929534012412806,-0.19903220272884337,0.016233766233766232
H04,"H04|A=300;r=0.8|XG",XG,311,PRIMARY,308,20,-0.42144698692892923,-0.6371511413016333,0.11038961038961038,-0.49487154694035,-0.3318235211196804,-0.45503818059785717,-0.42350454334077153,0.022727272727272728
H04,"H04|A=300;r=0.8|XG",XG,311,NOINS,308,20,-0.4219914621756819,-0.6376937415713501,0.11038961038961038,-0.49525201675182545,-0.33237462896889164,-0.4555870690823083,-0.4240439474762525,0.022727272727272728
H04,"H04|A=300;r=0.8|XG",XG,311,L10,304,20,-0.4460762461013589,-0.6700643322600048,0.10526315789473684,-0.5203622007723975,-0.3593851451357191,-0.4797270657243772,-0.45324509160308124,0.019736842105263157
H04,"H04|A=900;r=0.6|XT60",XT60,273,KILL,271,20,-0.02594655896309347,-0.03461657628973683,0.2988929889298893,-0.041766040708068046,-0.008949481997834996,-0.031895106845754695,-0.02594753485937408,0.0036900369003690036
H04,"H04|A=900;r=0.6|XT60",XT60,273,PRIMARY,271,20,-0.019035633333624687,-0.026552909445082665,0.33210332103321033,-0.03348667608575747,-0.004298517287939226,-0.024989073708397785,-0.019282377892292375,0.0036900369003690036
H04,"H04|A=900;r=0.6|XT60",XT60,273,NOINS,271,20,-0.02226363787076348,-0.029552939413615704,0.30996309963099633,-0.036738903770713975,-0.007523090103087369,-0.028221914897192682,-0.022509760141441477,0.0036900369003690036
H04,"H04|A=900;r=0.6|XT60",XT60,273,L10,270,20,-0.02494111685530037,-0.026745001993619726,0.3333333333333333,-0.03865679899284466,-0.012024484704637219,-0.031150132584390866,-0.02489370693514852,0
H04,"H04|A=900;r=0.6|XT300",XT300,273,KILL,271,20,-0.0750092066181827,-0.03461657628973683,0.36531365313653136,-0.10154059213739923,-0.051711841816831486,-0.08894488580149647,-0.0750145960890105,0.007380073800738007
H04,"H04|A=900;r=0.6|XT300",XT300,273,PRIMARY,271,20,-0.0686408077388611,-0.026763288547025622,0.3726937269372694,-0.0945170849626211,-0.04615345805891912,-0.08264698633253531,-0.06884630852647389,0.007380073800738007
H04,"H04|A=900;r=0.6|XT300",XT300,273,NOINS,271,20,-0.07118278586962495,-0.030542999850157335,0.36900369003690037,-0.0969687785739919,-0.048694298997103244,-0.08518428408524642,-0.07138635341010821,0.007380073800738007
H04,"H04|A=900;r=0.6|XT300",XT300,273,L10,270,20,-0.07422849749384058,-0.026763288547025622,0.37407407407407406,-0.09862832395807355,-0.052696646859152464,-0.08874076430375989,-0.0744059429524578,0.003703703703703704
H04,"H04|A=900;r=0.6|XT1800",XT1800,273,KILL,271,20,-0.14399916869947504,-0.24166124073429182,0.3210332103321033,-0.20786642412832018,-0.07540493151360692,-0.19011624601687377,-0.14403064262458404,0.03690036900369004
H04,"H04|A=900;r=0.6|XT1800",XT1800,273,PRIMARY,271,20,-0.13724329915852682,-0.23463526297387743,0.3284132841328413,-0.20131486807010288,-0.06843101591318401,-0.18355949809690994,-0.13781880746965705,0.03690036900369004
H04,"H04|A=900;r=0.6|XT1800",XT1800,273,NOINS,271,20,-0.13859990435095954,-0.23620124868887668,0.3210332103321033,-0.20255487431390273,-0.06993708962123836,-0.18493074101258236,-0.13917450947154356,0.03690036900369004
H04,"H04|A=900;r=0.6|XT1800",XT1800,273,L10,270,20,-0.1426572502541352,-0.22227010921996398,0.31851851851851853,-0.20645937001365938,-0.07522648298724433,-0.19085391622281322,-0.14223101652294676,0.03333333333333333
H04,"H04|A=900;r=0.6|XB",XB,273,KILL,271,20,-0.037003205748080435,-0.12573814238097608,0.3763837638376384,-0.07796555412159199,0.007800475363754684,-0.04669790511260052,-0.0370120312951108,0.007380073800738007
H04,"H04|A=900;r=0.6|XB",XB,273,PRIMARY,271,20,-0.09829053025291135,-0.11358072084664536,0.3837638376383764,-0.15356644695762695,-0.0396356734798167,-0.10843786285192501,-0.09882238310757417,0.007380073800738007
H04,"H04|A=900;r=0.6|XB",XB,273,NOINS,271,20,-0.10162442063740652,-0.11507830471246007,0.3763837638376384,-0.15671508328452124,-0.0425775443772575,-0.11177432122252809,-0.10215201843110416,0.007380073800738007
H04,"H04|A=900;r=0.6|XB",XB,273,L10,270,20,-0.12123566952044429,-0.1358611808218576,0.3592592592592593,-0.1693939450101156,-0.0698873541446805,-0.13275482893677892,-0.12072947685523118,0.007407407407407408
H04,"H04|A=900;r=0.6|XR",XR,273,KILL,271,20,0.013887443386932343,-0.117239619919407,0.35424354243542433,-0.021218207079470378,0.05357136419403634,-0.030223735105976417,0.013856756462596022,0.03690036900369004
H04,"H04|A=900;r=0.6|XR",XR,273,PRIMARY,271,20,-0.09901737359222705,-0.20589692822536337,0.3247232472324723,-0.15420977500043834,-0.043497783244067806,-0.14466620595818128,-0.09952135445990842,0.03690036900369004
H04,"H04|A=900;r=0.6|XR",XR,273,NOINS,271,20,-0.1008569877602453,-0.2072257329803706,0.3173431734317343,-0.1559463299958034,-0.04548044163309335,-0.1465264126730128,-0.10135985626625754,0.03690036900369004
H04,"H04|A=900;r=0.6|XR",XR,273,L10,270,20,-0.11956439336395228,-0.20100192670489686,0.3037037037037037,-0.17675519535501005,-0.06360555962962722,-0.16563916506255122,-0.11919974536647103,0.03333333333333333
H04,"H04|A=900;r=0.6|XG",XG,273,KILL,271,20,-0.025140235218623883,-0.3047182926222576,0.2693726937269373,-0.07026732256420945,0.0211849895627763,-0.0754196074493788,-0.025178593056188515,0.014760147601476014
H04,"H04|A=900;r=0.6|XG",XG,273,PRIMARY,271,20,-0.12131538633840776,-0.3173953848459118,0.28044280442804426,-0.17993219030650512,-0.06273442127282795,-0.17451057945459894,-0.12191028318023546,0.02952029520295203
H04,"H04|A=900;r=0.6|XG",XG,273,NOINS,271,20,-0.12261731438923369,-0.31869125418310773,0.28044280442804426,-0.18117075371107927,-0.06415096313792489,-0.1758074929021983,-0.12321235542746406,0.02952029520295203
H04,"H04|A=900;r=0.6|XG",XG,273,L10,270,20,-0.13907857868203055,-0.3279775412683146,0.2740740740740741,-0.19961771140498244,-0.08066997349710751,-0.19156308003579492,-0.1389830525402865,0.02962962962962963
H04,"H04|A=900;r=0.8|XT60",XT60,66,KILL,65,18,-0.007435991006638876,-0.03461657628973683,0.2923076923076923,-0.04754328792430379,0.026850398906723905,-0.032122543565950956,-0.007437057131050948,0.015384615384615385
H04,"H04|A=900;r=0.8|XT60",XT60,66,PRIMARY,65,18,-0.002165449767403246,-0.026763288547025622,0.3384615384615385,-0.040088039085856494,0.02779666303915325,-0.02708337669870234,-0.0028848943235042644,0.015384615384615385
H04,"H04|A=900;r=0.8|XT60",XT60,66,NOINS,65,18,-0.00541715910148283,-0.029578172188637904,0.3076923076923077,-0.043252091778141405,0.024542559168011957,-0.030357139855921113,-0.006135662126149253,0.015384615384615385
H04,"H04|A=900;r=0.8|XT60",XT60,66,L10,64,18,-0.012291078114327211,-0.022511833299693827,0.359375,-0.054712648773826894,0.024964719449328373,-0.036545864507627,-0.013409893618494814,0
H04,"H04|A=900;r=0.8|XT300",XT300,66,KILL,65,18,-0.054384393703930306,-0.019371145714143573,0.4,-0.13806001429373374,0.019405623412377334,-0.10174142833511393,-0.05440846528213526,0.015384615384615385
H04,"H04|A=900;r=0.8|XT300",XT300,66,PRIMARY,65,18,-0.05057253535262461,-0.012448137172437862,0.4307692307692308,-0.1336315559152254,0.02404969982917883,-0.09765050202865075,-0.05278363764322005,0.015384615384615385
H04,"H04|A=900;r=0.8|XT300",XT300,66,NOINS,65,18,-0.053152389983128004,-0.01463160180884712,0.4307692307692308,-0.13595031715655817,0.02117392872492024,-0.10021142444819495,-0.05535662064332273,0.015384615384615385
H04,"H04|A=900;r=0.8|XT300",XT300,66,L10,64,18,-0.07203934079721347,-0.018567812654284033,0.421875,-0.15079865937779924,-0.0015065209481475237,-0.11403097813074628,-0.07331927524302716,0
H04,"H04|A=900;r=0.8|XT1800",XT1800,66,KILL,65,18,0.021379742638424553,-0.006475319635839013,0.47692307692307695,-0.1911225047807205,0.2591979780032006,-0.11582003812972476,0.02128497436525306,0.046153846153846156
H04,"H04|A=900;r=0.8|XT1800",XT1800,66,PRIMARY,65,18,0.02905818788465587,0.0013149892612756605,0.5076923076923077,-0.18274091631693434,0.2664079155226928,-0.10858686727604144,0.02588185205648484,0.046153846153846156
H04,"H04|A=900;r=0.8|XT1800",XT1800,66,NOINS,65,18,0.02743998077999881,-0.002112092303081764,0.47692307692307695,-0.18395169038494508,0.2644220914029267,-0.11023335692058554,0.02426726670377483,0.046153846153846156
H04,"H04|A=900;r=0.8|XT1800",XT1800,66,L10,64,18,0.005553369146312997,-0.0006988588864598566,0.5,-0.20727188701621724,0.24277593389894858,-0.133477097182616,0.0037548713453719267,0.03125
H04,"H04|A=900;r=0.8|XB",XB,66,KILL,65,18,0.05439162036323856,0.02442956071837222,0.5384615384615384,-0.04983588213628483,0.166643966995291,0.02604377864357159,0.054369192390688846,0
H04,"H04|A=900;r=0.8|XB",XB,66,PRIMARY,65,18,0.02196715186408856,0.05077622496378802,0.5538461538461539,-0.08700294666787835,0.1395171833519836,-0.012583209738154298,0.019783438102075567,0.015384615384615385
H04,"H04|A=900;r=0.8|XB",XB,66,NOINS,65,18,0.020016921223630618,0.04764171619799211,0.5230769230769231,-0.08885784388841089,0.1376593755772033,-0.014458656565291902,0.017835476924785442,0.015384615384615385
H04,"H04|A=900;r=0.8|XB",XB,66,L10,64,18,-0.03221930848732657,0.01673712370205984,0.53125,-0.1513202962066741,0.09877776143312021,-0.062273859752869566,-0.033737687322892236,0
H04,"H04|A=900;r=0.8|XR",XR,66,KILL,65,18,0.13587566183349742,-0.005362937167305109,0.49230769230769234,-0.05176591413929943,0.3523680840527557,0.006476290140823984,0.13581678731577418,0.046153846153846156
H04,"H04|A=900;r=0.8|XR",XR,66,PRIMARY,65,18,0.037341229244309,-0.0028881328371023218,0.49230769230769234,-0.16392382997284502,0.26631016761272547,-0.09775595383273358,0.03467748156563086,0.046153846153846156
H04,"H04|A=900;r=0.8|XR",XR,66,NOINS,65,18,0.03552499246699446,-0.004172131572615313,0.46153846153846156,-0.16556279789522454,0.26432700929887,-0.09961021683537914,0.032863706210908304,0.046153846153846156
H04,"H04|A=900;r=0.8|XR",XR,66,L10,64,18,0.005394234246951995,-0.01135379120752274,0.484375,-0.19959967517876323,0.23411816159986173,-0.13364405838850285,0.0038719741189244825,0.03125
H04,"H04|A=900;r=0.8|XG",XG,66,KILL,65,18,0.1062372742756342,-0.30052768955934894,0.38461538461538464,-0.08158103826179487,0.3139948016720938,-0.05677920400048789,0.10618007300163756,0.015384615384615385
H04,"H04|A=900;r=0.8|XG",XG,66,PRIMARY,65,18,0.028026556123771633,-0.25676910244243545,0.38461538461538464,-0.1823942782529667,0.25723464388524936,-0.14616954857882128,0.025638043867186832,0.06153846153846154
H04,"H04|A=900;r=0.8|XG",XG,66,NOINS,65,18,0.02654360825474748,-0.25913211128315267,0.38461538461538464,-0.18370174719135876,0.25552580282071574,-0.14766595336474156,0.02415456664057547,0.06153846153846154
H04,"H04|A=900;r=0.8|XG",XG,66,L10,64,18,0.004681465388907248,-0.26903061285650065,0.375,-0.21378482108040045,0.23506338622262243,-0.17325164771213947,0.002654283851863313,0.046875
H05,"H05|P=0.7;Tfast=120|XG",XG,2761,KILL,2725,21,-0.045563328350354204,-0.3002161385005721,0.35853211009174313,-0.06415114306040906,-0.026257067136725595,-0.046265348241556384,-0.036403285179684185,0.20697247706422017
H05,"H05|P=0.7;Tfast=120|XG",XG,2761,PRIMARY,2024,21,-0.1423183081637006,-0.28273250030829666,0.32806324110671936,-0.17488813134421544,-0.10762958851098993,-0.14593602120049742,-0.13931915526215746,0.15711462450592886
H05,"H05|P=0.7;Tfast=120|XG",XG,2761,NOINS,2024,21,-0.14217444924594286,-0.28284128160001265,0.32707509881422925,-0.1742119697538465,-0.10797870133798858,-0.14579194873659748,-0.13918940839701605,0.1492094861660079
H05,"H05|P=0.7;Tfast=120|XG",XG,2761,L10,1851,21,-0.1480076484796751,-0.2511023378517766,0.3095623987034036,-0.1794677731776479,-0.11277317236996648,-0.15911889219128036,-0.1505793070303558,0.17450027012425715
H05,"H05|P=0.7;Tfast=120|XT300",XT300,2761,KILL,2725,21,-0.11730714241572858,-0.037153763494353516,0.42385321100917434,-0.15205879952643042,-0.09157822351565859,-0.11808872713605648,-0.11228505429028483,0.45871559633027525
H05,"H05|P=0.7;Tfast=120|XT300",XT300,2761,PRIMARY,2024,21,-0.17967216233698807,-0.1865771155154577,0.399703557312253,-0.2148157345041717,-0.14197178071618918,-0.1835387459976971,-0.1741044663756142,0.29298418972332013
H05,"H05|P=0.7;Tfast=120|XT300",XT300,2761,NOINS,2024,21,-0.18048307810674893,-0.18934874672381166,0.3987154150197628,-0.21574857902768096,-0.14237333512254194,-0.18435086549118704,-0.17504423026516505,0.29199604743083
H05,"H05|P=0.7;Tfast=120|XT300",XT300,2761,L10,1851,21,-0.17564192742506388,-0.20410738108936163,0.3727714748784441,-0.206301841338061,-0.1434676343521191,-0.18682093815897677,-0.17923299285364305,0.24365207995678012
H05,"H05|P=0.7;Tfast=120|XB",XB,2761,KILL,2725,21,-0.04693713760234644,-0.30068269240336304,0.3456880733944954,-0.06696360463251089,-0.02666487874913358,-0.04764067161101954,-0.03785487827797228,0.28660550458715595
H05,"H05|P=0.7;Tfast=120|XB",XB,2761,PRIMARY,2024,21,-0.13479413429040035,-0.2783573130524778,0.3359683794466403,-0.16575721346049124,-0.1026512710298549,-0.1368818181983494,-0.13330246729230774,0.1976284584980237
H05,"H05|P=0.7;Tfast=120|XB",XB,2761,NOINS,2024,21,-0.13496538748084277,-0.2787174257826517,0.3359683794466403,-0.1653765984417168,-0.1031883995951691,-0.13705275196834626,-0.13347249347381268,0.1941699604743083
H05,"H05|P=0.7;Tfast=120|XB",XB,2761,L10,1851,21,-0.14140601491632118,-0.23970293848815974,0.33279308481901676,-0.17140828199865846,-0.11020510879288803,-0.14588362328210047,-0.14360687713095113,0.19070772555375473
H05,"H05|P=0.7;Tfast=600|XG",XG,3973,KILL,3926,21,-0.0546986800762466,-0.30214344720139874,0.3469179826795721,-0.06748751883800999,-0.04140081647674724,-0.05519276730516055,-0.04881646139035711,0.16097809475292918
H05,"H05|P=0.7;Tfast=600|XG",XG,3973,PRIMARY,3211,21,-0.15876113685988744,-0.29791417372292645,0.32668950482715664,-0.18234321929661337,-0.13322141913374275,-0.16105562767455553,-0.1565866767179822,0.12955465587044535
H05,"H05|P=0.7;Tfast=600|XG",XG,3973,NOINS,3211,21,-0.15873700108901842,-0.29807780858514143,0.3260666459047026,-0.18204233369934977,-0.1334308836492868,-0.1610314693328273,-0.15657285532820542,0.12363749610713173
H05,"H05|P=0.7;Tfast=600|XG",XG,3973,L10,3014,21,-0.1652711407016238,-0.27140790275454574,0.3115461181154612,-0.19149248319700385,-0.13727278657517245,-0.1721078623408502,-0.16718261006455737,0.15295288652952888
H05,"H05|P=0.7;Tfast=600|XT300",XT300,3973,KILL,3926,21,-0.13433818584904045,-0.06851006417591166,0.41696383087111566,-0.15765635387197638,-0.11535888218138624,-0.1348935362444193,-0.13158831596271514,0.3708609271523179
H05,"H05|P=0.7;Tfast=600|XT300",XT300,3973,PRIMARY,3211,21,-0.17473822346607745,-0.14717885938283223,0.40049828713796326,-0.19838058322791563,-0.149829348254112,-0.17716950892794808,-0.17063888674767377,0.24540641544690128
H05,"H05|P=0.7;Tfast=600|XT300",XT300,3973,NOINS,3211,21,-0.17536025690489881,-0.1480555874420934,0.39956399875428217,-0.19916478531593898,-0.15021010966575,-0.17779212406211295,-0.17133864141271488,0.2444721270632202
H05,"H05|P=0.7;Tfast=600|XT300",XT300,3973,L10,3014,21,-0.17356512407698255,-0.15269156614581514,0.38155275381552756,-0.1982685922099525,-0.14917818274522754,-0.18042416805779468,-0.17531122293241633,0.21201061712010616
H05,"H05|P=0.7;Tfast=600|XB",XB,3973,KILL,3926,21,-0.05693049624102068,-0.3027166688458497,0.3321446765155374,-0.07140382971237207,-0.042597901640262885,-0.05742629018634903,-0.051134436518555905,0.22898624554253694
H05,"H05|P=0.7;Tfast=600|XB",XB,3973,PRIMARY,3211,21,-0.15166481607306365,-0.2953951483485522,0.330115228900654,-0.175500332014917,-0.12629899365406827,-0.15299580772621593,-0.15093269909712845,0.17720336343818124
H05,"H05|P=0.7;Tfast=600|XB",XB,3973,NOINS,3211,21,-0.1521570298802443,-0.2952809281749882,0.32980379943942695,-0.1758598715398381,-0.12693724710060864,-0.15348812045270077,-0.1515019241113783,0.17440049828713797
H05,"H05|P=0.7;Tfast=600|XB",XB,3973,L10,3014,21,-0.15912868400389246,-0.26109005948714636,0.32514930325149305,-0.18405737681007903,-0.13478759369180085,-0.1618944722029027,-0.16210629870674476,0.1798274717982747
H05,"H05|P=0.85;Tfast=120|XG",XG,1402,KILL,1390,21,-0.04295001349004823,0.02872328739863688,0.5230215827338129,-0.05694280684333487,-0.01884292120111394,-0.043515302452865716,-0.023576729072542477,0.360431654676259
H05,"H05|P=0.85;Tfast=120|XG",XG,1402,PRIMARY,727,21,-0.10279800945070935,-0.004268415077825284,0.49105914718019256,-0.14258914134941894,-0.06765234055787574,-0.1113777927019673,-0.10161316663721268,0.2517193947730399
H05,"H05|P=0.85;Tfast=120|XG",XG,1402,NOINS,727,21,-0.1042458595673948,-0.00764991868523213,0.48830811554332876,-0.14395114413354732,-0.0686048922932047,-0.11283140141188723,-0.10291036447192645,0.22420907840440166
H05,"H05|P=0.85;Tfast=120|XG",XG,1402,L10,622,21,-0.08960402722940808,-0.05416615931541748,0.43569131832797425,-0.1358249021531914,-0.04403000969639194,-0.13043600872657352,-0.11588243318450805,0.3086816720257235
H05,"H05|P=0.85;Tfast=120|XT300",XT300,1402,KILL,1390,21,-0.09106014442713153,0.05315336550420377,0.5316546762589928,-0.1279915945222725,-0.06428589877989538,-0.0917308391953863,-0.0775524395002595,0.7683453237410072
H05,"H05|P=0.85;Tfast=120|XT300",XT300,1402,PRIMARY,727,21,-0.1476393819234371,0.08821587510614824,0.562585969738652,-0.1996689044981225,-0.09843323569617285,-0.156547929503841,-0.14631665060528004,0.5584594222833562
H05,"H05|P=0.85;Tfast=120|XT300",XT300,1402,NOINS,727,21,-0.1496445490294644,0.08797139288490459,0.5612104539202201,-0.20177279527941624,-0.09935590947531314,-0.15856140528604917,-0.14795380482048998,0.5570839064649243
H05,"H05|P=0.85;Tfast=120|XT300",XT300,1402,L10,622,21,-0.1284828811637056,0.026715829505565468,0.5096463022508039,-0.18588780748034406,-0.0788382337257574,-0.16160052555387,-0.15005613478794655,0.4903536977491961
H05,"H05|P=0.85;Tfast=120|XB",XB,1402,KILL,1390,21,-0.05414113906856669,-0.017442410825332072,0.4676258992805755,-0.07156712639480246,-0.02902644376501974,-0.05473192098073422,-0.03613268509211816,0.7107913669064748
H05,"H05|P=0.85;Tfast=120|XB",XB,1402,PRIMARY,727,21,-0.1263522176424704,-0.027297713658146965,0.4814305364511692,-0.17266317732261938,-0.08350926733163737,-0.1346852640971433,-0.12438708235118956,0.4828060522696011
H05,"H05|P=0.85;Tfast=120|XB",XB,1402,NOINS,727,21,-0.12724583270357573,-0.03492409440002865,0.4786795048143054,-0.17362668052985436,-0.08402125165493694,-0.1355825819830877,-0.12515018094597963,0.48005502063273725
H05,"H05|P=0.85;Tfast=120|XB",XB,1402,L10,622,21,-0.12532306462801193,-0.06244007689683346,0.4646302250803859,-0.18069353464532842,-0.079484931579704,-0.13560890261579206,-0.12780070071576727,0.4292604501607717
H05,"H05|P=0.85;Tfast=600|XG",XG,2306,KILL,2284,21,-0.053440133446163385,0.05839312969504005,0.5385288966725044,-0.06266776266637278,-0.04027248944602716,-0.053798164812732543,-0.04292550928029192,0.2504378283712785
H05,"H05|P=0.85;Tfast=600|XG",XG,2306,PRIMARY,1597,21,-0.11083607415857032,0.015222495074452233,0.5178459611772073,-0.13369396769877126,-0.08700190328988895,-0.11474816780225566,-0.11071260924049893,0.19348778960551033
H05,"H05|P=0.85;Tfast=600|XG",XG,2306,NOINS,1597,21,-0.11171466102550161,0.013604806500609763,0.5159674389480275,-0.13416843190519862,-0.087897061623382,-0.11562829885472772,-0.11150211545499636,0.1759549154664997
H05,"H05|P=0.85;Tfast=600|XG",XG,2306,L10,1450,21,-0.11341009081801381,-0.026841675375764065,0.47172413793103446,-0.13891732015046865,-0.08486871720851169,-0.13092661793446958,-0.12075464568185279,0.26620689655172414
H05,"H05|P=0.85;Tfast=600|XT300",XT300,2306,KILL,2284,21,-0.11698381991362906,0.050488080587534734,0.5262697022767076,-0.14399274294735398,-0.09697751365481545,-0.11742589842748423,-0.11098749530111468,0.6532399299474606
H05,"H05|P=0.85;Tfast=600|XT300",XT300,2306,PRIMARY,1597,21,-0.1454713141479235,0.06256139957037384,0.5428929242329368,-0.1760338629546009,-0.1127988432873038,-0.14953264647354156,-0.14507987787471271,0.5046963055729493
H05,"H05|P=0.85;Tfast=600|XT300",XT300,2306,NOINS,1597,21,-0.14672981423021278,0.05867744621415326,0.5410144020037571,-0.17746619903877878,-0.11373694891920072,-0.15079351511322361,-0.1461758954475603,0.5021916092673764
H05,"H05|P=0.85;Tfast=600|XT300",XT300,2306,L10,1450,21,-0.13887840393079803,0.024413966845477714,0.516551724137931,-0.1692388692177085,-0.1091941903599885,-0.1530670759735157,-0.14422080849179228,0.46206896551724136
H05,"H05|P=0.85;Tfast=600|XB",XB,2306,KILL,2284,21,-0.06593795101571272,-0.018832058106561862,0.47373029772329245,-0.07629272339018543,-0.05213080204083652,-0.06631285461051649,-0.05631509408585363,0.6212784588441331
H05,"H05|P=0.85;Tfast=600|XB",XB,2306,PRIMARY,1597,21,-0.12920848560656545,-0.06244007689683346,0.48465873512836566,-0.156547573106108,-0.0985896837854094,-0.1329987581517822,-0.1285730840032346,0.482780212899186
H05,"H05|P=0.85;Tfast=600|XB",XB,2306,NOINS,1597,21,-0.130553670375043,-0.07265916379903313,0.48215403882279273,-0.15806768742747382,-0.10047135456389782,-0.13434647463563246,-0.1299507058477394,0.480275516593613
H05,"H05|P=0.85;Tfast=600|XB",XB,2306,L10,1450,21,-0.13635448639762376,-0.09013906263647571,0.4703448275862069,-0.1641835942696217,-0.10872336892232484,-0.14077744975612008,-0.13400262874008337,0.4496551724137931
H06,"H06|k=2;D=60|XT60",XT60,8982,KILL,8904,18,0.017025517078385375,-0.06389288095119645,0.41475741239892183,0.004990188625468664,0.027816054951052188,0.014935493526087508,0.017025419324944526,0.004380053908355795
H06,"H06|k=2;D=60|XT60",XT60,8982,PRIMARY,7740,18,-0.01991478263345448,-0.07130747239070526,0.3866925064599483,-0.030140423546295002,-0.010813174287615607,-0.022393168760629217,-0.019809271879332385,0.002583979328165375
H06,"H06|k=2;D=60|XT60",XT60,8982,NOINS,7740,18,-0.02225450866132175,-0.07400355512433526,0.38372093023255816,-0.03239386859031441,-0.013153244696247438,-0.02473237536252135,-0.022157527450168028,0.002583979328165375
H06,"H06|k=2;D=60|XT60",XT60,8982,L10,6986,18,-0.04523454656942784,-0.06534614656979149,0.3388204981391354,-0.051354299929931214,-0.0380353627369325,-0.04755226081239878,-0.04497815872227584,0.002004008016032064
H06,"H06|k=2;D=60|XT300",XT300,8982,KILL,8904,18,-0.05107654713515718,-0.28304632605343016,0.27324797843665766,-0.07092251688938234,-0.031235037554591994,-0.054563828823153124,-0.05107410466433286,0.018980233602875114
H06,"H06|k=2;D=60|XT300",XT300,8982,PRIMARY,7740,18,-0.08694124603314746,-0.27889814787924216,0.2565891472868217,-0.10293666769146863,-0.07349576684085485,-0.09065331463479359,-0.08915150028144174,0.01640826873385013
H06,"H06|k=2;D=60|XT300",XT300,8982,NOINS,7740,18,-0.08841090283274589,-0.2811143491146754,0.25555555555555554,-0.10436806942475302,-0.07497539211207224,-0.09212329411301197,-0.09061181124691886,0.01640826873385013
H06,"H06|k=2;D=60|XT300",XT300,8982,L10,6986,18,-0.09000632742587718,-0.2133494060049408,0.23661608932150013,-0.09919944987570788,-0.07875546946574126,-0.09381228531802978,-0.09397579879743287,0.013455482393358144
H06,"H06|k=2;D=60|XT1800",XT1800,8982,KILL,8904,18,-0.1257518883943481,-0.40239575887426493,0.14420485175202155,-0.1561392714520062,-0.09714293333574316,-0.12997610981354626,-0.12574129887927496,0.050988319856244385
H06,"H06|k=2;D=60|XT1800",XT1800,8982,PRIMARY,7740,18,-0.15235387526254682,-0.39337962200400345,0.1359173126614987,-0.18231235526907488,-0.12597890804094913,-0.15711321020588126,-0.1541197185599126,0.04677002583979328
H06,"H06|k=2;D=60|XT1800",XT1800,8982,NOINS,7740,18,-0.15350874240300674,-0.3945045353687293,0.13540051679586562,-0.18339606964769212,-0.12716862815666832,-0.15826852513369663,-0.15525892757518744,0.04677002583979328
H06,"H06|k=2;D=60|XT1800",XT1800,8982,L10,6986,18,-0.15553099065265297,-0.3397874211999915,0.12610936158030348,-0.17472508584061128,-0.13374676831992244,-0.16065335942281225,-0.15992162857494255,0.04022330375035786
H06,"H06|k=2;D=60|XB",XB,8982,KILL,8904,18,0.010053607429406735,-0.28901304910203474,0.3758984725965858,-0.00008349095403674602,0.022980740530081516,0.008459921777949207,0.010054324605855638,0.0005615453728661276
H06,"H06|k=2;D=60|XB",XB,8982,PRIMARY,7740,18,-0.03641998063625875,-0.24768805109640446,0.3281653746770026,-0.04846201409166952,-0.023695203428078213,-0.0384195323748541,-0.03658642881956901,0.0012919896640826874
H06,"H06|k=2;D=60|XB",XB,8982,NOINS,7740,18,-0.03906925947141361,-0.25053859390519584,0.32545219638242895,-0.05094120683712729,-0.02640760502189047,-0.041065256507198354,-0.039253839856473946,0.0012919896640826874
H06,"H06|k=2;D=60|XB",XB,8982,L10,6986,18,-0.052349756084115816,-0.19566335040614857,0.2828514171199542,-0.0656331026821401,-0.03890167345378067,-0.05502294207167266,-0.05357920377399759,0.00214715144574864
H06,"H06|k=2;D=60|XR",XR,8982,KILL,8904,18,0.019948740610644902,-0.1721208443092336,0.2941374663072776,0.005178334437178553,0.03727654294584698,0.015886471664178718,0.01995196644665342,0.01830637915543576
H06,"H06|k=2;D=60|XR",XR,8982,PRIMARY,7740,18,-0.07387118291154673,-0.22662495350551848,0.2227390180878553,-0.09452932612301684,-0.05481275732550197,-0.07860008641155064,-0.07434600676379953,0.01757105943152455
H06,"H06|k=2;D=60|XR",XR,8982,NOINS,7740,18,-0.07592019055153756,-0.22879041758582208,0.2210594315245478,-0.09647218500433451,-0.05700657391815982,-0.08064988853936013,-0.0764006118367462,0.01757105943152455
H06,"H06|k=2;D=60|XR",XR,8982,L10,6986,18,-0.09049155962947109,-0.20835249551863635,0.1979673632980246,-0.11073922107218921,-0.06931711457810942,-0.09545518298695073,-0.0942071882775986,0.01674778127683939
H06,"H06|k=2;D=60|XG",XG,8982,KILL,8904,18,-0.05071370232516824,-0.30706375802198893,0.09478885893980234,-0.07973256239970193,-0.022880097876452826,-0.054691536787764526,-0.050716280084189026,0.008647798742138365
H06,"H06|k=2;D=60|XG",XG,8982,PRIMARY,7740,18,-0.10606346663311358,-0.3094215958439679,0.0934108527131783,-0.1348216023212936,-0.07928191071751382,-0.11065392660841428,-0.10719100857236573,0.01317829457364341
H06,"H06|k=2;D=60|XG",XG,8982,NOINS,7740,18,-0.10759022632861526,-0.3096595688756546,0.09289405684754522,-0.13698744320556372,-0.08064703541524297,-0.1121807565467537,-0.10877498944796149,0.012919896640826873
H06,"H06|k=2;D=60|XG",XG,8982,L10,6986,18,-0.12379634336116628,-0.2887016161903914,0.09433152018322359,-0.1426268161514117,-0.10315393755470378,-0.12877935507318844,-0.1275322001104182,0.01646149441740624
H06,"H06|k=2;D=600|XT60",XT60,10273,KILL,10177,18,0.015998196712645827,-0.05045051489975623,0.4142674658543775,0.006048527144533422,0.024024320989409806,0.014169379964060877,0.015997808633412144,0.004126952933084406
H06,"H06|k=2;D=600|XT60",XT60,10273,PRIMARY,8947,18,-0.019433247325912024,-0.05749628492605207,0.3850452665697999,-0.028036127546767986,-0.011867391830229466,-0.021577011733338917,-0.019261154614234798,0.002570694087403599
H06,"H06|k=2;D=600|XT60",XT60,10273,NOINS,8947,18,-0.02190338410048975,-0.060792554105958345,0.3811333407846205,-0.030477913061212183,-0.014361612251265927,-0.024046742921318864,-0.021740557501854777,0.002570694087403599
H06,"H06|k=2;D=600|XT60",XT60,10273,L10,8132,18,-0.04178831640191307,-0.05740255329863048,0.34087555336940484,-0.04620189717557744,-0.03666909338188714,-0.043778014995610084,-0.0413741462802195,0.002090506640432858
H06,"H06|k=2;D=600|XT300",XT300,10273,KILL,10177,18,-0.048766531556421196,-0.25555196258892593,0.28082932101798175,-0.06721244110427223,-0.0298395484114648,-0.05181679342570706,-0.04876624595431139,0.018767809767121942
H06,"H06|k=2;D=600|XT300",XT300,10273,PRIMARY,8947,18,-0.08353351843497055,-0.25460042141318945,0.26377556722923884,-0.09756728309132562,-0.07055387994124569,-0.08674349736924408,-0.08528720654849099,0.016430088297753435
H06,"H06|k=2;D=600|XT300",XT300,10273,NOINS,8947,18,-0.08509545642208532,-0.25661731604865906,0.26288141276405497,-0.09910598362173534,-0.07214529268035487,-0.08830574544223145,-0.08684129024798425,0.016430088297753435
H06,"H06|k=2;D=600|XT300",XT300,10273,L10,8132,18,-0.08657696541908581,-0.19604862807985374,0.24434333497294639,-0.09643227620185096,-0.07420232807566857,-0.08984510613441113,-0.08985457552807594,0.013280865715691098
H06,"H06|k=2;D=600|XT1800",XT1800,10273,KILL,10177,18,-0.12428636569827654,-0.3927213874553394,0.15132160754642823,-0.14948990536569604,-0.09868108077456764,-0.12798160830533392,-0.12428231892554623,0.05247125872064459
H06,"H06|k=2;D=600|XT1800",XT1800,10273,PRIMARY,8947,18,-0.14975422902516397,-0.3856589926796619,0.14373533027830557,-0.1739180320673584,-0.12575373834110257,-0.153870415912225,-0.1509237150360795,0.049066726276964345
H06,"H06|k=2;D=600|XT1800",XT1800,10273,NOINS,8947,18,-0.15094533925317638,-0.38665094535746075,0.14306471442941768,-0.17506618465944843,-0.12696149062656445,-0.15506192565499854,-0.15210017842445558,0.049066726276964345
H06,"H06|k=2;D=600|XT1800",XT1800,10273,L10,8132,18,-0.15091583397665637,-0.33563639467130907,0.1339153959665519,-0.1694031620738706,-0.1307896844702578,-0.15531436462642806,-0.154981366426215,0.042424987702902116
H06,"H06|k=2;D=600|XB",XB,10273,KILL,10177,18,0.009397039871909726,-0.2787892741654644,0.37309619730765453,0.000047715535390069436,0.021069609687541842,0.008002567129006455,0.009396783464164601,0.0004913039206052865
H06,"H06|k=2;D=600|XB",XB,10273,PRIMARY,8947,18,-0.035139155944310066,-0.2450436820110223,0.326925226332849,-0.0453164707734413,-0.024327762876651025,-0.03705902063106173,-0.035161082544149,0.0015647703140717558
H06,"H06|k=2;D=600|XB",XB,10273,NOINS,8947,18,-0.03779764793220879,-0.24803211912488424,0.32413099362914943,-0.047901823237244255,-0.02706921012339512,-0.03971425429122293,-0.03783361567470088,0.0015647703140717558
H06,"H06|k=2;D=600|XB",XB,10273,L10,8132,18,-0.05097303783346171,-0.19614470638193682,0.2851696999508116,-0.06117655257544567,-0.04060368716005569,-0.05332990699011193,-0.05229952127453677,0.0025823905558288243
H06,"H06|k=2;D=600|XR",XR,10273,KILL,10177,18,0.019361369441522523,-0.16895684791801402,0.29438930922668766,0.005316746242249282,0.03411064325998935,0.015807210014944683,0.01936384803786332,0.0195538960400904
H06,"H06|k=2;D=600|XR",XR,10273,PRIMARY,8947,18,-0.07145330720431001,-0.22231554217346003,0.22677992623225662,-0.09030442555978618,-0.05245329103180296,-0.07554323036535714,-0.07164682609057788,0.01911255169330502
H06,"H06|k=2;D=600|XR",XR,10273,NOINS,8947,18,-0.07348289916747806,-0.22416052421702,0.22487984799374092,-0.0922029673064515,-0.05463721446979972,-0.07757350308716002,-0.07368957113877923,0.01911255169330502
H06,"H06|k=2;D=600|XR",XR,10273,L10,8132,18,-0.08522685460728549,-0.20429209295524964,0.2031480570585342,-0.10218307537320191,-0.06637091919693018,-0.08948877954149863,-0.0884073324749296,0.01819970486965076
H06,"H06|k=2;D=600|XG",XG,10273,KILL,10177,18,-0.05580273790807613,-0.30663452564549026,0.09904687039402574,-0.08203424946199521,-0.029438544962758627,-0.059284354937593924,-0.0558059769401186,0.007762601945563526
H06,"H06|k=2;D=600|XG",XG,10273,PRIMARY,8947,18,-0.10984903986228872,-0.30812989109726785,0.09802168324578071,-0.13480534835233773,-0.0837561048224956,-0.11382128332702242,-0.11074976250204488,0.012629931820722029
H06,"H06|k=2;D=600|XG",XG,10273,NOINS,8947,18,-0.1113673119296617,-0.3084085047591832,0.09757460601318878,-0.1365306273915956,-0.08504326457399268,-0.11533961331098326,-0.11231459348006559,0.012406393204426065
H06,"H06|k=2;D=600|XG",XG,10273,L10,8132,18,-0.121306258555171,-0.28847131994162356,0.09874569601574029,-0.1380298798798189,-0.10274908451852209,-0.12558586250776568,-0.1254737707710343,0.016109198229217903
H06,"H06|k=3;D=60|XT60",XT60,4057,KILL,4016,18,0.008216650329007853,-0.06610562161086513,0.42554780876494025,-0.006624317788759541,0.020717526718081296,0.0051024801535914715,0.008226747219903364,0.005727091633466136
H06,"H06|k=3;D=60|XT60",XT60,4057,PRIMARY,3560,17,-0.021241610135675913,-0.07217235741882985,0.4053370786516854,-0.03699265725418384,-0.009845177956104473,-0.025164939816158836,-0.02154032426002581,0.003932584269662922
H06,"H06|k=3;D=60|XT60",XT60,4057,NOINS,3560,17,-0.023187883159174798,-0.07501884834177266,0.40337078651685393,-0.03893091834881762,-0.011809126558969856,-0.027112542124187376,-0.02349611002555738,0.003932584269662922
H06,"H06|k=3;D=60|XT60",XT60,4057,L10,3191,17,-0.05263102462301234,-0.0751087393226879,0.35944844876214355,-0.0648357542382985,-0.03658665587726306,-0.057897926507673815,-0.05231827868140546,0.003760576621748668
H06,"H06|k=3;D=60|XT300",XT300,4057,KILL,4016,18,-0.06427595926377991,-0.30341239056085545,0.28386454183266935,-0.09535811244157044,-0.031471066212276265,-0.07031149361025248,-0.0642680904073933,0.024153386454183266
H06,"H06|k=3;D=60|XT300",XT300,4057,PRIMARY,3560,17,-0.09181634850552865,-0.29937154816909006,0.2693820224719101,-0.12102422372260344,-0.06391827075459576,-0.09816224624616178,-0.09388313847432751,0.020786516853932586
H06,"H06|k=3;D=60|XT300",XT300,4057,NOINS,3560,17,-0.09287905284040675,-0.3015678926078169,0.2688202247191011,-0.1220557934821121,-0.06493586088132978,-0.09922510258728018,-0.09493775573613356,0.020786516853932586
H06,"H06|k=3;D=60|XT300",XT300,4057,L10,3191,17,-0.09415011754246848,-0.2453276478757021,0.24945158257599498,-0.12546867792141064,-0.05531409044929943,-0.102336221417306,-0.09526509795619773,0.018176120338451895
H06,"H06|k=3;D=60|XT1800",XT1800,4057,KILL,4016,18,-0.1519341681873339,-0.4580642803840605,0.15587649402390438,-0.20843378212521346,-0.1012856449986772,-0.16020886168735402,-0.15193853684339,0.06274900398406374
H06,"H06|k=3;D=60|XT1800",XT1800,4057,PRIMARY,3560,17,-0.16651086432631323,-0.44768197206259686,0.14971910112359552,-0.21820773502445123,-0.12038678131655701,-0.1758288653464095,-0.16993891773312458,0.05786516853932584
H06,"H06|k=3;D=60|XT1800",XT1800,4057,NOINS,3560,17,-0.16731394264652752,-0.44861196153716654,0.14971910112359552,-0.21895697350345236,-0.121230602551644,-0.1766326209358317,-0.17072911728957574,0.05786516853932584
H06,"H06|k=3;D=60|XT1800",XT1800,4057,L10,3191,17,-0.1675659410047112,-0.40777059729935716,0.13632090253838922,-0.22335473971219208,-0.10718748062425318,-0.17701723759379362,-0.1707571383568622,0.052961454089627075
H06,"H06|k=3;D=60|XB",XB,4057,KILL,4016,18,0.002865636111010681,-0.3014731754639073,0.3794820717131474,-0.009620688109370246,0.018991828368808306,0.0019844771307481837,0.0028717112408708683,0.001245019920318725
H06,"H06|k=3;D=60|XB",XB,4057,PRIMARY,3560,17,-0.036741859747138984,-0.25929503337540133,0.35,-0.054338763284640185,-0.025793283464746772,-0.03843280894879415,-0.03711446602370768,0.0028089887640449437
H06,"H06|k=3;D=60|XB",XB,4057,NOINS,3560,17,-0.03911254865090938,-0.2615078081880553,0.34775280898876404,-0.056194559938657095,-0.028193117434988913,-0.040801767568592356,-0.039510986762338406,0.0028089887640449437
H06,"H06|k=3;D=60|XB",XB,4057,L10,3191,17,-0.05573738658066173,-0.21229486939151648,0.30868066436853653,-0.0693872499991258,-0.037886557620196375,-0.058398923806041,-0.05629622367706982,0.004700720777185835
H06,"H06|k=3;D=60|XR",XR,4057,KILL,4016,18,0.013442699257018837,-0.18444787821501418,0.29233067729083667,-0.001879948125515578,0.03577298466865026,0.0063984192341209785,0.01345381715226879,0.025149402390438245
H06,"H06|k=3;D=60|XR",XR,4057,PRIMARY,3560,17,-0.07387484207091478,-0.23583528018775904,0.24073033707865168,-0.09858329186690008,-0.05071570334379725,-0.08135043701950453,-0.07429654095663078,0.02443820224719101
H06,"H06|k=3;D=60|XR",XR,4057,NOINS,3560,17,-0.07511115598350512,-0.23768011262759214,0.23876404494382023,-0.10006463097004252,-0.05194488942551111,-0.08258697258139742,-0.07557583910484743,0.02443820224719101
H06,"H06|k=3;D=60|XR",XR,4057,L10,3191,17,-0.08482727658747283,-0.22208434827026047,0.2190535882168599,-0.11683302488719467,-0.04544099145988724,-0.09380874681154992,-0.08552277115854208,0.02569727358194923
H06,"H06|k=3;D=60|XG",XG,4057,KILL,4016,18,-0.07886346972151297,-0.3093167404606736,0.09412350597609562,-0.1193837020580864,-0.044270244633817686,-0.08701436827087233,-0.07886257845119592,0.012201195219123506
H06,"H06|k=3;D=60|XG",XG,4057,PRIMARY,3560,17,-0.13176225614194512,-0.3171520848967471,0.09073033707865169,-0.1821697231552813,-0.09242206378876157,-0.14096746910355393,-0.13399034236284585,0.019662921348314606
H06,"H06|k=3;D=60|XG",XG,4057,NOINS,3560,17,-0.13235952730225994,-0.31703270024108676,0.09044943820224718,-0.1828737493232476,-0.09299750717205321,-0.14156509871261433,-0.13457027310012967,0.019662921348314606
H06,"H06|k=3;D=60|XG",XG,4057,L10,3191,17,-0.1409937066569993,-0.30462070392572604,0.09307427138827953,-0.1879553141544476,-0.0950587032804125,-0.1505772096005043,-0.14474437404058385,0.024443748041366342
H06,"H06|k=3;D=600|XT60",XT60,5484,KILL,5430,18,0.010894701740360382,-0.044931065128346784,0.4320441988950276,0.0015092304296097992,0.02105208810376612,0.008576327822354516,0.01089879175903922,0.005156537753222836
H06,"H06|k=3;D=600|XT60",XT60,5484,PRIMARY,4922,18,-0.01681018559857299,-0.05649128758896145,0.4095895977245022,-0.02633849668435349,-0.008622022417920374,-0.01964449936150617,-0.017100740644336934,0.0038602194229987808
H06,"H06|k=3;D=600|XT60",XT60,5484,NOINS,4922,18,-0.019002392525413785,-0.05897683207979809,0.405323039414872,-0.02852869688798865,-0.0108463260946138,-0.021837817503386887,-0.0193059171331417,0.0038602194229987808
H06,"H06|k=3;D=600|XT60",XT60,5484,L10,4449,18,-0.04133123983019531,-0.06202861160472928,0.37019554956169926,-0.05058174387166306,-0.02816839390546752,-0.04510024204655238,-0.04051959735070958,0.0033715441672285905
H06,"H06|k=3;D=600|XT300",XT300,5484,KILL,5430,18,-0.04944977837432043,-0.2657189940798965,0.301841620626151,-0.07402940054494919,-0.023582364619216402,-0.05390456385243533,-0.049443214695457136,0.023572744014732964
H06,"H06|k=3;D=600|XT300",XT300,5484,PRIMARY,4922,18,-0.07205425702644727,-0.2629474026237606,0.2913449817147501,-0.0961184553730632,-0.04967936324106347,-0.07663101490182772,-0.07365803484635261,0.021332791548151157
H06,"H06|k=3;D=600|XT300",XT300,5484,NOINS,4922,18,-0.0732570461207993,-0.2652747383455224,0.2901259650548558,-0.09725188092232043,-0.05081995509617464,-0.07783399934898902,-0.07485700057296059,0.021332791548151157
H06,"H06|k=3;D=600|XT300",XT300,5484,L10,4449,18,-0.07743084110593564,-0.21601672161504573,0.27152169026747586,-0.10178832977707698,-0.0483762150358443,-0.08328939740905658,-0.07719244526993478,0.019779725781074398
H06,"H06|k=3;D=600|XT1800",XT1800,5484,KILL,5430,18,-0.13273844667950743,-0.4391062932192428,0.16795580110497238,-0.17159345214645055,-0.09605949588699139,-0.13884656494946487,-0.1327284358582341,0.06795580110497237
H06,"H06|k=3;D=600|XT1800",XT1800,5484,PRIMARY,4922,18,-0.1479500984246195,-0.4330314023994929,0.1645672490857375,-0.18050495088650023,-0.11866014451097016,-0.15467675980513945,-0.15050947170906248,0.06440471353108493
H06,"H06|k=3;D=600|XT1800",XT1800,5484,NOINS,4922,18,-0.14879291354828408,-0.4337483841232877,0.16436407964242178,-0.18129174382957974,-0.11946761519905559,-0.1555200889066402,-0.15134206300966765,0.06440471353108493
H06,"H06|k=3;D=600|XT1800",XT1800,5484,L10,4449,18,-0.15162755891128094,-0.39671501436870327,0.15374241402562375,-0.18662138190528743,-0.11185917728427519,-0.15839384734576517,-0.1526658145231464,0.05956394695437177
H06,"H06|k=3;D=600|XB",XB,5484,KILL,5430,18,-0.0011781460534386911,-0.3012922590915875,0.3688766114180479,-0.01324435984736884,0.013793984430818916,-0.001851252710971569,-0.001174198373678836,0.0009208103130755065
H06,"H06|k=3;D=600|XB",XB,5484,PRIMARY,4922,18,-0.04105546756076724,-0.26328476730006467,0.33969930922389274,-0.05430221828571434,-0.03158228654097381,-0.042281398328997084,-0.04167630262999554,0.0020316944331572532
H06,"H06|k=3;D=600|XB",XB,5484,NOINS,4922,18,-0.04357517928925173,-0.2663368548793312,0.3370581064607883,-0.05658926994484764,-0.03385603565863611,-0.04480009585279366,-0.044206658182689124,0.0020316944331572532
H06,"H06|k=3;D=600|XB",XB,5484,L10,4449,18,-0.05714419572454918,-0.22293207615840738,0.30253989660597885,-0.06943290659543054,-0.04134634729673483,-0.05907154031368326,-0.05756275279870163,0.004045853000674309
H06,"H06|k=3;D=600|XR",XR,5484,KILL,5430,18,0.015325915731150967,-0.18197670738751837,0.28802946593001844,0.000263304916046277,0.03452224226731808,0.010118057599132308,0.015336511645284706,0.027992633517495397
H06,"H06|k=3;D=600|XR",XR,5484,PRIMARY,4922,18,-0.06631402438036196,-0.22987067000824954,0.23709874034945144,-0.08206110088010381,-0.05087509292496937,-0.07174354473118835,-0.06683184892616581,0.028037383177570093
H06,"H06|k=3;D=600|XR",XR,5484,NOINS,4922,18,-0.06797508083568325,-0.23235040150786912,0.23506704591629418,-0.08376928601961796,-0.05277229681851303,-0.07340561420753318,-0.06850408559018727,0.02783421373425437
H06,"H06|k=3;D=600|XR",XR,5484,L10,4449,18,-0.07797924565805905,-0.21893499402117014,0.21870083164756124,-0.09960011202359652,-0.050442090418815505,-0.08441477939210457,-0.07786881099397014,0.02922004944931445
H06,"H06|k=3;D=600|XG",XG,5484,KILL,5430,18,-0.06583424862898046,-0.30819697029998505,0.1,-0.09695446055925701,-0.03725246558751971,-0.07185423540165518,-0.06583029401506461,0.010313075506445672
H06,"H06|k=3;D=600|XG",XG,5484,PRIMARY,4922,18,-0.11577834516146687,-0.3148942450842573,0.10016253555465258,-0.1483546800322683,-0.08680322085155767,-0.12242501943906421,-0.11695197795707626,0.01828524989841528
H06,"H06|k=3;D=600|XG",XG,5484,NOINS,4922,18,-0.11636145896684574,-0.31507492935371173,0.09934985778138967,-0.14904289733358134,-0.08735117174902508,-0.12300838380962392,-0.11752361727883584,0.01828524989841528
H06,"H06|k=3;D=600|XG",XG,5484,L10,4449,18,-0.1306056324103295,-0.3038866525087604,0.10092155540570914,-0.16473651368684805,-0.09216134328251686,-0.1375792696561756,-0.13285675917103598,0.024275118004045852
H08,"H08|nMin=3;g=0.05|XT60",XT60,2996,KILL,2971,21,-0.04460151606269288,-0.2473307497139446,0.27835745540222145,-0.08885299494569207,0.007465385040333496,-0.05206684344175354,-0.04380311633284482,0.012453719286435544
H08,"H08|nMin=3;g=0.05|XT60",XT60,2996,PRIMARY,2404,21,-0.07208611077226675,-0.2009511928701365,0.24168053244592347,-0.11058454566507786,-0.029902554033070017,-0.08141236784001368,-0.07512066865885139,0.004575707154742097
H08,"H08|nMin=3;g=0.05|XT60",XT60,2996,NOINS,2404,21,-0.07401939530599833,-0.2037568413380581,0.240432612312812,-0.11240551263406369,-0.0318671617176132,-0.08334788074791598,-0.07703068258064354,0.004575707154742097
H08,"H08|nMin=3;g=0.05|XT60",XT60,2996,L10,2256,21,-0.06311782719812445,-0.10949385566727099,0.20035460992907803,-0.08163649292883915,-0.038748669744041335,-0.0722557472845127,-0.06340134228075503,0.0026595744680851063
H08,"H08|nMin=3;g=0.05|XT300",XT300,2996,KILL,2971,21,-0.06991923654308434,-0.3207164121188001,0.19252776842813868,-0.12538066989701283,-0.00848393063327006,-0.08009406228698016,-0.06918403002286495,0.021204981487714575
H08,"H08|nMin=3;g=0.05|XT300",XT300,2996,PRIMARY,2404,21,-0.09443878826689817,-0.2755527883819167,0.16555740432612312,-0.13594363694721165,-0.048381654533019396,-0.1086879325197716,-0.09798936592893684,0.012895174708818636
H08,"H08|nMin=3;g=0.05|XT300",XT300,2996,NOINS,2404,21,-0.09599402264589178,-0.27859063671170464,0.16555740432612312,-0.13744578531230034,-0.04994755001810586,-0.11024511006302672,-0.09950398013868507,0.012895174708818636
H08,"H08|nMin=3;g=0.05|XT300",XT300,2996,L10,2256,21,-0.09420502189844857,-0.17434435187169434,0.13962765957446807,-0.11617015965263533,-0.06759896594478672,-0.10871837592606054,-0.09658741279927288,0.0062056737588652485
H08,"H08|nMin=3;g=0.05|XT1800",XT1800,2996,KILL,2971,21,-0.1171561428448675,-0.3757765283842795,0.10501514641534837,-0.16670790369779523,-0.05712553275707796,-0.12918545904136966,-0.11650943453951515,0.04745876809155167
H08,"H08|nMin=3;g=0.05|XT1800",XT1800,2996,PRIMARY,2404,21,-0.14569522163255266,-0.3156598774293721,0.09026622296173045,-0.18153922210007825,-0.10385792756996796,-0.1607197878809889,-0.1517988189956891,0.0324459234608985
H08,"H08|nMin=3;g=0.05|XT1800",XT1800,2996,NOINS,2404,21,-0.1471471390800868,-0.317882881610828,0.09026622296173045,-0.1830063276053044,-0.10530513350666267,-0.16217351938309663,-0.15320597945293707,0.0324459234608985
H08,"H08|nMin=3;g=0.05|XT1800",XT1800,2996,L10,2256,21,-0.12901546409859582,-0.22536034728248325,0.07934397163120567,-0.15392099738958762,-0.09909718038255391,-0.14376856748408268,-0.13262830768041675,0.02304964539007092
H08,"H08|nMin=3;g=0.05|XB",XB,2996,KILL,2971,21,-0.05849501384795849,-0.3038174817173275,0.29888926287445305,-0.08901167881727749,-0.021898674757459897,-0.06307253909445439,-0.057722601102422666,0.006058566139347021
H08,"H08|nMin=3;g=0.05|XB",XB,2996,PRIMARY,2404,21,-0.060654850589592746,-0.23583264352820296,0.24792013311148087,-0.08840067378118942,-0.028457753172940494,-0.07121089988259302,-0.06494682222103686,0.0037437603993344427
H08,"H08|nMin=3;g=0.05|XB",XB,2996,NOINS,2404,21,-0.06142055069214887,-0.237827342458384,0.24792013311148087,-0.08925377859307708,-0.028918413839369137,-0.0719656857634117,-0.06570358856020146,0.0037437603993344427
H08,"H08|nMin=3;g=0.05|XB",XB,2996,L10,2256,21,-0.06907038930135621,-0.1602771320032818,0.18085106382978725,-0.09014172755553569,-0.042197851213836436,-0.08069496967357664,-0.07042688355137033,0.0017730496453900709
H08,"H08|nMin=3;g=0.05|XR",XR,2996,KILL,2971,21,-0.06366121632522906,-0.24165069399532363,0.24436216762032986,-0.09698093100217035,-0.01963304856680214,-0.07557769602940864,-0.06291514980358134,0.01413665432514305
H08,"H08|nMin=3;g=0.05|XR",XR,2996,PRIMARY,2404,21,-0.08633290121779454,-0.2113034431909767,0.19550748752079866,-0.11728188132644941,-0.05190572481148652,-0.09927143062154747,-0.09059296295515701,0.007903494176372712
H08,"H08|nMin=3;g=0.05|XR",XR,2996,NOINS,2404,21,-0.08855200791609136,-0.21433724680911936,0.1930116472545757,-0.11937163111710046,-0.0543830440561077,-0.10149331002247992,-0.09279667724337372,0.007903494176372712
H08,"H08|nMin=3;g=0.05|XR",XR,2996,L10,2256,21,-0.08858115168556878,-0.16382413026716158,0.12987588652482268,-0.11275495028161164,-0.058430775381022856,-0.10328041444201005,-0.09171355344187791,0.0070921985815602835
H08,"H08|nMin=3;g=0.05|XG",XG,2996,KILL,2971,21,-0.09349500566896483,-0.31005763892343663,0.061258835408953216,-0.13875260337555256,-0.03664840238330677,-0.10515798630822724,-0.09279756287535451,0.007068327162571525
H08,"H08|nMin=3;g=0.05|XG",XG,2996,PRIMARY,2404,21,-0.13067275236354303,-0.2826284508962834,0.06613976705490848,-0.16099937571339085,-0.09599529236944862,-0.14571892344019466,-0.13495965112216107,0.009151414309484194
H08,"H08|nMin=3;g=0.05|XG",XG,2996,NOINS,2404,21,-0.13140002070164747,-0.2824199100315764,0.06738768718801996,-0.16173065181806362,-0.09665548431908198,-0.14644709965282518,-0.13567800902383234,0.009151414309484194
H08,"H08|nMin=3;g=0.05|XG",XG,2996,L10,2256,21,-0.1154308494788853,-0.21506394032310835,0.05629432624113475,-0.14008197889016297,-0.08627227546580028,-0.129623219812769,-0.11823372219380122,0.008421985815602837
H08,"H08|nMin=3;g=0.15|XT60",XT60,972,KILL,965,21,-0.03314323029850546,-0.20879016964330133,0.3243523316062176,-0.07194917312294302,0.022151070532021918,-0.05257930657859001,-0.030758221096717494,0.025906735751295335
H08,"H08|nMin=3;g=0.15|XT60",XT60,972,PRIMARY,765,21,-0.08896466265281827,-0.18119154016319577,0.2797385620915033,-0.12584487303517425,-0.04023636215075759,-0.1132841679944243,-0.09844870089004493,0.009150326797385621
H08,"H08|nMin=3;g=0.15|XT60",XT60,972,NOINS,765,21,-0.09041715925891503,-0.18427367537320266,0.27712418300653596,-0.12729737900853685,-0.041874270043163915,-0.11472587933480004,-0.09987600639907199,0.009150326797385621
H08,"H08|nMin=3;g=0.15|XT60",XT60,972,L10,722,21,-0.04260766834770653,-0.09148492559157981,0.24930747922437674,-0.07132593784469425,-0.01013625858816714,-0.07115593465936593,-0.03969925530608479,0.006925207756232687
H08,"H08|nMin=3;g=0.15|XT300",XT300,972,KILL,965,21,-0.027767241022254717,-0.3253271734815403,0.24248704663212436,-0.10212633238656234,0.06052280588868941,-0.0558361045527309,-0.02536380972296882,0.039378238341968914
H08,"H08|nMin=3;g=0.15|XT300",XT300,972,PRIMARY,765,21,-0.0751924269017248,-0.28305119624394387,0.21045751633986928,-0.12381555717001153,-0.015007659877228217,-0.11048235374127281,-0.08358718300864516,0.022222222222222223
H08,"H08|nMin=3;g=0.15|XT300",XT300,972,NOINS,765,21,-0.07628674557242697,-0.28393741289073715,0.21045751633986928,-0.12499277699217078,-0.01611896602987947,-0.1115809748932093,-0.08464163848021841,0.022222222222222223
H08,"H08|nMin=3;g=0.15|XT300",XT300,972,L10,722,21,-0.056981650084140835,-0.1633090658894376,0.19667590027700832,-0.09087338119483894,-0.015926840675486192,-0.09428488421602794,-0.05173104709278115,0.013850415512465374
H08,"H08|nMin=3;g=0.15|XT1800",XT1800,972,KILL,965,21,-0.05940556363157275,-0.4213119048803542,0.15233160621761657,-0.15608018224752748,0.05762050937848233,-0.09497629534561731,-0.05714232369876592,0.08393782383419689
H08,"H08|nMin=3;g=0.15|XT1800",XT1800,972,PRIMARY,765,21,-0.1492673345814908,-0.37867154448537577,0.12549019607843137,-0.19700601160625333,-0.08751512242062977,-0.1881392506407658,-0.16144628035789363,0.05751633986928104
H08,"H08|nMin=3;g=0.15|XT1800",XT1800,972,NOINS,765,21,-0.1502564533870356,-0.38074292058951714,0.12549019607843137,-0.1979536767051523,-0.0885158980562468,-0.18913225994211447,-0.16239165246038664,0.05751633986928104
H08,"H08|nMin=3;g=0.15|XT1800",XT1800,972,L10,722,21,-0.09652536973161027,-0.2538530701162647,0.12326869806094183,-0.13975933172318988,-0.04988907204672172,-0.13748949162901222,-0.09264037186586566,0.05124653739612189
H08,"H08|nMin=3;g=0.15|XB",XB,972,KILL,965,21,-0.06747909488391882,-0.30648563753047114,0.30569948186528495,-0.10237433922460597,-0.020597623148747822,-0.07339519888401871,-0.06528989614914525,0.016580310880829015
H08,"H08|nMin=3;g=0.15|XB",XB,972,PRIMARY,765,21,-0.05095893679328384,-0.22919724947848258,0.265359477124183,-0.09576532705711453,0.002113186095699237,-0.0740257023434041,-0.06237953907502607,0.01045751633986928
H08,"H08|nMin=3;g=0.15|XB",XB,972,NOINS,765,21,-0.05173041982810466,-0.23044740531398614,0.2627450980392157,-0.09599015240661252,0.0013599583819177811,-0.07477181285995972,-0.06309159531771251,0.01045751633986928
H08,"H08|nMin=3;g=0.15|XB",XB,972,L10,722,21,-0.05623884619326965,-0.177898100928071,0.2299168975069252,-0.08353363360963585,-0.02250584329153605,-0.08061302333874187,-0.05596660411268018,0.00554016620498615
H08,"H08|nMin=3;g=0.15|XR",XR,972,KILL,965,21,-0.06364368775836245,-0.2419580020894483,0.24352331606217617,-0.1161658462870131,0.015404805085480896,-0.09527010125703854,-0.06145760946455738,0.027979274611398965
H08,"H08|nMin=3;g=0.15|XR",XR,972,PRIMARY,765,21,-0.08488536883869584,-0.19883329575298891,0.2065359477124183,-0.11980804992745087,-0.03663434646191942,-0.11385900829861921,-0.09419524494665887,0.01568627450980392
H08,"H08|nMin=3;g=0.15|XR",XR,972,NOINS,765,21,-0.08755484713937417,-0.20242003433752273,0.20261437908496732,-0.12256583551075824,-0.03930849232236604,-0.11653570043891506,-0.0968559516018332,0.01568627450980392
H08,"H08|nMin=3;g=0.15|XR",XR,972,L10,722,21,-0.06018125563903975,-0.16324208273640856,0.1731301939058172,-0.09212772167394523,-0.019693372822510966,-0.0990868843941531,-0.06057986233550872,0.015235457063711912
H08,"H08|nMin=3;g=0.15|XG",XG,972,KILL,965,21,-0.05191157741326843,-0.3121963782896373,0.07979274611398963,-0.1484676980802181,0.06448323963370715,-0.08737158763879956,-0.04961993196652476,0.016580310880829015
H08,"H08|nMin=3;g=0.15|XG",XG,972,PRIMARY,765,21,-0.11484157253579293,-0.28422569076899545,0.08104575163398693,-0.16581133483571064,-0.05504594385464577,-0.15934021709460935,-0.12334759205648384,0.018300653594771243
H08,"H08|nMin=3;g=0.15|XG",XG,972,NOINS,765,21,-0.1155077948677549,-0.2824083194908404,0.08104575163398693,-0.16682453002036943,-0.05548552209521452,-0.16000905837722176,-0.12391985720807516,0.018300653594771243
H08,"H08|nMin=3;g=0.15|XG",XG,972,L10,722,21,-0.09071910333491914,-0.23309015899032198,0.07617728531855955,-0.13569755823053883,-0.03429743675766806,-0.13035261009089252,-0.08684288600626586,0.01662049861495845
H08,"H08|nMin=10;g=0.05|XT60",XT60,2134,KILL,2116,21,-0.047837854622586905,-0.2659683946072335,0.2594517958412098,-0.096427437312518,0.009097621180097057,-0.05651406993750248,-0.04680272508387866,0.011342155009451797
H08,"H08|nMin=10;g=0.05|XT60",XT60,2134,PRIMARY,1721,21,-0.06373821302369378,-0.20994493781529394,0.22603137710633353,-0.10412868554355706,-0.018357352403870843,-0.07675759575152474,-0.06787617461432927,0.003486345148169669
H08,"H08|nMin=10;g=0.05|XT60",XT60,2134,NOINS,1721,21,-0.06571585283361128,-0.21256888267319315,0.22486926205694363,-0.10606137923883825,-0.02043723693146344,-0.07873842729148464,-0.06982489776414133,0.003486345148169669
H08,"H08|nMin=10;g=0.05|XT60",XT60,2134,L10,1600,21,-0.06910656173519313,-0.12143473320422268,0.17875,-0.08872918357538592,-0.0430774189026604,-0.08191039950699902,-0.07442275131192279,0.001875
H08,"H08|nMin=10;g=0.05|XT300",XT300,2134,KILL,2116,21,-0.09065058939585535,-0.32444300632169787,0.17344045368620037,-0.14527004505843147,-0.029507376264921066,-0.10440702158302897,-0.08972657802212529,0.018431001890359167
H08,"H08|nMin=10;g=0.05|XT300",XT300,2134,PRIMARY,1721,21,-0.10698122960416714,-0.27515397866036834,0.147588611272516,-0.14014251485016796,-0.0698215192957031,-0.1261419907392157,-0.11335446273144818,0.009877977919814061
H08,"H08|nMin=10;g=0.05|XT300",XT300,2134,NOINS,1721,21,-0.10859931723335497,-0.277735481938316,0.147588611272516,-0.14177682886706047,-0.0714385932962539,-0.1277629038159472,-0.11492600115967466,0.009877977919814061
H08,"H08|nMin=10;g=0.05|XT300",XT300,2134,L10,1600,21,-0.11409364210400778,-0.17659729633543098,0.113125,-0.13161914695624108,-0.09360208341054164,-0.1308609219558843,-0.1251929247621422,0.004375
H08,"H08|nMin=10;g=0.05|XT1800",XT1800,2134,KILL,2116,21,-0.14203938680253597,-0.3726174021192975,0.09168241965973535,-0.19170558739484814,-0.07768478347946753,-0.15789805719340627,-0.14124115722612104,0.04253308128544423
H08,"H08|nMin=10;g=0.05|XT1800",XT1800,2134,PRIMARY,1721,21,-0.1495083592938696,-0.30540745813686215,0.07902382335851249,-0.18486861208005642,-0.10925090421763428,-0.1705126800013649,-0.15703056645698543,0.028471818710052294
H08,"H08|nMin=10;g=0.05|XT1800",XT1800,2134,NOINS,1721,21,-0.15104621089897782,-0.30821168516059577,0.07902382335851249,-0.18639214372230145,-0.11069941525480027,-0.1720532169076996,-0.15851850018548366,0.028471818710052294
H08,"H08|nMin=10;g=0.05|XT1800",XT1800,2134,L10,1600,21,-0.14436828939413632,-0.21827675575343525,0.06625,-0.1643606851467888,-0.1262822327754829,-0.16249351984691532,-0.15481556629806173,0.0175
H08,"H08|nMin=10;g=0.05|XB",XB,2134,KILL,2116,21,-0.06922536290510507,-0.3038993433162529,0.2892249527410208,-0.1001630376350662,-0.03505151713336441,-0.07159470262026454,-0.0682265039500433,0.004725897920604915
H08,"H08|nMin=10;g=0.05|XB",XB,2134,PRIMARY,1721,21,-0.06733133135713912,-0.2353560596770176,0.23532829750145265,-0.09857183054445505,-0.03448928581903395,-0.07746362482212041,-0.07255393830062443,0.002324230098779779
H08,"H08|nMin=10;g=0.05|XB",XB,2134,NOINS,1721,21,-0.06775209428585778,-0.23724819133937908,0.23649041255084252,-0.09905495708539036,-0.035164425311757536,-0.07787580572144547,-0.07292955508902065,0.002324230098779779
H08,"H08|nMin=10;g=0.05|XB",XB,2134,L10,1600,21,-0.07798484199507548,-0.1603367628060831,0.156875,-0.09796685438370821,-0.052681635966321264,-0.08952666856694572,-0.08431022796576564,0.000625
H08,"H08|nMin=10;g=0.05|XR",XR,2134,KILL,2116,21,-0.07841015716690809,-0.2502605542012835,0.23771266540642721,-0.10630754223005828,-0.043439830852200205,-0.09044738030477224,-0.0774456966635419,0.011814744801512287
H08,"H08|nMin=10;g=0.05|XR",XR,2134,PRIMARY,1721,21,-0.09067832579626096,-0.21303744660460902,0.18651946542707729,-0.12590915661194488,-0.05453345447858681,-0.1056420615776389,-0.09646095150401345,0.005810575246949448
H08,"H08|nMin=10;g=0.05|XR",XR,2134,NOINS,1721,21,-0.09265599961721144,-0.21606776518333035,0.18535735037768739,-0.12771021511452688,-0.056565707120569006,-0.10762318371838307,-0.09841394196413403,0.005810575246949448
H08,"H08|nMin=10;g=0.05|XR",XR,2134,L10,1600,21,-0.10699353056701601,-0.16659224926507638,0.1125,-0.12552548840786987,-0.08266610845421739,-0.12062015024626992,-0.11649938651404014,0.00375
H08,"H08|nMin=10;g=0.05|XG",XG,2134,KILL,2116,21,-0.12099575339966628,-0.30979190587532957,0.05245746691871456,-0.1672911087748681,-0.06545301654661917,-0.13624239362886648,-0.12013457148366578,0.005198487712665407
H08,"H08|nMin=10;g=0.05|XG",XG,2134,PRIMARY,1721,21,-0.14556102979134375,-0.27874292474588336,0.06217315514235909,-0.1707877315810491,-0.11988058345110027,-0.16579704655738298,-0.15142815000174886,0.007553747821034283
H08,"H08|nMin=10;g=0.05|XG",XG,2134,NOINS,1721,21,-0.14594807230928122,-0.2787361270665801,0.06391632771644393,-0.17110862265199522,-0.11998434263219407,-0.1661846388364988,-0.15178333479575598,0.007553747821034283
H08,"H08|nMin=10;g=0.05|XG",XG,2134,L10,1600,21,-0.13225042890746072,-0.20945170041716124,0.0475,-0.14770663324976313,-0.11383518092234321,-0.1503524192203469,-0.14336997621819697,0.0075
H08,"H08|nMin=10;g=0.15|XT60",XT60,364,KILL,361,21,-0.05491689994173718,-0.272185990746729,0.2853185595567867,-0.0998412410869232,0.0220710028020308,-0.08224046457402936,-0.04923877626732998,0.036011080332409975
H08,"H08|nMin=10;g=0.15|XT60",XT60,364,PRIMARY,284,21,-0.07653758681846305,-0.21652470782823535,0.2535211267605634,-0.13980528771055087,0.01692717651125423,-0.13983751612876666,-0.1038661308114691,0.01056338028169014
H08,"H08|nMin=10;g=0.15|XT60",XT60,364,NOINS,284,21,-0.0776043486979792,-0.21829719700937028,0.25,-0.14071430585135844,0.01600301881148645,-0.14091495607130353,-0.10486314986789326,0.01056338028169014
H08,"H08|nMin=10;g=0.15|XT60",XT60,364,L10,260,20,-0.04006237779498739,-0.13888214115298234,0.20384615384615384,-0.11887733659616466,0.04543951122504381,-0.11298348734642835,-0.06017888582927875,0.007692307692307693
H08,"H08|nMin=10;g=0.15|XT300",XT300,364,KILL,361,21,-0.06923216049209052,-0.3531382816775285,0.22160664819944598,-0.16272615970536217,0.08375670243160883,-0.11521490511417255,-0.06373186035901142,0.04986149584487535
H08,"H08|nMin=10;g=0.15|XT300",XT300,364,PRIMARY,284,21,-0.06059978161997212,-0.28253177150351294,0.20422535211267606,-0.13575497288855226,0.05563691347163604,-0.14230970924711245,-0.09080578011875536,0.02464788732394366
H08,"H08|nMin=10;g=0.15|XT300",XT300,364,NOINS,284,21,-0.061459848517218196,-0.2825363139840091,0.20422535211267606,-0.13670328754481573,0.054921183678812775,-0.14317895775750375,-0.09159107809986826,0.02464788732394366
H08,"H08|nMin=10;g=0.15|XT300",XT300,364,L10,260,20,-0.05293163990136976,-0.15169013645669777,0.1576923076923077,-0.1342793187213422,0.07240410570720267,-0.13794001601048833,-0.07788482783671659,0.015384615384615385
H08,"H08|nMin=10;g=0.15|XT1800",XT1800,364,KILL,361,21,-0.10855896119825277,-0.45122225759912443,0.1523545706371191,-0.21454992399437695,0.05925674200383154,-0.16998292387905242,-0.10350234726999898,0.10526315789473684
H08,"H08|nMin=10;g=0.15|XT1800",XT1800,364,PRIMARY,284,21,-0.11780530407101633,-0.3989382201825291,0.13380281690140844,-0.19904174024792365,-0.011036132624663934,-0.21185084310689267,-0.14933026206258823,0.07394366197183098
H08,"H08|nMin=10;g=0.15|XT1800",XT1800,364,NOINS,284,21,-0.11862624686648107,-0.39973252101230156,0.13380281690140844,-0.199660286420894,-0.01151809963649353,-0.21268054964242863,-0.15007591178867072,0.07394366197183098
H08,"H08|nMin=10;g=0.15|XT1800",XT1800,364,L10,260,20,-0.07531659392591172,-0.26399808307976025,0.12692307692307692,-0.19736179907575485,0.052177261024270095,-0.17672499737870756,-0.08983650551354662,0.06538461538461539
H08,"H08|nMin=10;g=0.15|XB",XB,364,KILL,361,21,-0.11108010664854762,-0.30935365404706233,0.2742382271468144,-0.15534935058528215,-0.05721814933512354,-0.11795658138287499,-0.1060367295768703,0.0221606648199446
H08,"H08|nMin=10;g=0.15|XB",XB,364,PRIMARY,284,21,-0.050404930655376955,-0.22305672539853744,0.22183098591549297,-0.13902729470507738,0.07288712204278357,-0.1061718979022929,-0.08046353958729109,0.01056338028169014
H08,"H08|nMin=10;g=0.15|XB",XB,364,NOINS,284,21,-0.049622243327150324,-0.22132228772394674,0.22183098591549297,-0.13963829706896086,0.07387685174941029,-0.10537270038489423,-0.0793573503839662,0.01056338028169014
H08,"H08|nMin=10;g=0.15|XB",XB,364,L10,260,20,-0.05646170116913252,-0.193520860840361,0.18076923076923077,-0.11798620822914199,0.04349878806494946,-0.1187390407549797,-0.07994195548889697,0.0038461538461538464
H08,"H08|nMin=10;g=0.15|XR",XR,364,KILL,361,21,-0.10060115632364774,-0.27492271734815404,0.22714681440443213,-0.1638034032914873,-0.037620450866522,-0.13451606490817092,-0.09544509933643203,0.036011080332409975
H08,"H08|nMin=10;g=0.15|XR",XR,364,PRIMARY,284,21,-0.06108659198443197,-0.1938202284970107,0.1795774647887324,-0.13685497614259426,0.05304847133516096,-0.1257246475120381,-0.08727560660961613,0.017605633802816902
H08,"H08|nMin=10;g=0.15|XR",XR,364,NOINS,284,21,-0.06281438083320405,-0.19531034387923604,0.1795774647887324,-0.13865832674421064,0.051574773272272355,-0.127470861028164,-0.08896718957041512,0.017605633802816902
H08,"H08|nMin=10;g=0.15|XR",XR,364,L10,260,20,-0.06195427448437679,-0.18287982278671056,0.1576923076923077,-0.1365844944528113,0.05104523192432953,-0.13999961686336668,-0.0877396266361529,0.011538461538461539
H08,"H08|nMin=10;g=0.15|XG",XG,364,KILL,361,21,-0.11384946072945926,-0.31390881050694,0.06925207756232687,-0.21516189067504635,0.017874539723639334,-0.1719469512279128,-0.10884495797018248,0.019390581717451522
H08,"H08|nMin=10;g=0.15|XG",XG,364,PRIMARY,284,21,-0.09250302069728211,-0.2591120260558254,0.0880281690140845,-0.15676629875705872,-0.0032126384648138323,-0.18266585439254127,-0.1192345830235306,0.02464788732394366
H08,"H08|nMin=10;g=0.15|XG",XG,364,NOINS,284,21,-0.09112499827992832,-0.25828457962547774,0.0880281690140845,-0.15576241610887678,-0.0012517013377466722,-0.1812730797573712,-0.117514565803876,0.02464788732394366
H08,"H08|nMin=10;g=0.15|XG",XG,364,L10,260,20,-0.08184288454870947,-0.23193397135638688,0.06538461538461539,-0.1767630133966497,0.054782546431223045,-0.17527070026780725,-0.10182125277107802,0.023076923076923078
H09,"H09|c=3;D=10|XT60",XT60,1639,KILL,1619,21,-0.06129154392716326,-0.03705973600635173,0.17726991970352068,-0.07364121946535815,-0.04764134455031729,-0.07030635125946522,-0.061296867539272305,0.01173563928350834
H09,"H09|c=3;D=10|XT60",XT60,1639,PRIMARY,1569,21,-0.046935265684264,-0.027312711652764596,0.16507329509241556,-0.061372508522876484,-0.030142682055966166,-0.056496664674158086,-0.045330931334730935,0.009560229445506692
H09,"H09|c=3;D=10|XT60",XT60,1639,NOINS,1569,21,-0.05116118057715027,-0.03366631853170535,0.16188655194391333,-0.065565581768387,-0.03439380093444766,-0.060724308308348796,-0.04960690949314184,0.0082855321861058
H09,"H09|c=3;D=10|XT60",XT60,1639,L10,1498,21,-0.03237769491336132,-0.027297713658146965,0.16955941255006676,-0.041718421653624736,-0.02330564314321208,-0.039940898250690485,-0.029460420071698114,0.00801068090787717
H09,"H09|c=3;D=10|XT300",XT300,1639,KILL,1619,21,-0.07266907876387817,-0.04778304561962091,0.14823965410747375,-0.09538873384018211,-0.048159608487729634,-0.08521160188137258,-0.07267721579609118,0.030883261272390366
H09,"H09|c=3;D=10|XT300",XT300,1639,PRIMARY,1569,21,-0.05636154557256727,-0.039486359322711155,0.14595283620140218,-0.08059688884208685,-0.030138822938983192,-0.06992502829882837,-0.05496778103714852,0.02676864244741874
H09,"H09|c=3;D=10|XT300",XT300,1639,NOINS,1569,21,-0.06004979113689965,-0.045694620648319265,0.14404079031230083,-0.08426362467637445,-0.033812298133453156,-0.07361617445044454,-0.05869084307198542,0.026131293817718292
H09,"H09|c=3;D=10|XT300",XT300,1639,L10,1498,21,-0.04615367342786759,-0.03629913091254183,0.14285714285714285,-0.06931793067694965,-0.021065035012113573,-0.05775979616347305,-0.041872587706018,0.022696929238985315
H09,"H09|c=3;D=10|XT1800",XT1800,1639,KILL,1619,21,-0.1051222559757431,-0.06887134968409532,0.10870907967881409,-0.1317677941264272,-0.0744770372210993,-0.11871355881213594,-0.10513322333727373,0.05744286596664608
H09,"H09|c=3;D=10|XT1800",XT1800,1639,PRIMARY,1569,21,-0.08924781050539836,-0.05506828391563608,0.1064372211599745,-0.11737987332967141,-0.05538639724558238,-0.10398699052889233,-0.08624427354492109,0.05289993626513703
H09,"H09|c=3;D=10|XT1800",XT1800,1639,NOINS,1569,21,-0.0932154541570653,-0.06047939663353479,0.10452517527087317,-0.12137559833085111,-0.059185424680955306,-0.10796223495038142,-0.09028596882456037,0.052262587635436585
H09,"H09|c=3;D=10|XT1800",XT1800,1639,L10,1498,21,-0.0774354196561074,-0.044921494956100705,0.10080106809078772,-0.10442001418271414,-0.042034952422563755,-0.09137771703040594,-0.07171637240107505,0.04739652870493992
H09,"H09|c=3;D=10|XB",XB,1639,KILL,1619,21,-0.05318619485005743,-0.051183277094084954,0.16738727609635579,-0.06229815600920056,-0.042517247344046896,-0.056011797589272,-0.05319343948576724,0.0067943174799258805
H09,"H09|c=3;D=10|XB",XB,1639,PRIMARY,1569,21,-0.04457759558985888,-0.040470715748464114,0.16061185468451242,-0.058577580502215315,-0.030150246822153958,-0.04978482148557837,-0.04359374137616482,0.006373486297004461
H09,"H09|c=3;D=10|XB",XB,1639,NOINS,1569,21,-0.04854564408132079,-0.046183236821086264,0.15806246016571066,-0.06249630516222945,-0.0340856696530911,-0.05374046082762226,-0.047607515127268886,0.0057361376673040155
H09,"H09|c=3;D=10|XB",XB,1639,L10,1498,21,-0.0338410273661353,-0.039390099610984185,0.15086782376502003,-0.04497531418354804,-0.020690195057555715,-0.04141658487701186,-0.03305201726177796,0.006675567423230975
H09,"H09|c=3;D=10|XR",XR,1639,KILL,1619,21,-0.039289362086689365,-0.05336906621561116,0.1445336627547869,-0.057304576797235114,-0.0188310844409342,-0.05199460546393885,-0.03928631513087687,0.02470660901791229
H09,"H09|c=3;D=10|XR",XR,1639,PRIMARY,1569,21,-0.04482560083930547,-0.044890774686579094,0.1338432122370937,-0.06429197078018033,-0.024578524754067244,-0.05775689704695854,-0.04362360904717956,0.023581899298916506
H09,"H09|c=3;D=10|XR",XR,1639,NOINS,1569,21,-0.04922168233090621,-0.05085935767444184,0.13193116634799235,-0.06855793559856829,-0.028993872579055818,-0.06216104995284265,-0.04805035593760187,0.022944550669216062
H09,"H09|c=3;D=10|XR",XR,1639,L10,1498,21,-0.03681467227953404,-0.039486359322711155,0.1268357810413885,-0.0544323217933477,-0.016162515312302,-0.04860976550905911,-0.03367788970530325,0.022696929238985315
H09,"H09|c=3;D=10|XG",XG,1639,KILL,1619,21,-0.08596583348946871,-0.09500097507586687,0.07041383570105003,-0.10403921325483027,-0.06927642028269565,-0.09575829689139852,-0.08597974988865886,0.0037059913526868438
H09,"H09|c=3;D=10|XG",XG,1639,PRIMARY,1569,21,-0.08367160810543267,-0.06827024624144648,0.07138304652644997,-0.10528779370304342,-0.06235749820253678,-0.09405839382714264,-0.0822132024360548,0.008922880815806247
H09,"H09|c=3;D=10|XG",XG,1639,NOINS,1569,21,-0.08687078965238734,-0.07306644023775036,0.07074569789674952,-0.10837184920209365,-0.06561398955109932,-0.09726348929546776,-0.08540993693198848,0.0082855321861058
H09,"H09|c=3;D=10|XG",XG,1639,L10,1498,21,-0.0687872206399377,-0.05177801808101493,0.07343124165554073,-0.09360669188965982,-0.04313863450016388,-0.07831737423644007,-0.06495922395272426,0.01602136181575434
H09,"H09|c=3;D=30|XT60",XT60,1946,KILL,1922,21,-0.0518872333296406,-0.03472561564101288,0.1696149843912591,-0.06336692550744061,-0.0385103120864903,-0.0597773094414103,-0.05189244020831097,0.009885535900104058
H09,"H09|c=3;D=30|XT60",XT60,1946,PRIMARY,1870,21,-0.038378346736350315,-0.02720885255000359,0.15989304812834224,-0.05200472966405504,-0.02294169962220874,-0.04684451303859087,-0.03682934947770301,0.008021390374331552
H09,"H09|c=3;D=30|XT60",XT60,1946,NOINS,1870,21,-0.042821634864889255,-0.033136376804355425,0.15614973262032086,-0.056387195871292387,-0.027409951571795148,-0.05129226643354682,-0.04131800133024408,0.006951871657754011
H09,"H09|c=3;D=30|XT60",XT60,1946,L10,1793,21,-0.029465407747060305,-0.02677493156469284,0.1611823759063023,-0.03751647069319599,-0.021409263961846524,-0.035777280444159267,-0.026763176833021127,0.006692693809258227
H09,"H09|c=3;D=30|XT300",XT300,1946,KILL,1922,21,-0.06134300888146564,-0.039590502183406116,0.1462018730489074,-0.08142623719390547,-0.040707481788178575,-0.07195525037662309,-0.061351378733677894,0.027055150884495317
H09,"H09|c=3;D=30|XT300",XT300,1946,PRIMARY,1870,21,-0.04539250842483252,-0.02896615553668648,0.14545454545454545,-0.0659266608622535,-0.02407103140582503,-0.05720401953049318,-0.04397229399938772,0.023529411764705882
H09,"H09|c=3;D=30|XT300",XT300,1946,NOINS,1870,21,-0.04932970718121654,-0.03500860084730521,0.14278074866310161,-0.0698594704511594,-0.028021451858241637,-0.06114750669363627,-0.047942285687697976,0.022994652406417113
H09,"H09|c=3;D=30|XT300",XT300,1946,L10,1793,21,-0.040985380252837635,-0.027862134758503573,0.13943112102621305,-0.05920731480049514,-0.021412043231799762,-0.05067010014680632,-0.03672802845534954,0.02063580591187953
H09,"H09|c=3;D=30|XT1800",XT1800,1946,KILL,1922,21,-0.08478682645026155,-0.052723680413909756,0.10822060353798127,-0.11445268788501406,-0.05260204635869897,-0.0979623920884295,-0.08479722799443397,0.053069719042663895
H09,"H09|c=3;D=30|XT1800",XT1800,1946,PRIMARY,1870,21,-0.07020572161281254,-0.04150665474253615,0.10748663101604278,-0.09985953886674151,-0.03845187861572037,-0.0840863594397458,-0.06731486244327982,0.04919786096256684
H09,"H09|c=3;D=30|XT1800",XT1800,1946,NOINS,1870,21,-0.07431382524688303,-0.04717765845861845,0.1053475935828877,-0.10396807287127373,-0.04260294005600475,-0.08820106412122827,-0.07148711215054128,0.04866310160427807
H09,"H09|c=3;D=30|XT1800",XT1800,1946,L10,1793,21,-0.0647484252029556,-0.03945489236301883,0.1015058561070831,-0.08788300859335213,-0.036350174605601596,-0.07637170653883207,-0.05881642603079233,0.044060234244283326
H09,"H09|c=3;D=30|XB",XB,1946,KILL,1922,21,-0.04680512004913972,-0.047077787174767426,0.16181061394380852,-0.056732247006681724,-0.03563575525934084,-0.04917459936241199,-0.0468125157945828,0.006243496357960458
H09,"H09|c=3;D=30|XB",XB,1946,PRIMARY,1870,21,-0.037654331432152105,-0.03562129027424963,0.15668449197860962,-0.04952859075759097,-0.025970015219184208,-0.04201091737763829,-0.03664774129990495,0.0058823529411764705
H09,"H09|c=3;D=30|XB",XB,1946,NOINS,1870,21,-0.0417593810860698,-0.0415782128764797,0.15401069518716579,-0.05373056728688635,-0.029821510955136007,-0.0461057786413576,-0.0407923558743983,0.0053475935828877
H09,"H09|c=3;D=30|XB",XB,1946,L10,1793,21,-0.03166065440063226,-0.03274122171719694,0.14556609035136642,-0.041656343374801785,-0.021017261729687008,-0.037984071920108775,-0.03055824511717491,0.006134969325153374
H09,"H09|c=3;D=30|XR",XR,1946,KILL,1922,21,-0.033787925614789396,-0.04727706581762101,0.1404786680541103,-0.05066982974144081,-0.016943110298055862,-0.044478477458573085,-0.033788390051330386,0.023413111342351717
H09,"H09|c=3;D=30|XR",XR,1946,PRIMARY,1870,21,-0.03643922846104653,-0.0393874331951451,0.13101604278074866,-0.05464480752686918,-0.018311631722738007,-0.04784521721159996,-0.03520688653859471,0.022459893048128343
H09,"H09|c=3;D=30|XR",XR,1946,NOINS,1870,21,-0.04096638151931724,-0.045541146795864344,0.12834224598930483,-0.05913432891522347,-0.022889940787885175,-0.05237935757389245,-0.03976145786772578,0.021925133689839574
H09,"H09|c=3;D=30|XR",XR,1946,L10,1793,21,-0.034727796262882187,-0.034870007987220446,0.12158393753485779,-0.05178829790392997,-0.01628660882626965,-0.04457550785511074,-0.03163973534510225,0.021751254880089235
H09,"H09|c=3;D=30|XG",XG,1946,KILL,1922,21,-0.07154956593412859,-0.06922884433610269,0.07284079084287201,-0.0904290989282992,-0.053691964168793856,-0.08221666417178598,-0.07156471458889989,0.0036420395421436005
H09,"H09|c=3;D=30|XG",XG,1946,PRIMARY,1870,21,-0.06804366591608585,-0.05339023025822886,0.07379679144385026,-0.08957741956262043,-0.04755778712681663,-0.07988149661565025,-0.06654920398491296,0.00909090909090909
H09,"H09|c=3;D=30|XG",XG,1946,NOINS,1870,21,-0.07141721150094632,-0.058414254519985574,0.0732620320855615,-0.09285892992213252,-0.05102567950754254,-0.08326028280162275,-0.0699220292280635,0.008556149732620321
H09,"H09|c=3;D=30|XG",XG,1946,L10,1793,21,-0.06157501997155432,-0.04266782877978123,0.07417735638594534,-0.08539680309204817,-0.038429346956768695,-0.06952247417533354,-0.057604283595034354,0.014500836586726157
H09,"H09|c=10;D=10|XT60",XT60,171,KILL,169,19,-0.07372511459162748,-0.03705973600635173,0.20118343195266272,-0.1150877201438618,-0.020224347440328132,-0.09869625286899467,-0.07372497543545962,0.023668639053254437
H09,"H09|c=10;D=10|XT60",XT60,171,PRIMARY,165,19,-0.04674865898808559,-0.027297713658146965,0.19393939393939394,-0.0914784267801738,0.0075369980926315505,-0.07476548207649661,-0.044798286928612985,0.030303030303030304
H09,"H09|c=10;D=10|XT60",XT60,171,NOINS,165,19,-0.05052786613347068,-0.033560662939297124,0.19393939393939394,-0.09511280060585536,0.0037799363651850656,-0.07857231488208848,-0.04860217882540521,0.030303030303030304
H09,"H09|c=10;D=10|XT60",XT60,171,L10,156,19,-0.041378759065784865,-0.027297713658146965,0.16666666666666666,-0.08295434802187016,0.0071196689972821865,-0.0605889241592602,-0.0397782806606951,0.00641025641025641
H09,"H09|c=10;D=10|XT300",XT300,171,KILL,169,19,-0.12761206150165463,-0.05630993482911298,0.14792899408284024,-0.18062643497887465,-0.07520447234282938,-0.15629523213595542,-0.1275977008355328,0.047337278106508875
H09,"H09|c=10;D=10|XT300",XT300,171,PRIMARY,165,19,-0.10354094049953391,-0.0393874331951451,0.15757575757575756,-0.1593660920176811,-0.0493618495158426,-0.13349868852463337,-0.09992197153958063,0.048484848484848485
H09,"H09|c=10;D=10|XT300",XT300,171,NOINS,165,19,-0.10691770090015167,-0.04558638429648869,0.15151515151515152,-0.16265826360289887,-0.05279136247255695,-0.13693033771042737,-0.10331750314799736,0.048484848484848485
H09,"H09|c=10;D=10|XT300",XT300,171,L10,156,19,-0.09988099770014672,-0.03563640485783178,0.1282051282051282,-0.16064155921761622,-0.039795771242587194,-0.12707107751254768,-0.09593174887436892,0.02564102564102564
H09,"H09|c=10;D=10|XT1800",XT1800,171,KILL,169,19,-0.19486873210962927,-0.09267192676981245,0.10059171597633136,-0.25250779174339383,-0.14178050159173214,-0.221993129311113,-0.19482960798848564,0.07692307692307693
H09,"H09|c=10;D=10|XT1800",XT1800,171,PRIMARY,165,19,-0.16939413384856827,-0.06349108436142051,0.11515151515151516,-0.2306585209331858,-0.11425554205864825,-0.1972501976622501,-0.1670539618660593,0.07878787878787878
H09,"H09|c=10;D=10|XT1800",XT1800,171,NOINS,165,19,-0.17257818240505102,-0.06939408620948005,0.10303030303030303,-0.23373192580542881,-0.117438924797683,-0.2004797662924241,-0.17025349288194647,0.07878787878787878
H09,"H09|c=10;D=10|XT1800",XT1800,171,L10,156,19,-0.1591497856820268,-0.06093593892646747,0.09615384615384616,-0.21905492551958927,-0.10529506933994537,-0.18483903122970752,-0.1582940209213238,0.057692307692307696
H09,"H09|c=10;D=10|XB",XB,171,KILL,169,19,-0.05184755804413846,-0.051701666583752054,0.17159763313609466,-0.09246840438797584,-0.008411063884557179,-0.0655458700302758,-0.05186147058832184,0.011834319526627219
H09,"H09|c=10;D=10|XB",XB,171,PRIMARY,165,19,-0.05943177914391466,-0.0465454273013336,0.14545454545454545,-0.1043381753971295,-0.005382254341368416,-0.08086686250788482,-0.059412261698011726,0.01818181818181818
H09,"H09|c=10;D=10|XB",XB,171,NOINS,165,19,-0.06306424374772521,-0.05267017631486939,0.13333333333333333,-0.1077765949086337,-0.009195059394658036,-0.0844973106803908,-0.06306047994424543,0.01818181818181818
H09,"H09|c=10;D=10|XB",XB,171,L10,156,19,-0.02883598831991975,-0.036639883122721144,0.14743589743589744,-0.09548659798911015,0.047806121115270744,-0.07238007217468774,-0.036753808557806106,0.00641025641025641
H09,"H09|c=10;D=10|XR",XR,171,KILL,169,19,-0.09135667226194408,-0.06789652256106661,0.13609467455621302,-0.12507655103230003,-0.05589211815420395,-0.11162818108438222,-0.0913635637902637,0.029585798816568046
H09,"H09|c=10;D=10|XR",XR,171,PRIMARY,165,19,-0.07937524282409758,-0.049099965036711456,0.13333333333333333,-0.11999609086248172,-0.033838392728028154,-0.1014693600324632,-0.07767940264798708,0.030303030303030304
H09,"H09|c=10;D=10|XR",XR,171,NOINS,165,19,-0.08325421836420503,-0.055183966834823434,0.12121212121212122,-0.12441134423404217,-0.03739985475935508,-0.10540914506837336,-0.08157778413955305,0.030303030303030304
H09,"H09|c=10;D=10|XR",XR,171,L10,156,19,-0.06489756809621025,-0.03743201138804256,0.14102564102564102,-0.1102944154529591,-0.010769626251328504,-0.09070032735415398,-0.06626931816510728,0.019230769230769232
H09,"H09|c=10;D=10|XG",XG,171,KILL,169,19,-0.10876758517661456,-0.13312871001442714,0.08284023668639054,-0.15538380428451923,-0.054483273479368065,-0.13882916822860317,-0.10874457468694373,0.01775147928994083
H09,"H09|c=10;D=10|XG",XG,171,PRIMARY,165,19,-0.10599194139865577,-0.08505061685230508,0.07878787878787878,-0.14509778577027607,-0.0609096152410525,-0.13478879727849646,-0.1041887890864079,0.030303030303030304
H09,"H09|c=10;D=10|XG",XG,171,NOINS,165,19,-0.10938584729459848,-0.0906861695220019,0.07272727272727272,-0.14841567613214637,-0.06430543291939454,-0.1382442139021487,-0.10760390079361877,0.030303030303030304
H09,"H09|c=10;D=10|XG",XG,171,L10,156,19,-0.09041911029860909,-0.05449241462698193,0.10256410256410256,-0.1391613079694338,-0.042140092074644385,-0.11659143269093923,-0.08945347188999109,0.01282051282051282
H09,"H09|c=10;D=30|XT60",XT60,239,KILL,235,20,-0.06365030770016018,-0.03461657628973683,0.1702127659574468,-0.09667385433845235,-0.023120868891221814,-0.08138730999916233,-0.06364986807231517,0.01702127659574468
H09,"H09|c=10;D=30|XT60",XT60,239,PRIMARY,230,20,-0.039762010205246445,-0.026763288547025622,0.16521739130434782,-0.07559938974914289,0.0005655464808683275,-0.05966406039896503,-0.03830494425770746,0.021739130434782608
H09,"H09|c=10;D=30|XT60",XT60,239,NOINS,230,20,-0.04405847027969265,-0.033136376804355425,0.16521739130434782,-0.07970054159193529,-0.003972600159379582,-0.06398707164407474,-0.04262817994079221,0.021739130434782608
H09,"H09|c=10;D=30|XT60",XT60,239,L10,221,20,-0.03763197730848832,-0.026763410431600874,0.14479638009049775,-0.0694665362390572,-0.0033637520917738674,-0.05106277966642391,-0.03693344823041015,0.004524886877828055
H09,"H09|c=10;D=30|XT300",XT300,239,KILL,235,20,-0.10247409022625917,-0.03848092497022628,0.14893617021276595,-0.14425097884954546,-0.0637056912797778,-0.12267233337913715,-0.10246849412822338,0.03404255319148936
H09,"H09|c=10;D=30|XT300",XT300,239,PRIMARY,230,20,-0.0808663049638013,-0.02794069439124662,0.15217391304347827,-0.1246799254818566,-0.04114240354793344,-0.10194617841516192,-0.07802423510788288,0.034782608695652174
H09,"H09|c=10;D=30|XT300",XT300,239,NOINS,230,20,-0.08481172486746527,-0.033906947704909846,0.14782608695652175,-0.12848122695352587,-0.04530533380832265,-0.10593828537480747,-0.08199397387350268,0.034782608695652174
H09,"H09|c=10;D=30|XT300",XT300,239,L10,221,20,-0.08076032503484482,-0.028162739123919884,0.13122171945701358,-0.12807545216186636,-0.035495476442660316,-0.09958014243531034,-0.07719914921098489,0.01809954751131222
H09,"H09|c=10;D=30|XT1800",XT1800,239,KILL,235,20,-0.1549080527007242,-0.04896976269837321,0.09361702127659574,-0.19870556940770379,-0.11531146801125063,-0.17776189757334385,-0.15488828442372954,0.059574468085106386
H09,"H09|c=10;D=30|XT1800",XT1800,239,PRIMARY,230,20,-0.13169502632422717,-0.03743201138804256,0.10434782608695652,-0.17925381919679453,-0.09083198007447482,-0.15528468653826594,-0.12959504218491213,0.06086956521739131
H09,"H09|c=10;D=30|XT1800",XT1800,239,NOINS,230,20,-0.13540120919425108,-0.04273395934269018,0.09565217391304348,-0.18278933625633126,-0.09473667439351473,-0.1590302556366347,-0.13332219467616924,0.06086956521739131
H09,"H09|c=10;D=30|XT1800",XT1800,239,L10,221,20,-0.12466873823521996,-0.036184486289396134,0.08597285067873303,-0.17422692768777526,-0.07998432441440818,-0.1473921581293324,-0.12299956030715127,0.04524886877828054
H09,"H09|c=10;D=30|XB",XB,239,KILL,235,20,-0.05178398512959331,-0.041688562758071736,0.14893617021276595,-0.08454507966363875,-0.01925677843881939,-0.06158454146991717,-0.05180002057005288,0.00851063829787234
H09,"H09|c=10;D=30|XB",XB,239,PRIMARY,230,20,-0.048103905112857295,-0.0326240097897208,0.1391304347826087,-0.08561617269067681,-0.004258915490956762,-0.06325148168937722,-0.04809160744040742,0.013043478260869565
H09,"H09|c=10;D=30|XB",XB,239,NOINS,230,20,-0.05456400150321391,-0.03880438677737358,0.12608695652173912,-0.09004732374265584,-0.014355623708811526,-0.0697475086237349,-0.05459777178080777,0.013043478260869565
H09,"H09|c=10;D=30|XB",XB,239,L10,221,20,-0.03188137379171174,-0.03030925519169329,0.13574660633484162,-0.0849956406726794,0.026430897736593476,-0.062484038866000347,-0.037726570107412115,0.004524886877828055
H09,"H09|c=10;D=30|XR",XR,239,KILL,235,20,-0.07862632892954972,-0.045624705238545345,0.11914893617021277,-0.1099726276788258,-0.047124487493917476,-0.09858657771487302,-0.07863803288499648,0.02553191489361702
H09,"H09|c=10;D=30|XR",XR,239,PRIMARY,230,20,-0.06661206448560338,-0.03503894910344139,0.11739130434782609,-0.10447001669346505,-0.029730594219000987,-0.08762333132531225,-0.06506472474559222,0.02608695652173913
H09,"H09|c=10;D=30|XR",XR,239,NOINS,230,20,-0.07085020437061593,-0.04028029069477049,0.10869565217391304,-0.10898470742648003,-0.03379019480947392,-0.09191730877655249,-0.06932434632590478,0.02608695652173913
H09,"H09|c=10;D=30|XR",XR,239,L10,221,20,-0.05699043858032608,-0.030936027171469958,0.12217194570135746,-0.09489310834882844,-0.01846873065946797,-0.08122228120073278,-0.057776217544216815,0.01809954751131222
H09,"H09|c=10;D=30|XG",XG,239,KILL,235,20,-0.09402912799963797,-0.06528566737973235,0.07659574468085106,-0.1302190910884438,-0.05535809418464516,-0.11808443161528138,-0.09401810143490932,0.01276595744680851
H09,"H09|c=10;D=30|XG",XG,239,PRIMARY,230,20,-0.08857421260437151,-0.047050996453723584,0.07391304347826087,-0.12145072446800814,-0.0557020470660351,-0.11237196201630058,-0.08690895708802843,0.021739130434782608
H09,"H09|c=10;D=30|XG",XG,239,NOINS,230,20,-0.09245812968996289,-0.05218533539783228,0.06956521739130435,-0.12508130551666624,-0.059744069636389015,-0.11629233129820184,-0.09081746979609677,0.021739130434782608
H09,"H09|c=10;D=30|XG",XG,239,L10,221,20,-0.07850771064398704,-0.0393874331951451,0.09049773755656108,-0.1222388488731105,-0.037058912243919655,-0.10196468247267182,-0.07726044394399706,0.00904977375565611
H10,"H10|Pk=0.3;D=0.4;mode=dip|XT300",XT300,14980,KILL,14836,21,-0.26713013094716265,-0.5305176057616559,0.1852251280668644,-0.2875602171756447,-0.2463455708914508,-0.26900715262372965,-0.2671306407926111,0.019681854947425182
H10,"H10|Pk=0.3;D=0.4;mode=dip|XT300",XT300,14980,PRIMARY,13622,21,-0.14761805316241,-0.2056774865606868,0.17669945676112173,-0.15934212285000998,-0.13596889179881586,-0.14985071894629232,-0.15404636577820274,0.014975774482454853
H10,"H10|Pk=0.3;D=0.4;mode=dip|XT300",XT300,14980,NOINS,13622,21,-0.14908987861156237,-0.2077514277871818,0.17574511819116137,-0.1609946125328631,-0.1372648025602412,-0.1513228686008525,-0.1554514964848839,0.014902363823227132
H10,"H10|Pk=0.3;D=0.4;mode=dip|XT300",XT300,14980,L10,12871,21,-0.11690483433462476,-0.09736370831676663,0.16307979177997048,-0.1281310780353641,-0.10621151622466224,-0.11939281436668617,-0.1311069712153057,0.009867143190117318
H10,"H10|Pk=0.3;D=0.4;mode=dip|XB",XB,14980,KILL,14836,21,-0.13883224497195754,-0.30873562509327895,0.21238878403882447,-0.14686355290137884,-0.12974658059390712,-0.13932495443384998,-0.13883338806302692,0.00006740361283364789
H10,"H10|Pk=0.3;D=0.4;mode=dip|XB",XB,14980,PRIMARY,13622,21,-0.10174058970277783,-0.19839828641431512,0.2102481280281897,-0.1077206107247215,-0.09516617074494856,-0.10248273476039421,-0.10338084583233531,0.0008075172515049186
H10,"H10|Pk=0.3;D=0.4;mode=dip|XB",XB,14980,NOINS,13622,21,-0.10419946403206254,-0.2016359820349946,0.20848627220672442,-0.10998503610691937,-0.09796564680199207,-0.10494064130448251,-0.10585658208922531,0.0007341065922771986
H10,"H10|Pk=0.3;D=0.4;mode=dip|XB",XB,14980,L10,12871,21,-0.08821407575667777,-0.10301391981263393,0.18071633905679435,-0.09536824940768993,-0.08070136503503764,-0.08915145900844838,-0.09518452267483839,0.0008546344495377205
H10,"H10|Pk=0.3;D=0.4;mode=dip|XR",XR,14980,KILL,14836,21,-0.1508009071809943,-0.33217981194965424,0.16999191156645996,-0.164593357822324,-0.13597188981179434,-0.15264443179585147,-0.150801366112638,0.016985710434079267
H10,"H10|Pk=0.3;D=0.4;mode=dip|XR",XR,14980,PRIMARY,13622,21,-0.1200054021338451,-0.1806647173935295,0.15460284833357804,-0.13139463855266048,-0.10795758928073441,-0.12219644459151728,-0.12070130862200781,0.01593011305241521
H10,"H10|Pk=0.3;D=0.4;mode=dip|XR",XR,14980,NOINS,13622,21,-0.12152996494914238,-0.18169928168212418,0.15328145646747907,-0.133261326719526,-0.10924136681666173,-0.12372134323491547,-0.12210849581168544,0.01593011305241521
H10,"H10|Pk=0.3;D=0.4;mode=dip|XR",XR,14980,L10,12871,21,-0.10995926512148642,-0.11162669001182031,0.1348768549452257,-0.12129653217845121,-0.09791195785588698,-0.11174057695431405,-0.11849184061739491,0.012042576334395151
H10,"H10|Pk=0.3;D=0.4;mode=recovery|XT300",XT300,7117,KILL,7054,21,-0.10185331455370608,-0.34046190239291574,0.3220867592855118,-0.12159561668168897,-0.08311792561770814,-0.10434000310912868,-0.10186262454298192,0.04394669690955486
H10,"H10|Pk=0.3;D=0.4;mode=recovery|XT300",XT300,7117,PRIMARY,6317,21,-0.12549617182710818,-0.3263570299732561,0.3112236821275922,-0.14573358177603576,-0.10614672246698988,-0.12850055734379126,-0.12249671043467225,0.034984961215766976
H10,"H10|Pk=0.3;D=0.4;mode=recovery|XT300",XT300,7117,NOINS,6317,21,-0.12608877066713758,-0.3271740144928766,0.3107487731518126,-0.14631108709700824,-0.10674367766463128,-0.1290934377301904,-0.12308865181861894,0.034984961215766976
H10,"H10|Pk=0.3;D=0.4;mode=recovery|XT300",XT300,7117,L10,5869,21,-0.11574150843133385,-0.2707738037331957,0.2956210598057591,-0.13231350064916478,-0.09937649653841454,-0.12010971545581733,-0.11820339888899485,0.025558016697904244
H10,"H10|Pk=0.3;D=0.4;mode=recovery|XB",XB,7117,KILL,7054,21,-0.029822996912419773,-0.3052208497089697,0.3468953785086476,-0.039431778488748896,-0.020065414231110187,-0.030462818530472537,-0.02982589313435327,0.00396937907570173
H10,"H10|Pk=0.3;D=0.4;mode=recovery|XB",XB,7117,PRIMARY,6317,21,-0.08177424394930832,-0.30151414852141706,0.32024695266740544,-0.09155726978032705,-0.07128447471180657,-0.08276194308862475,-0.07970706449251513,0.006490422668988444
H10,"H10|Pk=0.3;D=0.4;mode=recovery|XB",XB,7117,NOINS,6317,21,-0.08292030671553843,-0.30173501411744125,0.3186639227481399,-0.09322867653778127,-0.07209231820828185,-0.08390746673302986,-0.08085163850985769,0.006490422668988444
H10,"H10|Pk=0.3;D=0.4;mode=recovery|XB",XB,7117,L10,5869,21,-0.0808834665391421,-0.2598692255247144,0.29902879536547966,-0.08885840610145547,-0.07319722997077155,-0.08361634354194714,-0.08056700961351697,0.006133924007497018
H10,"H10|Pk=0.3;D=0.4;mode=recovery|XR",XR,7117,KILL,7054,21,-0.02455905891779821,-0.22552393413263022,0.2728948114544939,-0.04117380981739163,-0.009234736455654997,-0.026918272817191145,-0.024563079030164678,0.041536716756450244
H10,"H10|Pk=0.3;D=0.4;mode=recovery|XR",XR,7117,PRIMARY,6317,21,-0.09405726999376536,-0.26094853260671186,0.24695266740541397,-0.11287958026909409,-0.07480289731691603,-0.09659732442908255,-0.09073593452786077,0.0400506569574165
H10,"H10|Pk=0.3;D=0.4;mode=recovery|XR",XR,7117,NOINS,6317,21,-0.09520342087383682,-0.2620973114747264,0.24647775842963432,-0.11402279998404298,-0.07589607689250802,-0.09774401987737585,-0.09188147437373569,0.0400506569574165
H10,"H10|Pk=0.3;D=0.4;mode=recovery|XR",XR,7117,L10,5869,21,-0.10337453244541824,-0.23980985972503657,0.23564491395467713,-0.11794805832705173,-0.08830632945459922,-0.10719525768636756,-0.10377476390899971,0.033395808485261545
H10,"H10|Pk=0.3;D=0.6;mode=dip|XT300",XT300,13745,KILL,13608,21,-0.2424772764425223,-0.351778075717626,0.1286008230452675,-0.253844150919529,-0.23064202690680266,-0.24450741460643313,-0.24247440939200343,0.006540270429159318
H10,"H10|Pk=0.3;D=0.6;mode=dip|XT300",XT300,13745,PRIMARY,12900,21,-0.09888153352364379,-0.12655783253738556,0.1372093023255814,-0.10495213324956115,-0.09273877126392188,-0.10174152273112698,-0.10322373484165287,0.004883720930232558
H10,"H10|Pk=0.3;D=0.6;mode=dip|XT300",XT300,13745,NOINS,12900,21,-0.10122769165269742,-0.12946158269170221,0.13581395348837208,-0.1072847697673478,-0.0950988666833232,-0.10408822659119019,-0.10554533898355044,0.004883720930232558
H10,"H10|Pk=0.3;D=0.6;mode=dip|XT300",XT300,13745,L10,12379,21,-0.07556347010233724,-0.07558193488829058,0.12674691008966799,-0.08093318883195856,-0.07020392113473833,-0.07840839597168502,-0.08267478576521398,0.003150496809112206
H10,"H10|Pk=0.3;D=0.6;mode=dip|XB",XB,13745,KILL,13608,21,-0.1727433989006994,-0.3053523207800607,0.14998530276308053,-0.18074600810521568,-0.16421456564959674,-0.17328805843102035,-0.17273995229470898,0
H10,"H10|Pk=0.3;D=0.6;mode=dip|XB",XB,13745,PRIMARY,12900,21,-0.08474762196110658,-0.13939823038337895,0.16007751937984496,-0.08966401247299514,-0.07988103862916124,-0.0855271469953122,-0.08732551372318541,0.0001550387596899225
H10,"H10|Pk=0.3;D=0.6;mode=dip|XB",XB,13745,NOINS,12900,21,-0.08725877941558423,-0.1426974455614073,0.1588372093023256,-0.09213037539179915,-0.0824298012770895,-0.08803729464772575,-0.08984772523749868,0.0001550387596899225
H10,"H10|Pk=0.3;D=0.6;mode=dip|XB",XB,13745,L10,12379,21,-0.07010188538165234,-0.08419623589086213,0.13708700218111317,-0.07372259306086731,-0.06638415747345291,-0.07133342009703998,-0.07566306893056263,0.00024234590839324662
H10,"H10|Pk=0.3;D=0.6;mode=dip|XR",XR,13745,KILL,13608,21,-0.18240265489493754,-0.31798995074871894,0.12235449735449735,-0.19102266393541956,-0.17337388268674225,-0.1845056250158097,-0.18239939647670447,0.006025867136978248
H10,"H10|Pk=0.3;D=0.6;mode=dip|XR",XR,13745,PRIMARY,12900,21,-0.10309689944327415,-0.13935563855709845,0.1127906976744186,-0.11059097544275291,-0.09508373075228128,-0.1059670337371344,-0.10654078329659673,0.005426356589147287
H10,"H10|Pk=0.3;D=0.6;mode=dip|XR",XR,13745,NOINS,12900,21,-0.10580953065632404,-0.14227862983441156,0.11139534883720931,-0.11331720221201551,-0.09781892660849828,-0.10868029593732782,-0.10931177809140105,0.005426356589147287
H10,"H10|Pk=0.3;D=0.6;mode=dip|XR",XR,13745,L10,12379,21,-0.08782053672510523,-0.08900076479326957,0.1013813716778415,-0.092839511415607,-0.08225869051197211,-0.09034359771407516,-0.0945891784814028,0.0036351886258986993
H10,"H10|Pk=0.3;D=0.6;mode=recovery|XT300",XT300,3169,KILL,3143,21,-0.0785261537440485,-0.3063168996567335,0.3070314985682469,-0.09812960114482701,-0.05721673983715462,-0.08420261919620979,-0.07853548228433833,0.032453070314985684
H10,"H10|Pk=0.3;D=0.6;mode=recovery|XT300",XT300,3169,PRIMARY,2869,21,-0.10158457760348708,-0.28481002843514003,0.3035901010805159,-0.12287896248435483,-0.07734188165166266,-0.10769839101037494,-0.10144118157804397,0.02405019170442663
H10,"H10|Pk=0.3;D=0.6;mode=recovery|XT300",XT300,3169,NOINS,2869,21,-0.10239262122534541,-0.2857761383256783,0.3018473335657023,-0.12366878047587462,-0.07817297600842132,-0.10850728041360914,-0.10224929837764073,0.02405019170442663
H10,"H10|Pk=0.3;D=0.6;mode=recovery|XT300",XT300,3169,L10,2688,21,-0.10970952078121135,-0.25225266561800286,0.2786458333333333,-0.13348129773331582,-0.08357910122591385,-0.11942929024769879,-0.11567852569948947,0.015625
H10,"H10|Pk=0.3;D=0.6;mode=recovery|XB",XB,3169,KILL,3143,21,-0.03719397897803878,-0.3057085717128501,0.3324848870505886,-0.04974781488913517,-0.02445058317530168,-0.03821376497775815,-0.03719578532608291,0.0003181673560292714
H10,"H10|Pk=0.3;D=0.6;mode=recovery|XB",XB,3169,PRIMARY,2869,21,-0.08791081493112335,-0.30959186222752355,0.30324154757755317,-0.10351294210073354,-0.07110972684377037,-0.09008477150349198,-0.0873636537303282,0.001742767514813524
H10,"H10|Pk=0.3;D=0.6;mode=recovery|XB",XB,3169,NOINS,2869,21,-0.08887139871794647,-0.3101573215998078,0.3014987800627396,-0.10462434463723025,-0.07191811468326308,-0.09104296478597057,-0.08835972483463113,0.001742767514813524
H10,"H10|Pk=0.3;D=0.6;mode=recovery|XB",XB,3169,L10,2688,21,-0.09239325487864154,-0.2851553958250704,0.27976190476190477,-0.10914329482814086,-0.07265484840463102,-0.1004053020375402,-0.09515357421898941,0.004092261904761905
H10,"H10|Pk=0.3;D=0.6;mode=recovery|XR",XR,3169,KILL,3143,21,-0.01647813156554566,-0.22304230635291777,0.26312440343620747,-0.039472413523388164,0.009911874326251268,-0.02189485136571063,-0.016481562535179697,0.03722558065542475
H10,"H10|Pk=0.3;D=0.6;mode=recovery|XR",XR,3169,PRIMARY,2869,21,-0.09538937439198297,-0.2792847187476133,0.22237713489020564,-0.11609442771793393,-0.0703977891590341,-0.10070003933874368,-0.0936226651033424,0.034158243290345065
H10,"H10|Pk=0.3;D=0.6;mode=recovery|XR",XR,3169,NOINS,2869,21,-0.09677687772789408,-0.2802551473736136,0.22202858138724293,-0.11766353281832147,-0.0716978981288521,-0.10208899502499638,-0.09502042455511457,0.033809689787382365
H10,"H10|Pk=0.3;D=0.6;mode=recovery|XR",XR,3169,L10,2688,21,-0.11360365526551375,-0.26140531155800456,0.21205357142857142,-0.1347764053646918,-0.09023587439073925,-0.11985500755920162,-0.11333749203970231,0.026041666666666668
H10,"H10|Pk=0.5;D=0.4;mode=dip|XT300",XT300,6305,KILL,6252,21,-0.29195045072171916,-0.577259101537237,0.23432501599488165,-0.3159275264276019,-0.26405949196359446,-0.2947993127970904,-0.2919422637533166,0.03966730646193218
H10,"H10|Pk=0.5;D=0.4;mode=dip|XT300",XT300,6305,PRIMARY,5850,21,-0.14671079278331925,-0.14283377851131906,0.2299145299145299,-0.16199657328432493,-0.13056123535964323,-0.15015296138525172,-0.15421993028147102,0.032136752136752135
H10,"H10|Pk=0.5;D=0.4;mode=dip|XT300",XT300,6305,NOINS,5850,21,-0.14796174201878856,-0.14527806378930083,0.2294017094017094,-0.16377923237337896,-0.13155981138640963,-0.15140455243766346,-0.1554537354659362,0.03196581196581197
H10,"H10|Pk=0.5;D=0.4;mode=dip|XT300",XT300,6305,L10,5530,21,-0.12095314154190928,-0.08956156779834372,0.21934900542495478,-0.13622208512150122,-0.10428078670523827,-0.12532560160139053,-0.1342612296911203,0.022603978300180832
H10,"H10|Pk=0.5;D=0.4;mode=dip|XB",XB,6305,KILL,6252,21,-0.13932558241497978,-0.30867517038953285,0.22536788227767116,-0.15114048702013566,-0.12497340749686744,-0.14000067146456982,-0.13931915048735297,0.0001599488163787588
H10,"H10|Pk=0.5;D=0.4;mode=dip|XB",XB,6305,PRIMARY,5850,21,-0.10232561131516513,-0.18716504097111286,0.232991452991453,-0.1122245647903637,-0.09135374475543175,-0.10394158347358474,-0.10368973720465303,0.002393162393162393
H10,"H10|Pk=0.5;D=0.4;mode=dip|XB",XB,6305,NOINS,5850,21,-0.10355727627158044,-0.18842138173398276,0.23213675213675214,-0.11353225247920826,-0.09242090130051585,-0.10517206831047578,-0.1047800901005458,0.0020512820512820513
H10,"H10|Pk=0.5;D=0.4;mode=dip|XB",XB,6305,L10,5530,21,-0.09753444352258192,-0.1154899044198727,0.20596745027124774,-0.10768860832242527,-0.08716432885379168,-0.09933568547332322,-0.10452468030405329,0.002531645569620253
H10,"H10|Pk=0.5;D=0.4;mode=dip|XR",XR,6305,KILL,6252,21,-0.15898848071324395,-0.3123547883189891,0.17418426103646834,-0.17249982063064428,-0.1421157495087801,-0.16136816157224504,-0.15897936251531458,0.03694817658349328
H10,"H10|Pk=0.5;D=0.4;mode=dip|XR",XR,6305,PRIMARY,5850,21,-0.12064200003601468,-0.1658765336000739,0.1752136752136752,-0.13653166372501316,-0.10457398067523482,-0.12341038641296224,-0.12103745155987039,0.03675213675213675
H10,"H10|Pk=0.5;D=0.4;mode=dip|XR",XR,6305,NOINS,5850,21,-0.12174026569472944,-0.16690268241952458,0.1741880341880342,-0.13745453476690275,-0.10565274325524596,-0.12450917842774263,-0.12207249144836571,0.03675213675213675
H10,"H10|Pk=0.5;D=0.4;mode=dip|XR",XR,6305,L10,5530,21,-0.11014206941102116,-0.11750422749214845,0.16184448462929477,-0.12568389293617604,-0.09252806705866064,-0.11251706267365363,-0.11718253771798282,0.03074141048824593
H10,"H10|Pk=0.5;D=0.4;mode=recovery|XT300",XT300,3333,KILL,3292,21,-0.10722417996756438,-0.20606214185453575,0.35753341433778857,-0.1290578432404545,-0.0818199567472067,-0.11043196712349508,-0.10723756590689296,0.08049817739975698
H10,"H10|Pk=0.5;D=0.4;mode=recovery|XT300",XT300,3333,PRIMARY,3056,21,-0.12550814320781675,-0.20786750264328066,0.34227748691099474,-0.14970109056913616,-0.09719546487111304,-0.12894209954100624,-0.12222830368181285,0.06544502617801047
H10,"H10|Pk=0.5;D=0.4;mode=recovery|XT300",XT300,3333,NOINS,3056,21,-0.1259793604631934,-0.2078736608687741,0.34195026178010474,-0.15015691655881563,-0.09767369637798953,-0.12941351676458768,-0.1227037151687916,0.06544502617801047
H10,"H10|Pk=0.5;D=0.4;mode=recovery|XT300",XT300,3333,L10,2880,21,-0.11405711187177003,-0.19368980900696547,0.33993055555555557,-0.1382823386942776,-0.08703999862149459,-0.12155240253375624,-0.11701633911950432,0.05138888888888889
H10,"H10|Pk=0.5;D=0.4;mode=recovery|XB",XB,3333,KILL,3292,21,-0.04764181413063619,-0.3053383314262972,0.3301944106925881,-0.06356106131594533,-0.030435657823900973,-0.049029724948677016,-0.04764920547008061,0.011239368165249088
H10,"H10|Pk=0.5;D=0.4;mode=recovery|XB",XB,3333,PRIMARY,3056,21,-0.09193024155404847,-0.29590746665171985,0.31773560209424084,-0.10688017268112389,-0.07341309282003147,-0.09375802856769339,-0.09031420002423374,0.017015706806282723
H10,"H10|Pk=0.5;D=0.4;mode=recovery|XB",XB,3333,NOINS,3056,21,-0.09257976855051038,-0.2955949289200904,0.31642670157068065,-0.10797545386973689,-0.07393869585085057,-0.09440724695874872,-0.09102910722714247,0.01668848167539267
H10,"H10|Pk=0.5;D=0.4;mode=recovery|XB",XB,3333,L10,2880,21,-0.09072778982821944,-0.2572165138323551,0.30069444444444443,-0.1065903154944089,-0.07399340362958597,-0.09430294769265533,-0.09186237253106201,0.016666666666666666
H10,"H10|Pk=0.5;D=0.4;mode=recovery|XR",XR,3333,KILL,3292,21,-0.05111654311418031,-0.23264945027610567,0.258505467800729,-0.0682305257573242,-0.029038654150816804,-0.05427620014957849,-0.05112287081479955,0.08140947752126367
H10,"H10|Pk=0.5;D=0.4;mode=recovery|XR",XR,3333,PRIMARY,3056,21,-0.10100295512957087,-0.24812508355602034,0.24770942408376964,-0.1212162878253371,-0.07588606578932737,-0.1043269038243027,-0.09909096329775649,0.07951570680628273
H10,"H10|Pk=0.5;D=0.4;mode=recovery|XR",XR,3333,NOINS,3056,21,-0.10193146830448668,-0.24916940186150338,0.24770942408376964,-0.12210987299803856,-0.07683364504839778,-0.10525632936854137,-0.10003229975070861,0.07951570680628273
H10,"H10|Pk=0.5;D=0.4;mode=recovery|XR",XR,3333,L10,2880,21,-0.09557548408858008,-0.22751199236961298,0.2454861111111111,-0.11566730678493163,-0.07044179754713181,-0.10209051405127606,-0.09864797456094831,0.07152777777777777
H10,"H10|Pk=0.5;D=0.6;mode=dip|XT300",XT300,5453,KILL,5403,21,-0.30409333940359107,-0.5452867419531366,0.16898019618730334,-0.325212369673725,-0.282676722597919,-0.3073968519545253,-0.30408490544062383,0.01351101240051823
H10,"H10|Pk=0.5;D=0.6;mode=dip|XT300",XT300,5453,PRIMARY,5123,21,-0.11359779313660576,-0.1215597779287115,0.1782158891274644,-0.1260510661554497,-0.10114860954039777,-0.11871025231104333,-0.11851917818062442,0.009955104430997463
H10,"H10|Pk=0.5;D=0.6;mode=dip|XT300",XT300,5453,NOINS,5123,21,-0.1151155489660355,-0.12335597044552392,0.1778254928752684,-0.12754442736125354,-0.10268823748631957,-0.12022889741798912,-0.11997303482823723,0.009955104430997463
H10,"H10|Pk=0.5;D=0.6;mode=dip|XT300",XT300,5453,L10,4909,21,-0.07691924748590333,-0.07594519456770449,0.16520676308820534,-0.0919365498644827,-0.06259068654440234,-0.08279201441144284,-0.08542590714675469,0.007129761662253004
H10,"H10|Pk=0.5;D=0.6;mode=dip|XB",XB,5453,KILL,5403,21,-0.1720744104390985,-0.30795015173374457,0.16694429020914306,-0.18252277301138842,-0.16061675275270926,-0.1729538614280186,-0.17207113162108628,0
H10,"H10|Pk=0.5;D=0.6;mode=dip|XB",XB,5453,PRIMARY,5123,21,-0.09493842588828509,-0.14858373751542298,0.17899668163185634,-0.10385459800418562,-0.08578875305591767,-0.09687950491235693,-0.09528839338692342,0.00039039625219597894
H10,"H10|Pk=0.5;D=0.6;mode=dip|XB",XB,5453,NOINS,5123,21,-0.09640432220071037,-0.1515658508754866,0.1780206910013664,-0.10534299931074428,-0.08719852670686745,-0.09834368759397041,-0.09669880852682071,0.00039039625219597894
H10,"H10|Pk=0.5;D=0.6;mode=dip|XB",XB,5453,L10,4909,21,-0.07845921501997666,-0.09020287941250446,0.1619474434711754,-0.08656187417581011,-0.07105091303792828,-0.08128968938723292,-0.0860025741057411,0.0006111224281931147
H10,"H10|Pk=0.5;D=0.6;mode=dip|XR",XR,5453,KILL,5403,21,-0.18962412876149048,-0.36469927864285356,0.1345548769202295,-0.2034880284592765,-0.17659157537451578,-0.1925121147234624,-0.18961854541833226,0.012215435868961688
H10,"H10|Pk=0.5;D=0.6;mode=dip|XR",XR,5453,PRIMARY,5123,21,-0.11257615700836908,-0.14212916978725826,0.1309779426117509,-0.12564812989600693,-0.09930978692611983,-0.11676659629188979,-0.11420106345528688,0.010931095061487409
H10,"H10|Pk=0.5;D=0.6;mode=dip|XR",XR,5453,NOINS,5123,21,-0.11438781035122432,-0.14477719725288743,0.13058754635955494,-0.12747684434376397,-0.10116204353087364,-0.11857924647106821,-0.11602937031799,0.010931095061487409
H10,"H10|Pk=0.5;D=0.6;mode=dip|XR",XR,5453,L10,4909,21,-0.08826259240685498,-0.09287123690364213,0.13057649215726216,-0.10007289979582387,-0.07727957875643608,-0.09344543236375794,-0.09519632894547937,0.008352006518639234
H10,"H10|Pk=0.5;D=0.6;mode=recovery|XT300",XT300,1533,KILL,1511,21,-0.05741561792312981,-0.18744992786428535,0.35936465916611515,-0.08025006518633344,-0.03188498523865107,-0.06463926035849,-0.05742275677119214,0.054268696227663796
H10,"H10|Pk=0.5;D=0.6;mode=recovery|XT300",XT300,1533,PRIMARY,1411,21,-0.07500911995067874,-0.1962084202663306,0.35223245924875973,-0.10361258744641776,-0.043398082266757954,-0.08269588172714942,-0.07268597831085145,0.041814316087880936
H10,"H10|Pk=0.5;D=0.6;mode=recovery|XT300",XT300,1533,NOINS,1411,21,-0.07564065514161294,-0.1971167469443742,0.35152374202693126,-0.10421427745535955,-0.04405529979793525,-0.08332819210641614,-0.07332229759439356,0.041814316087880936
H10,"H10|Pk=0.5;D=0.6;mode=recovery|XT300",XT300,1533,L10,1319,21,-0.08749764507176239,-0.19395514314632897,0.33206974981046244,-0.12012268873281086,-0.05298747167100087,-0.09747757747015925,-0.08889261177951133,0.030326004548900682
H10,"H10|Pk=0.5;D=0.6;mode=recovery|XB",XB,1533,KILL,1511,21,-0.0307762803805745,-0.30485363912243174,0.34083388484447386,-0.049501567989032234,-0.01182128303702,-0.03281527470709709,-0.030782119614884317,0.0006618133686300463
H10,"H10|Pk=0.5;D=0.6;mode=recovery|XB",XB,1533,PRIMARY,1411,21,-0.06925619009734166,-0.30169169884574487,0.32459248759744863,-0.08893257256918838,-0.04764883355347582,-0.07304678567391806,-0.06701668936321102,0.003543586109142452
H10,"H10|Pk=0.5;D=0.6;mode=recovery|XB",XB,1533,NOINS,1411,21,-0.06877549106780834,-0.30194567698969077,0.32459248759744863,-0.08863151759207381,-0.047171540631921895,-0.07256292666721904,-0.06655911342250678,0.003543586109142452
H10,"H10|Pk=0.5;D=0.6;mode=recovery|XB",XB,1533,L10,1319,21,-0.07478527830520106,-0.2637654645697532,0.30022744503411675,-0.10342794807367135,-0.047997288305837396,-0.08271557978814999,-0.07539991926897671,0.006823351023502654
H10,"H10|Pk=0.5;D=0.6;mode=recovery|XR",XR,1533,KILL,1511,21,-0.027165776774014192,-0.2237683697328491,0.25810721376571805,-0.05414465298345628,0.0022560008710534414,-0.03419080150115796,-0.027186229268000607,0.0628722700198544
H10,"H10|Pk=0.5;D=0.6;mode=recovery|XR",XR,1533,PRIMARY,1411,21,-0.07459135987053007,-0.2506794637096348,0.23954642097802978,-0.10030654807416035,-0.04591020993605184,-0.08206416673470751,-0.07167228574160045,0.059532246633593196
H10,"H10|Pk=0.5;D=0.6;mode=recovery|XR",XR,1533,NOINS,1411,21,-0.07602782171801603,-0.25098719816494097,0.23954642097802978,-0.10167127766446422,-0.04748240815434569,-0.08350368918248574,-0.07311970003743176,0.058823529411764705
H10,"H10|Pk=0.5;D=0.6;mode=recovery|XR",XR,1533,L10,1319,21,-0.08773713862482033,-0.24014758787457577,0.2350265352539803,-0.11944153404888412,-0.053473662523146295,-0.0977176169811653,-0.08631694347821263,0.04624715693707354
H13,"H13|a=60;theta=0;cfg=C1|XB",XB,3769,KILL,3769,17,0.12462622598708174,-0.03461657628973683,0.3518174582117273,0.09834202624194362,0.15427921014634757,0.11450887108427552,0.12462151064018076,0.0013266118333775537
H13,"H13|a=60;theta=0;cfg=C1|XB",XB,3769,PRIMARY,3769,17,0.15817135952413008,-0.026763288547025622,0.35685858317856195,0.13201945932661402,0.1874210580146754,0.14792890785026747,0.15821109946709028,0.0023879013000795966
H13,"H13|a=60;theta=0;cfg=C1|XB",XB,3769,NOINS,3769,17,0.15275455159408538,-0.033136376804355425,0.3504908463783497,0.12675477801138163,0.1818404372183844,0.14250778488469515,0.1528158274082781,0.0023879013000795966
H13,"H13|a=60;theta=0;cfg=C1|XB",XB,3769,L10,3692,17,0.1540692881486549,-0.02676371368029594,0.3434452871072589,0.12870764211716174,0.1824903923966072,0.14360249282804316,0.15458160830195486,0.002979414951245937
H13,"H13|a=60;theta=0.05;cfg=C1|XB",XB,2143,KILL,2143,17,0.22357716610463338,0.030986945923088403,0.5230984601026598,0.19233004945198298,0.2580758878140705,0.20591122884126253,0.2235701750956706,0.0013999066728884741
H13,"H13|a=60;theta=0.05;cfg=C1|XB",XB,2143,PRIMARY,2143,17,0.2691056091627351,0.03743342490385096,0.5300979934671022,0.2305807668750419,0.31555639644223543,0.2512363239969138,0.2689833750018203,0.003733084461035931
H13,"H13|a=60;theta=0.05;cfg=C1|XB",XB,2143,NOINS,2143,17,0.2641155508390758,0.02963469357174966,0.5212319178721418,0.22646237824866966,0.3096514954564886,0.24623927026438994,0.2640318089416274,0.003733084461035931
H13,"H13|a=60;theta=0.05;cfg=C1|XB",XB,2143,L10,2093,17,0.2644174449410479,0.01262209679836172,0.5136168179646441,0.22672733918232768,0.30801808492728616,0.24610119447819345,0.26431030282200657,0.004300047778308648
H13,"H13|a=60;theta=0;cfg=C2|XB",XB,5001,KILL,5001,17,0.09509342564317694,-0.0368776677777225,0.3149370125974805,0.07388021190689273,0.11640386433556708,0.08744454429118859,0.09508856024086308,0.0021995600879824036
H13,"H13|a=60;theta=0;cfg=C2|XB",XB,5001,PRIMARY,5001,17,0.12747769149350222,-0.027521482443434393,0.3191361727654469,0.10496611712894251,0.14872260663407677,0.11974156624182786,0.12751848287374937,0.002999400119976005
H13,"H13|a=60;theta=0;cfg=C2|XB",XB,5001,NOINS,5001,17,0.1218781934504266,-0.0336857999100944,0.3137372525494901,0.09973631641001085,0.14289642076941023,0.11413870715550983,0.12192683134719634,0.002999400119976005
H13,"H13|a=60;theta=0;cfg=C2|XB",XB,5001,L10,4872,17,0.11671016771424089,-0.027389048123533787,0.3006978653530378,0.09613284400090573,0.13786544533393305,0.10875697705927061,0.11765488976774816,0.0034893267651888342
H13,"H13|a=60;theta=0.05;cfg=C2|XB",XB,2323,KILL,2323,17,0.2044000695499925,0.005436097706581762,0.5019371502367628,0.1638954437053339,0.24403999181160083,0.18807996738047628,0.2043919150736954,0.0012914334911752045
H13,"H13|a=60;theta=0.05;cfg=C2|XB",XB,2323,PRIMARY,2323,17,0.24883788297603618,0.008228749812696669,0.5092552733534222,0.20527733194146294,0.29198828436905716,0.23232879959956312,0.24882684461424892,0.0034438226431338786
H13,"H13|a=60;theta=0.05;cfg=C2|XB",XB,2323,NOINS,2323,17,0.24373528768617364,0.0007780051916932907,0.5006457167455876,0.20039519811733483,0.28629995735985403,0.22721960612613631,0.24375865193851087,0.0034438226431338786
H13,"H13|a=60;theta=0.05;cfg=C2|XB",XB,2323,L10,2267,17,0.24333244388717876,-0.005975146096598572,0.49316277018085575,0.20321035859809833,0.2840474866208782,0.22639595162987847,0.24367182800115278,0.003970004411116012
H13,"H13|a=60;theta=0;cfg=C3|XB",XB,5869,KILL,5869,17,0.07068676260769846,-0.03705973600635173,0.2784119952291702,0.054476440214953153,0.08732326963529075,0.06415721453638137,0.07068437767463284,0.002215028113818368
H13,"H13|a=60;theta=0;cfg=C3|XB",XB,5869,PRIMARY,5869,17,0.09984446847583447,-0.02756380800159832,0.28284205145680696,0.08317575301899316,0.11659303166554233,0.09323893597039229,0.0999561109450827,0.0027261884477764527
H13,"H13|a=60;theta=0;cfg=C3|XB",XB,5869,NOINS,5869,17,0.09428419915697991,-0.0336857999100944,0.27807122167319814,0.07804564093577404,0.11079283126559075,0.08767582300886,0.09440623917076701,0.0027261884477764527
H13,"H13|a=60;theta=0;cfg=C3|XB",XB,5869,L10,5718,17,0.0898057899755944,-0.02739279756255931,0.2658272123119972,0.07540881903145313,0.1043130199898717,0.08301579899881927,0.09064535378036384,0.002973067506121021
H13,"H13|a=60;theta=0.05;cfg=C3|XB",XB,2342,KILL,2342,17,0.20424482882582065,0.015649390577583203,0.5093936806148591,0.1703519660426879,0.2389954842872673,0.1880570978487151,0.20424149978179892,0.002134927412467976
H13,"H13|a=60;theta=0.05;cfg=C3|XB",XB,2342,PRIMARY,2342,17,0.24701121353711625,0.02129429598921133,0.5170794192997438,0.20633210897943946,0.29215228920500574,0.23063389269840953,0.24692724653690115,0.004269854824935952
H13,"H13|a=60;theta=0.05;cfg=C3|XB",XB,2342,NOINS,2342,17,0.2420672099950641,0.011627800809150393,0.5085397096498719,0.20179423777528938,0.28662664407412863,0.22568354798037418,0.24202772682485235,0.004269854824935952
H13,"H13|a=60;theta=0.05;cfg=C3|XB",XB,2342,L10,2279,17,0.2413443922008505,0.00026769891613805504,0.5002193944712593,0.20303246678484174,0.28382450068036535,0.22449457558152414,0.2412520310761665,0.005265467310223783
H13,"H13|a=300;theta=0;cfg=C1|XB",XB,1921,KILL,1921,17,0.0631399002620074,-0.03461657628973683,0.29359708485163977,0.023620655623285833,0.11010428953409762,0.04876602257284425,0.06313606698745235,0.0015616866215512754
H13,"H13|a=300;theta=0;cfg=C1|XB",XB,1921,PRIMARY,1921,17,0.09201386908012342,-0.026763288547025622,0.30140551795939613,0.046989014498775836,0.14299433330341174,0.07227452811020892,0.09195080907117947,0.002082248828735034
H13,"H13|a=300;theta=0;cfg=C1|XB",XB,1921,NOINS,1921,17,0.08549851809308091,-0.033136376804355425,0.2920353982300885,0.04063806218759431,0.13656123405661214,0.06574898627178129,0.0854356082306498,0.002082248828735034
H13,"H13|a=300;theta=0;cfg=C1|XB",XB,1921,L10,1915,17,0.09709736929213224,-0.026763288547025622,0.29817232375979114,0.05293044922130799,0.1484096911986333,0.07730406098687073,0.09728189930994605,0.0026109660574412533
H13,"H13|a=300;theta=0.05;cfg=C1|XB",XB,957,KILL,957,17,0.1514683963470201,-0.02122283468484155,0.47126436781609193,0.10389743163134328,0.20793089368394452,0.12284773395754418,0.15146656826165525,0.0020898641588296763
H13,"H13|a=300;theta=0.05;cfg=C1|XB",XB,957,PRIMARY,957,17,0.19384181739936845,-0.013316028170421058,0.48484848484848486,0.142965925311076,0.24843037743675775,0.15447643780258122,0.19390465016466316,0.003134796238244514
H13,"H13|a=300;theta=0.05;cfg=C1|XB",XB,957,NOINS,957,17,0.18612383793591053,-0.020572688676889266,0.4670846394984326,0.1342667860053588,0.2414921425786278,0.1467341879634518,0.186185648598242,0.003134796238244514
H13,"H13|a=300;theta=0.05;cfg=C1|XB",XB,957,L10,954,17,0.20030789193660875,-0.015079971030418061,0.4790356394129979,0.14942150553795897,0.2549371667288894,0.16083872904310362,0.20071582616682787,0.0031446540880503146
H13,"H13|a=300;theta=0;cfg=C2|XB",XB,2571,KILL,2571,17,0.0351001763585893,-0.03461657628973683,0.2707117852975496,0.004596655792329651,0.07007520227979568,0.02430677816229252,0.03508885380336,0.004278490859587709
H13,"H13|a=300;theta=0;cfg=C2|XB",XB,2571,PRIMARY,2571,17,0.058040081252435635,-0.026763288547025622,0.2777129521586931,0.023640044071060132,0.09480494532275476,0.043257379794580275,0.05815177645761191,0.004278490859587709
H13,"H13|a=300;theta=0;cfg=C2|XB",XB,2571,NOINS,2571,17,0.05245583075126146,-0.033136376804355425,0.2703228315830416,0.01818151475798806,0.08921312012934288,0.037666605636277155,0.05257844235219505,0.004278490859587709
H13,"H13|a=300;theta=0;cfg=C2|XB",XB,2571,L10,2558,17,0.05847323025301918,-0.026763288547025622,0.2748240813135262,0.026454300492558362,0.09286690739723294,0.04361582207424413,0.05910401617963468,0.006254886630179828
H13,"H13|a=300;theta=0.05;cfg=C2|XB",XB,1153,KILL,1153,17,0.1213635478280695,-0.03461657628973683,0.43798785776235905,0.07634635268285546,0.17141323669961744,0.09754230742362026,0.12135803344588135,0.004336513443191674
H13,"H13|a=300;theta=0.05;cfg=C2|XB",XB,1153,PRIMARY,1153,17,0.15757141589981427,-0.026763288547025622,0.45099739809193407,0.10687641939179385,0.20721711039027318,0.12482064777822008,0.15748347422150266,0.005203816131830009
H13,"H13|a=300;theta=0.05;cfg=C2|XB",XB,1153,NOINS,1153,17,0.1508337203792842,-0.03251126317366765,0.43538594969644406,0.10002806108177775,0.20075769937020585,0.11806537566067912,0.15074638087455347,0.005203816131830009
H13,"H13|a=300;theta=0.05;cfg=C2|XB",XB,1153,L10,1149,17,0.1625118388539209,-0.026763288547025622,0.4464751958224543,0.11287072694287893,0.2123684551604377,0.12965969044993222,0.16298649242321783,0.006962576153176675
H13,"H13|a=300;theta=0;cfg=C3|XB",XB,3041,KILL,3041,17,0.027019631498115197,-0.03461657628973683,0.23117395593554751,0.005563597790747232,0.05174761682803158,0.017888068561092575,0.02701575648679867,0.00295955277869122
H13,"H13|a=300;theta=0;cfg=C3|XB",XB,3041,PRIMARY,3041,17,0.04911203733769404,-0.026763288547025622,0.23939493587635646,0.025848520574890947,0.07509420330934038,0.03660750755641852,0.049212926834465716,0.0036172311739559354
H13,"H13|a=300;theta=0;cfg=C3|XB",XB,3041,NOINS,3041,17,0.043258063467266586,-0.033136376804355425,0.2321604735284446,0.019900770707336608,0.06914659600525457,0.03074775293496535,0.0433673639195967,0.0036172311739559354
H13,"H13|a=300;theta=0;cfg=C3|XB",XB,3041,L10,3025,17,0.051568839809154464,-0.026763288547025622,0.23735537190082645,0.030532646135851032,0.07558313482433691,0.03900054362513714,0.05217141200432098,0.004297520661157025
H13,"H13|a=300;theta=0.05;cfg=C3|XB",XB,1092,KILL,1092,17,0.13013424884256197,-0.03461657628973683,0.43772893772893773,0.08713382533341953,0.18266986500037974,0.10500283069557104,0.13013814572084698,0.0018315018315018315
H13,"H13|a=300;theta=0.05;cfg=C3|XB",XB,1092,PRIMARY,1092,17,0.16649936288815692,-0.026763288547025622,0.44963369963369965,0.11683242801171528,0.2189178912022813,0.1319386654603625,0.1664028306951283,0.0027472527472527475
H13,"H13|a=300;theta=0.05;cfg=C3|XB",XB,1092,NOINS,1092,17,0.1601023772660972,-0.0325730133359972,0.4340659340659341,0.11039674502570311,0.21283449536653812,0.1255240572883788,0.16000580638388173,0.0027472527472527475
H13,"H13|a=300;theta=0.05;cfg=C3|XB",XB,1092,L10,1088,17,0.17266747848090555,-0.026763288547025622,0.44577205882352944,0.12087240922566038,0.22667146695762494,0.13799642304119122,0.1728692621826094,0.004595588235294118
H17,"H17|lo=0.05;hi=0.2|XT60",XT60,3128,KILL,3106,21,0.06125872584439369,-0.03461657628973683,0.41629104958145524,0.020312703615979467,0.10863943953448674,0.04886851722525821,0.061296427262162376,0.0051513200257566
H17,"H17|lo=0.05;hi=0.2|XT60",XT60,3128,PRIMARY,2698,21,0.03990843992978767,-0.02689077595138842,0.40696812453669384,-0.00003068332879912611,0.09147044949141393,0.025513300636291193,0.039823301144424984,0.00407709414381023
H17,"H17|lo=0.05;hi=0.2|XT60",XT60,3128,NOINS,2698,21,0.036724291353521135,-0.03293389948147462,0.40252038547071906,-0.003083435638820719,0.08821597973880782,0.022325607556946653,0.036652826500115775,0.00407709414381023
H17,"H17|lo=0.05;hi=0.2|XT60",XT60,3128,L10,2410,21,-0.030575405809125124,-0.028052540680714014,0.3365145228215768,-0.06439488070346117,0.006310634133517068,-0.03871208980819903,-0.03129279314385554,0.0037344398340248964
H17,"H17|lo=0.05;hi=0.2|XT300",XT300,3128,KILL,3106,21,0.008123374237332004,-0.1668157504601761,0.2611075338055377,-0.04236790425828171,0.07193600577419157,-0.00432217440302564,0.008150205925558054,0.025434642627173213
H17,"H17|lo=0.05;hi=0.2|XT300",XT300,3128,PRIMARY,2698,21,0.0013418481998050667,-0.1149623359048855,0.26278724981467755,-0.04443297171654566,0.064658909835468,-0.013126523531683297,-0.0012728856650495693,0.02631578947368421
H17,"H17|lo=0.05;hi=0.2|XT300",XT300,3128,NOINS,2698,21,-0.0010465152973085418,-0.11734172407311234,0.259822090437361,-0.046743565303123506,0.062279164254414744,-0.015517545689460824,-0.003635200247503052,0.02631578947368421
H17,"H17|lo=0.05;hi=0.2|XT300",XT300,3128,L10,2410,21,-0.04018813827085016,-0.06618364105784792,0.22697095435684647,-0.06680129314113963,-0.007885701420920366,-0.056438994716269425,-0.041292403965017,0.024066390041493777
H17,"H17|lo=0.05;hi=0.2|XT1800",XT1800,3128,KILL,3106,21,-0.0336244079935922,-0.2628615394387166,0.15389568576947843,-0.08690285082500061,0.03337430624061318,-0.04612187166112685,-0.03362983179437949,0.043142305215711524
H17,"H17|lo=0.05;hi=0.2|XT1800",XT1800,3128,PRIMARY,2698,21,-0.03135142774602602,-0.23590566715666658,0.15678280207561157,-0.08154042645078068,0.0329617079248515,-0.04585619273459764,-0.036241765188151,0.044848035581912526
H17,"H17|lo=0.05;hi=0.2|XT1800",XT1800,3128,NOINS,2698,21,-0.0333450785244534,-0.23920230324559413,0.15492957746478872,-0.08348007976205053,0.030990518680261626,-0.04785206279032812,-0.03820530327138401,0.044848035581912526
H17,"H17|lo=0.05;hi=0.2|XT1800",XT1800,3128,L10,2410,21,-0.062006761836137674,-0.15907304662449798,0.13900414937759337,-0.09162886359772777,-0.02638630978098166,-0.07832302326715823,-0.06844165107092874,0.04024896265560166
H17,"H17|lo=0.05;hi=0.2|XB",XB,3128,KILL,3106,21,0.15337184296231707,-0.03461657628973683,0.4745653573728268,0.12110313295317168,0.19776446488263053,0.14107032956639357,0.1534425948135117,0.008048937540244688
H17,"H17|lo=0.05;hi=0.2|XB",XB,3128,PRIMARY,2698,21,0.11531344160127138,-0.03466544617938853,0.42031134173461826,0.07693742391097286,0.16866908108733877,0.10097193991809618,0.11520939872832,0.009636767976278725
H17,"H17|lo=0.05;hi=0.2|XB",XB,3128,NOINS,2698,21,0.11154732775405182,-0.039447190450027474,0.41697553743513716,0.07304664949728834,0.16488061608427212,0.09720163373635289,0.11145505744450203,0.009636767976278725
H17,"H17|lo=0.05;hi=0.2|XB",XB,3128,L10,2410,21,0.04899492372684721,-0.0437040528025726,0.31825726141078836,0.013335570071136145,0.09084079939269897,0.03285522190793074,0.04845791509858247,0.011203319502074689
H17,"H17|lo=0.05;hi=0.2|XR",XR,3128,KILL,3106,21,0.19088910061002606,-0.043323764986816574,0.3956857694784289,0.144711947088254,0.25137309076723197,0.17862025102836024,0.19097515906651474,0.03380553766902769
H17,"H17|lo=0.05;hi=0.2|XR",XR,3128,PRIMARY,2698,21,0.04283660304198302,-0.11434041499684519,0.26945885841363976,-0.003660735100468214,0.10271870199992315,0.028414422132211764,0.042207310024847344,0.03558191252779837
H17,"H17|lo=0.05;hi=0.2|XR",XR,3128,NOINS,2698,21,0.04031617352582653,-0.11825774059557576,0.2664936990363232,-0.006596901373097646,0.10045205890753674,0.025891186943123853,0.039707987367303216,0.03558191252779837
H17,"H17|lo=0.05;hi=0.2|XR",XR,3128,L10,2410,21,-0.023778691979197346,-0.10066919106842415,0.1987551867219917,-0.055746597939183275,0.013096611949865859,-0.04004730729074489,-0.027431509805617142,0.034854771784232366
H17,"H17|lo=0.05;hi=0.2|XG",XG,3128,KILL,3106,21,0.046003974310243036,-0.27597772747624494,0.13329040566645203,-0.01071169554790688,0.12163092162451158,0.033586383335814485,0.046027564091838634,0.03219575016097875
H17,"H17|lo=0.05;hi=0.2|XG",XG,3128,PRIMARY,2698,21,-0.012046378652335231,-0.2347235299469561,0.1397331356560415,-0.06950816659308082,0.06190784643396513,-0.026529653790338524,-0.016781300924787714,0.03780578206078577
H17,"H17|lo=0.05;hi=0.2|XG",XG,3128,NOINS,2698,21,-0.01390474971498856,-0.23722004169477157,0.13787991104521868,-0.07129553286987585,0.06006835890758971,-0.028390093540630174,-0.018611969328421706,0.03780578206078577
H17,"H17|lo=0.05;hi=0.2|XG",XG,3128,L10,2410,21,-0.056468842272355185,-0.16531939194963818,0.12738589211618256,-0.09180906139479687,-0.013042624524670188,-0.07277820143553514,-0.06265759261264171,0.036929460580912864
H17,"H17|lo=0.2;hi=5|XT60",XT60,67948,KILL,67261,21,-0.0923944267466731,-0.28914009253270984,0.22348760797490375,-0.10001114296961781,-0.0828975200244131,-0.0929421122142501,-0.09239236496998154,0.0017246249684066547
H17,"H17|lo=0.2;hi=5|XT60",XT60,67948,PRIMARY,57899,21,-0.10403057488653263,-0.24790715623734869,0.2027150727991848,-0.11085342235057793,-0.09613276569467388,-0.10466577791934803,-0.10635634688527454,0.000846301317812052
H17,"H17|lo=0.2;hi=5|XT60",XT60,67948,NOINS,57899,21,-0.10673463980305527,-0.2505785924778982,0.2004352406777319,-0.11354175276559889,-0.09884937192514481,-0.10736997795937148,-0.10903497593395918,0.000846301317812052
H17,"H17|lo=0.2;hi=5|XT60",XT60,67948,L10,54243,21,-0.0817497786329736,-0.0897091126280291,0.1576608963368545,-0.08589841558590766,-0.07685177929161915,-0.08232469182105391,-0.08701325715406741,0.00029496893608391866
H17,"H17|lo=0.2;hi=5|XT300",XT300,67948,KILL,67261,21,-0.14857090750889307,-0.32365939008009553,0.12296873373871932,-0.15588764860114857,-0.13941588916499997,-0.14913027377368956,-0.14857065059744037,0.0046832488366215196
H17,"H17|lo=0.2;hi=5|XT300",XT300,67948,PRIMARY,57899,21,-0.15492736891340322,-0.2897991249447067,0.11279987564552064,-0.16193575807700308,-0.14635136435544546,-0.1555897488667224,-0.15887586999397255,0.002884333062747198
H17,"H17|lo=0.2;hi=5|XT300",XT300,67948,NOINS,57899,21,-0.15718047423017054,-0.2923058557091674,0.11179813122851863,-0.1641884189146645,-0.14860324270601258,-0.15784297093224378,-0.16109019861365742,0.0028670616072816457
H17,"H17|lo=0.2;hi=5|XT300",XT300,67948,L10,54243,21,-0.11036070595526098,-0.15867274555372218,0.09568054864222111,-0.11477422644358994,-0.10581325171901129,-0.11104584915297422,-0.11818017479492526,0.0015854580314510628
H17,"H17|lo=0.2;hi=5|XT1800",XT1800,67948,KILL,67261,21,-0.19758708417581675,-0.33734699766180787,0.0578641411813681,-0.2059955822165626,-0.18785124941869366,-0.19816230036837246,-0.1975848623121098,0.01164121853674492
H17,"H17|lo=0.2;hi=5|XT1800",XT1800,67948,PRIMARY,57899,21,-0.19887933501676017,-0.3042679987026286,0.05169346620839738,-0.20621181646474307,-0.19045669890586184,-0.19955396165306033,-0.20458903735802944,0.00796214096961951
H17,"H17|lo=0.2;hi=5|XT1800",XT1800,67948,NOINS,57899,21,-0.2009516674300764,-0.3065051595424654,0.05136530855455189,-0.208282434299745,-0.19252386730871596,-0.20162640144714986,-0.20661738513892627,0.00796214096961951
H17,"H17|lo=0.2;hi=5|XT1800",XT1800,67948,L10,54243,21,-0.14234287565290846,-0.19001532404579025,0.04572018509300739,-0.14797178926475552,-0.1369644593630753,-0.14306168856011123,-0.15402975140680697,0.005180391939973821
H17,"H17|lo=0.2;hi=5|XB",XB,67948,KILL,67261,21,-0.06306071571402345,-0.3001437540420875,0.2814855562658896,-0.06763090982311186,-0.057415918814327505,-0.06342671642507944,-0.06305999367897905,0.0002527467626113201
H17,"H17|lo=0.2;hi=5|XB",XB,67948,PRIMARY,57899,21,-0.0861436450350219,-0.2653190546120596,0.22839772707646072,-0.09177285255811944,-0.07850715393009597,-0.08662582737017153,-0.08764251941320758,0.0002763432874488333
H17,"H17|lo=0.2;hi=5|XB",XB,67948,NOINS,57899,21,-0.08903379526285256,-0.2676282970926634,0.22653240988618112,-0.09467906782884682,-0.08147441273588302,-0.08951561904717034,-0.09052483758513068,0.0002763432874488333
H17,"H17|lo=0.2;hi=5|XB",XB,67948,L10,54243,21,-0.08100584068867962,-0.13711381748515664,0.14750290360046459,-0.08520734586230676,-0.07621635344655744,-0.08142166614165915,-0.08572639326643545,0.00018435558505244917
H17,"H17|lo=0.2;hi=5|XR",XR,67948,KILL,67261,21,-0.056628055860195245,-0.23761842694393315,0.2248405465277055,-0.06503140563856234,-0.04614092741657809,-0.05718984339383622,-0.056626262071879964,0.0036127919596794576
H17,"H17|lo=0.2;hi=5|XR",XR,67948,PRIMARY,57899,21,-0.1326945412824785,-0.2636076519654363,0.1413323200746127,-0.13852980748446053,-0.12545515723010267,-0.13336187655402804,-0.13577753247396182,0.0030743190728682707
H17,"H17|lo=0.2;hi=5|XR",XR,67948,NOINS,57899,21,-0.1353541982755788,-0.26640474635133,0.14001968945923074,-0.1411686485144079,-0.12815100613079522,-0.1360216713616764,-0.1384144430018785,0.0030743190728682707
H17,"H17|lo=0.2;hi=5|XR",XR,67948,L10,54243,21,-0.11087646908548138,-0.1573185623920002,0.09013144553214239,-0.11456142759938291,-0.10651415732868534,-0.11158093619120853,-0.11885313077616003,0.0024888003982080635
H17,"H17|lo=0.2;hi=5|XG",XG,67948,KILL,67261,21,-0.15395636592375272,-0.3061291080045769,0.044171213630484235,-0.1633361448137091,-0.14377942379687172,-0.15451618616252372,-0.1539518743941261,0.0021557812105083185
H17,"H17|lo=0.2;hi=5|XG",XG,67948,PRIMARY,57899,21,-0.1778924026558675,-0.2908243344488287,0.04495759857683207,-0.18723918033761336,-0.16688630178103925,-0.17856611983102708,-0.18215967126571325,0.0034542910931104165
H17,"H17|lo=0.2;hi=5|XG",XG,67948,NOINS,57899,21,-0.17958144193489586,-0.29230263622741964,0.0448366983885732,-0.18889421711428828,-0.16858460689193067,-0.18025493430815903,-0.18377672602414352,0.0034370196376448644
H17,"H17|lo=0.2;hi=5|XG",XG,67948,L10,54243,21,-0.13313924178019576,-0.18749567006922807,0.04072414873808602,-0.1392790968949175,-0.1270711088719155,-0.13383386046172052,-0.14295104870016093,0.003244658296923105
H17,"H17|lo=5;hi=Infinity|XT60",XT60,17108,KILL,16940,21,-0.23062978676863774,-0.3906519775135565,0.12668240850059032,-0.2472117308861779,-0.21314346417343263,-0.23253551538277362,-0.23052701765751207,0.012160566706021251
H17,"H17|lo=5;hi=Infinity|XT60",XT60,17108,PRIMARY,15086,21,-0.21998150369545055,-0.32413680990775134,0.10970436165981705,-0.230012855388455,-0.20914505387032603,-0.2221172756301339,-0.22818385892198503,0.0051040699986742676
H17,"H17|lo=5;hi=Infinity|XT60",XT60,17108,NOINS,15086,21,-0.22229132830485426,-0.326251821730668,0.10864377568606655,-0.23227928090365638,-0.2114669255237921,-0.22442755965969202,-0.23048561661463204,0.005037783375314861
H17,"H17|lo=5;hi=Infinity|XT60",XT60,17108,L10,14924,21,-0.12015451529268217,-0.07007648521294368,0.09065934065934066,-0.12834595505690455,-0.1113785039992357,-0.12242380656949502,-0.13524250627616444,0.002680246582685607
H17,"H17|lo=5;hi=Infinity|XT300",XT300,17108,KILL,16940,21,-0.2590267833581767,-0.43277374583605865,0.08943329397874852,-0.2734757890872677,-0.2444548905167309,-0.26093769164917163,-0.2589478745962967,0.019834710743801654
H17,"H17|lo=5;hi=Infinity|XT300",XT300,17108,PRIMARY,15086,21,-0.24441057583244052,-0.36307833680097057,0.07596447036987936,-0.25671855766009266,-0.23081868559003152,-0.24655120669548253,-0.25331027808149437,0.01146758584117725
H17,"H17|lo=5;hi=Infinity|XT300",XT300,17108,NOINS,15086,21,-0.2464714637586157,-0.36518763510361374,0.07563303725308233,-0.2587951576243727,-0.2327498410809352,-0.2486125045284355,-0.255352106555878,0.011401299217817844
H17,"H17|lo=5;hi=Infinity|XT300",XT300,17108,L10,14924,21,-0.13626505003749717,-0.10706878695497685,0.06566604127579738,-0.14677904128562605,-0.12486674235009591,-0.1387640024840449,-0.1521926832018563,0.006633610292146878
H17,"H17|lo=5;hi=Infinity|XT1800",XT1800,17108,KILL,16940,21,-0.2768981414888862,-0.4540696946685613,0.05690672963400236,-0.29348986233127633,-0.26209149568014245,-0.27881221529462186,-0.2768307092081352,0.030342384887839434
H17,"H17|lo=5;hi=Infinity|XT1800",XT1800,17108,PRIMARY,15086,21,-0.2616896497636785,-0.391306205857951,0.04726236245525653,-0.2741824187216603,-0.24724383850371467,-0.2638606457482518,-0.2710044275371304,0.01995227363118123
H17,"H17|lo=5;hi=Infinity|XT1800",XT1800,17108,NOINS,15086,21,-0.26376405664385505,-0.3934747315318915,0.046997215961818904,-0.27623134811819844,-0.2493599289134481,-0.2659354652167897,-0.2730625249408349,0.019819700384462416
H17,"H17|lo=5;hi=Infinity|XT1800",XT1800,17108,L10,14924,21,-0.14959009368462392,-0.1670192415079223,0.041342803537925486,-0.1604182366417508,-0.13809481890681805,-0.1522179945139231,-0.16761771624519706,0.013803269900830877
H17,"H17|lo=5;hi=Infinity|XB",XB,17108,KILL,16940,21,-0.18495710469557017,-0.32353497835928563,0.1923258559622196,-0.19413249529290622,-0.17427117476665166,-0.1857817876110119,-0.18482161799451283,0.004132231404958678
H17,"H17|lo=5;hi=Infinity|XB",XB,17108,PRIMARY,15086,21,-0.19462320762160668,-0.31303568253334,0.1473551637279597,-0.2043974135388463,-0.18334966099919323,-0.1963396317996861,-0.2023477476040284,0.002784038181095055
H17,"H17|lo=5;hi=Infinity|XB",XB,17108,NOINS,15086,21,-0.19736505080175495,-0.31460265798434595,0.14609571788413098,-0.20712034769306167,-0.18622203070555313,-0.19908202033019748,-0.2050632480240848,0.002784038181095055
H17,"H17|lo=5;hi=Infinity|XB",XB,17108,L10,14924,21,-0.12265626952642164,-0.09392685201057685,0.10111230233181452,-0.12982063515343606,-0.11490662857811906,-0.12487020135758524,-0.13819205356467784,0.0018091664433127848
H17,"H17|lo=5;hi=Infinity|XR",XR,17108,KILL,16940,21,-0.18591715217419097,-0.33185072384458486,0.14321133412042503,-0.1996508767935419,-0.16962577328184117,-0.18780631717883173,-0.18578322156812538,0.013872491145218418
H17,"H17|lo=5;hi=Infinity|XR",XR,17108,PRIMARY,15086,21,-0.2203331321614244,-0.3225920021741754,0.09518759114410712,-0.23012320275578635,-0.20981748025471242,-0.22247339245502226,-0.22818349529055248,0.00841840116664457
H17,"H17|lo=5;hi=Infinity|XR",XR,17108,NOINS,15086,21,-0.22278674217637603,-0.3254521352579791,0.09439215166379425,-0.2325163133034162,-0.21231177669506796,-0.22492749048761376,-0.23060470125766805,0.008352114543285166
H17,"H17|lo=5;hi=Infinity|XR",XR,17108,L10,14924,21,-0.1347505013425235,-0.11618442122734542,0.0692173679978558,-0.14505951742723616,-0.12402661164126258,-0.13708954739008056,-0.15132459279247737,0.006432591798445457
H17,"H17|lo=5;hi=Infinity|XG",XG,17108,KILL,16940,21,-0.22931964833953872,-0.32871637231978507,0.03807556080283353,-0.24075897673989166,-0.21693041377001454,-0.23117428774253337,-0.22921080417459438,0.006257378984651712
H17,"H17|lo=5;hi=Infinity|XG",XG,17108,PRIMARY,15086,21,-0.24318869880991065,-0.3305613471889779,0.040368553625878295,-0.2538476667846216,-0.2311202166269315,-0.2453515965457934,-0.2508463722915915,0.009744133633832693
H17,"H17|lo=5;hi=Infinity|XG",XG,17108,NOINS,15086,21,-0.2447006123278016,-0.33056199303065026,0.040235980379159486,-0.2553995124470738,-0.23256463619985304,-0.24686381077378625,-0.2522899792211981,0.009147554023598037
H17,"H17|lo=5;hi=Infinity|XG",XG,17108,L10,14924,21,-0.14846757464918842,-0.16641447284009941,0.03484320557491289,-0.1598081508831238,-0.1361999905018466,-0.15106733996660093,-0.166769483425826,0.008442776735459663
H07,"H07|S=0.5|XT60",XT60,20910,KILL,20685,21,0.03287397916195371,-0.16361115367394657,0.3566835871404399,0.019596357725758056,0.04617306232814776,0.03156308587685739,0.032868779560749774,0.011747643219724439
H07,"H07|S=0.5|XT60",XT60,20910,PRIMARY,14222,21,-0.09035441922200628,-0.20460941043046177,0.27309801715651805,-0.09945030247160444,-0.08047942256834481,-0.09184955962189557,-0.08974919953444059,0.005906342286598228
H07,"H07|S=0.5|XT60",XT60,20910,NOINS,14222,21,-0.09248058668213308,-0.20737585542829406,0.27126986359161864,-0.10157726253792475,-0.08262667438400241,-0.093976147420988,-0.09189001276943863,0.005906342286598228
H07,"H07|S=0.5|XT60",XT60,20910,L10,14014,21,-0.08457983283412183,-0.144781937036396,0.2199229342086485,-0.09331352886095413,-0.07509621453836055,-0.0861344728316523,-0.08681604041693308,0.00292564578278864
H07,"H07|S=0.5|XT300",XT300,20910,KILL,20685,21,-0.025220359666295367,-0.28006103178946323,0.2231085327532028,-0.038712918554525876,-0.010912936741958134,-0.02678462033305729,-0.02522585163672853,0.023108532753202803
H07,"H07|S=0.5|XT300",XT300,20910,PRIMARY,14222,21,-0.1314467724889068,-0.30235659180390806,0.1846435100548446,-0.14528684361626912,-0.11546967271789296,-0.133461772840821,-0.13215105115019538,0.014906482913795528
H07,"H07|S=0.5|XT300",XT300,20910,NOINS,14222,21,-0.1329453385070762,-0.30410710943873953,0.18422162846294474,-0.1467985020391208,-0.11696810621178269,-0.13496065500937718,-0.1336447220879131,0.014906482913795528
H07,"H07|S=0.5|XT300",XT300,20910,L10,14014,21,-0.1259667727833484,-0.22285630925390454,0.15177679463393748,-0.13457733886653275,-0.11695935431916515,-0.12796850051806025,-0.1286300479290344,0.009133723419437705
H07,"H07|S=0.5|XT1800",XT1800,20910,KILL,20685,21,-0.10058917116034269,-0.35660144271429284,0.11534928692289098,-0.11698340168977849,-0.08219163455266718,-0.10235031804257709,-0.10059813327477284,0.048827652888566594
H07,"H07|S=0.5|XT1800",XT1800,20910,PRIMARY,14222,21,-0.19490257430694796,-0.3664724252067094,0.09843903810997047,-0.21309733728209415,-0.1732461851911735,-0.19730525280227512,-0.1961128096203754,0.03993812403318802
H07,"H07|S=0.5|XT1800",XT1800,20910,NOINS,14222,21,-0.19627024544860613,-0.3678442388079018,0.09829841091267051,-0.21445048702294406,-0.17469010860439174,-0.19867321247810651,-0.19747793775075903,0.03986781043453804
H07,"H07|S=0.5|XT1800",XT1800,20910,L10,14014,21,-0.1744341871770456,-0.2842424292425966,0.07906379334950764,-0.1848849100748217,-0.1624349122357111,-0.17674472473958316,-0.17912946906732635,0.029113743399457687
H07,"H07|S=0.5|XB",XB,20910,KILL,20685,21,0.0486193564329219,-0.22110912889905976,0.4086052695189751,0.038612392280052386,0.05955754594549772,0.04835481298042045,0.04861730720191168,0.0035291273869954075
H07,"H07|S=0.5|XB",XB,20910,PRIMARY,14222,21,-0.08372714806600481,-0.26920970052227333,0.2584727886373225,-0.09130060251275,-0.07589786784880034,-0.08444314582206726,-0.08433117378286162,0.004148502320348755
H07,"H07|S=0.5|XB",XB,20910,NOINS,14222,21,-0.08628484019769081,-0.2711870098863802,0.256644635072423,-0.09388308596565963,-0.07852973763957437,-0.08699973379221669,-0.08693652907776316,0.004078188721698776
H07,"H07|S=0.5|XB",XB,20910,L10,14014,21,-0.09267830417746244,-0.20992226410569348,0.1973026973026973,-0.10129066924269194,-0.08385410785256035,-0.09369060233520107,-0.09570281302759373,0.0034965034965034965
H07,"H07|S=0.5|XR",XR,20910,KILL,20685,21,0.04579594854416742,-0.14257807661770544,0.32622673434856175,0.034428320611132344,0.057177544370755666,0.04440342974121608,0.045791472518449734,0.01696881798404641
H07,"H07|S=0.5|XR",XR,20910,PRIMARY,14222,21,-0.10739734124291989,-0.2438914855839579,0.19884685698214036,-0.11850475301396632,-0.09593666600147241,-0.10919477089347132,-0.10740088186028568,0.014343974124595697
H07,"H07|S=0.5|XR",XR,20910,NOINS,14222,21,-0.10908677772128927,-0.24689709351598538,0.1980030937983406,-0.12007561095258185,-0.09781629305885885,-0.11088456380770771,-0.10906501893657222,0.014273660525945718
H07,"H07|S=0.5|XR",XR,20910,L10,14014,21,-0.1151404024137244,-0.20543238449338697,0.15084915084915085,-0.12430011068685413,-0.10579783411625653,-0.11719422107584011,-0.11780998932881527,0.011131725417439703
H07,"H07|S=0.5|XG",XG,20910,KILL,20685,21,-0.05193640242626829,-0.3051630167653351,0.077834179357022,-0.0692587693682078,-0.03393751874624885,-0.05358965977843795,-0.05194647088622954,0.004205946337926033
H07,"H07|S=0.5|XG",XG,20910,PRIMARY,14222,21,-0.15806317025263578,-0.3053083921656487,0.07017297145267895,-0.17288309776802258,-0.14019709944703468,-0.16048584564770466,-0.15814395257862124,0.008648572633947405
H07,"H07|S=0.5|XG",XG,20910,NOINS,14222,21,-0.15977294628886626,-0.305821434558479,0.06954014906482914,-0.17416960689449193,-0.14250230185043583,-0.16219598239681432,-0.15985388026071923,0.00843763183799747
H07,"H07|S=0.5|XG",XG,20910,L10,14014,21,-0.15014769519442667,-0.25742170636413736,0.06322249179392037,-0.16025738821991806,-0.1396560996371996,-0.15253518101638228,-0.15371098572004283,0.01048951048951049
H07,"H07|S=2|XT60",XT60,10062,KILL,9953,21,0.07492969445682729,-0.12954887816526542,0.40369737767507285,0.055914660559694795,0.09246585734781369,0.07256845918422448,0.07492465196950063,0.022505777152617302
H07,"H07|S=2|XT60",XT60,10062,PRIMARY,6334,21,-0.0664742873145402,-0.17727185971073625,0.316387748658036,-0.07978782048610034,-0.05100717571926424,-0.06920540685687614,-0.06463971261850006,0.014998421218819072
H07,"H07|S=2|XT60",XT60,10062,NOINS,6334,21,-0.06810019353260162,-0.17927208358871516,0.31512472371329336,-0.08142923149791582,-0.05262534711259016,-0.07083197972679268,-0.06626919015921943,0.014682664982633407
H07,"H07|S=2|XT60",XT60,10062,L10,6356,21,-0.07563521173294975,-0.13208197713278863,0.25739458779106356,-0.08743864321025317,-0.0639995409362448,-0.0789200131028993,-0.0778538143539294,0.0062932662051604785
H07,"H07|S=2|XT300",XT300,10062,KILL,9953,21,0.013678059793990456,-0.2568317198149346,0.2728825479754848,-0.007598451799325654,0.03557385801338765,0.010754720386841799,0.013674160896926487,0.045915804280116546
H07,"H07|S=2|XT300",XT300,10062,PRIMARY,6334,21,-0.1080678572495682,-0.29960130872410884,0.23760656772971267,-0.12892790978586358,-0.08293471707457449,-0.1118676864727553,-0.10781187361506095,0.03962740764130092
H07,"H07|S=2|XT300",XT300,10062,NOINS,6334,21,-0.10902573928778224,-0.3009540277442622,0.237290811493527,-0.12990279622506481,-0.08386589258767518,-0.1128260223860582,-0.10875229742937076,0.03962740764130092
H07,"H07|S=2|XT300",XT300,10062,L10,6356,21,-0.11601331471711644,-0.2263575951345616,0.1987098804279421,-0.12993400252417994,-0.10038643189057168,-0.11992954578007865,-0.11752774928945739,0.022970421648835747
H07,"H07|S=2|XT1800",XT1800,10062,KILL,9953,21,-0.0646768185577162,-0.3833174170439282,0.15874610670149703,-0.09085655050633605,-0.035933583746715785,-0.06809057852410347,-0.06468429725063092,0.09163066412137044
H07,"H07|S=2|XT1800",XT1800,10062,PRIMARY,6334,21,-0.17249978140032907,-0.4162488041927626,0.15266814019576885,-0.19682852564492415,-0.1437479541938785,-0.17731520000478365,-0.17363786469708095,0.0898326491948216
H07,"H07|S=2|XT1800",XT1800,10062,NOINS,6334,21,-0.1734478889655942,-0.41731400008583563,0.1523523839595832,-0.1977349582435332,-0.14491465818550212,-0.17826375678469722,-0.1745833872903272,0.08967477107672876
H07,"H07|S=2|XT1800",XT1800,10062,L10,6356,21,-0.17002813900878805,-0.3244285106493021,0.1222466960352423,-0.18945790184011557,-0.14704600660147915,-0.17473184420075147,-0.17399198311743827,0.06560730018879798
H07,"H07|S=2|XB",XB,10062,KILL,9953,21,0.10059713303068009,-0.20188776677777226,0.4800562644428815,0.08379768206357334,0.11702730976748557,0.10006292656285642,0.10059463495580169,0.00874108309052547
H07,"H07|S=2|XB",XB,10062,PRIMARY,6334,21,-0.061761058252585294,-0.2661196336667324,0.29886327754973163,-0.07499785434984538,-0.04905218741753426,-0.06318649737406974,-0.06203976914751195,0.013893274392169246
H07,"H07|S=2|XB",XB,10062,NOINS,6334,21,-0.0637491639887461,-0.26760405920173724,0.29665298389643197,-0.07706710048887352,-0.05105436444143507,-0.0651723641240628,-0.06392100029937672,0.013735396274076413
H07,"H07|S=2|XB",XB,10062,L10,6356,21,-0.08102698571837576,-0.21132968442555639,0.23505349276274387,-0.09406907993703444,-0.06855417213205892,-0.08283191075180239,-0.08255250427120966,0.011013215859030838
H07,"H07|S=2|XR",XR,10062,KILL,9953,21,0.08065532524552914,-0.11043341127307099,0.373656184065106,0.05920444200416087,0.10066965644953627,0.07820294727411263,0.08065180697885724,0.03637094343414046
H07,"H07|S=2|XR",XR,10062,PRIMARY,6334,21,-0.08532692244955527,-0.2330287195058417,0.23381749289548467,-0.09625093658875873,-0.07270625335593099,-0.08808457144978561,-0.08402885326194316,0.03725923586990843
H07,"H07|S=2|XR",XR,10062,NOINS,6334,21,-0.08708110115670727,-0.2357456997583954,0.23255446795074203,-0.09805830565007714,-0.07434364246230321,-0.08983958137170328,-0.08576554900325435,0.03725923586990843
H07,"H07|S=2|XR",XR,10062,L10,6356,21,-0.10207225654589429,-0.20004275147444545,0.18612334801762115,-0.11268447272608556,-0.09140067173060576,-0.10487340416004531,-0.10381574771840314,0.02658904971680302
H07,"H07|S=2|XG",XG,10062,KILL,9953,21,-0.008752547733450291,-0.30592562559076664,0.10901235808299005,-0.03299488779838614,0.01584478748679909,-0.011991315797370375,-0.008763130388678056,0.007434944237918215
H07,"H07|S=2|XG",XG,10062,PRIMARY,6334,21,-0.13021134352154481,-0.30646228067449305,0.105462582886012,-0.14871016049131397,-0.10743022889594331,-0.13463226999132433,-0.1289985491176349,0.017050836754025894
H07,"H07|S=2|XG",XG,10062,NOINS,6334,21,-0.13139460047394283,-0.30687285538154924,0.1049889485317335,-0.14959433574778547,-0.10858140243123335,-0.13581608128852296,-0.1301387349074681,0.016577202399747394
H07,"H07|S=2|XG",XG,10062,L10,6356,21,-0.13279752667462674,-0.2667474548041193,0.08904971680302076,-0.15045311970644523,-0.11311710948476138,-0.1374151852436086,-0.13392212635851744,0.019666456891126494
H07,"H07|S=0.5;mirror=true|XT1800",XT1800,20910,KILL,20685,21,0.058983791811098786,-0.09565431570568629,0.3423253565385545,0.04750026154754295,0.0701112798792783,0.05724579157275357,0.05898142477377004,0.01696881798404641
H07,"H07|S=0.5;mirror=true|XT1800",XT1800,20910,PRIMARY,14222,21,-0.10678189913967755,-0.20212198317437302,0.1863310364224441,-0.11848898094283966,-0.0930919656039977,-0.1091086068452775,-0.10706275264380215,0.014836169315145548
H07,"H07|S=0.5;mirror=true|XT1800",XT1800,20910,NOINS,14222,21,-0.10910318900631133,-0.2052281937104019,0.18485445085079455,-0.12077333738049556,-0.09542279623298304,-0.11143038644412971,-0.10940118276615808,0.01476585571649557
H07,"H07|S=0.5;mirror=true|XT1800",XT1800,20910,L10,14014,21,-0.13509783975549908,-0.1981820501098887,0.1236620522334808,-0.14226440206237995,-0.12649253889955409,-0.1373113434815194,-0.13676051800520653,0.0136292279149422
H07,"H07|S=2;mirror=true|XT1800",XT1800,10062,KILL,9953,21,0.08674994272906533,-0.0961842495398239,0.3699387119461469,0.06512354959911028,0.10708654476415558,0.08393835600301847,0.08674970330630642,0.03817944338390435
H07,"H07|S=2;mirror=true|XT1800",XT1800,10062,PRIMARY,6334,21,-0.08581712383794561,-0.20154068250563234,0.22134512156615094,-0.10050700675452093,-0.06913681865226357,-0.08986475076865157,-0.08426906816752788,0.03899589516892959
H07,"H07|S=2;mirror=true|XT1800",XT1800,10062,NOINS,6334,21,-0.08765422361613773,-0.2042916700316591,0.2197663403852226,-0.10223438271806362,-0.07109737872320619,-0.0917027210340208,-0.08611983277511055,0.038838017050836754
H07,"H07|S=2;mirror=true|XT1800",XT1800,10062,L10,6356,21,-0.13315442441297232,-0.20904237217273605,0.15685966016362493,-0.1495881697674657,-0.1149024756338512,-0.13716822050079686,-0.13420017164756906,0.03130899937067338
